
> tactile-presentation-prototype@0.1.0 dev
> vite --host 127.0.0.1 --port 4173


  [32m[1mVITE[22m v6.1.0[39m  [2mready in [0m[1m681[22m[2m[0m ms[22m

  [32m➜[39m  [1mLocal[22m:   [36mhttp://127.0.0.1:[1m4173[22m/[39m
[2m[32m  ➜[39m[22m[2m  press [22m[1mh + enter[22m[2m to show help[22m
[2m15:51:12[22m [36m[1m[vite][22m[39m [90m[2m(client)[22m[39m [32mhmr update [39m[2m/src/App.tsx[22m
[2m15:52:49[22m [36m[1m[vite][22m[39m [90m[2m(client)[22m[39m [32mhmr update [39m[2m/src/App.tsx[22m
[2m16:02:51[22m [36m[1m[vite][22m[39m [90m[2m(client)[22m[39m [32mhmr update [39m[2m/src/App.tsx[22m
[2m16:04:46[22m [36m[1m[vite][22m[39m [90m[2m(client)[22m[39m [32mhmr update [39m[2m/src/App.tsx[22m
[2m16:15:46[22m [36m[1m[vite][22m[39m [90m[2m(client)[22m[39m [32mhmr update [39m[2m/src/App.tsx[22m
[2m16:20:18[22m [36m[1m[vite][22m[39m [90m[2m(client)[22m[39m [32mhmr update [39m[2m/src/App.tsx[22m
[2m16:32:11[22m [36m[1m[vite][22m[39m [90m[2m(client)[22m[39m [32mhmr update [39m[2m/src/App.tsx[22m
[2m16:32:11[22m [31m[1m[vite][22m[39m [31mInternal server error: D:\其他\研究生事务\综合考试\综合考试论文or博士论文模板\tactile-presentation-prototype\src\App.tsx: Expected corresponding JSX closing tag for <section>. (973:2858)

[0m [90m 971 |[31m   }
 [90m 972 |[31m   [36mconst[31m current [33m=[31m data[layer]
[31m[1m>[22m[31m[90m 973 |[31m   [36mreturn[31m [33m<[31m[33mSlideFrame[31m metaIndex[33m=[31m{[35m15[31m}[33m>[31m[33m<[31m[33mdiv[31m className[33m=[31m[32m"future-social-layout"[31m[33m>[31m[33m<[31m[33maside[31m className[33m=[31m[32m"future-social-sidebar"[31m[33m>[31m[33m<[31m[33mdiv[31m className[33m=[31m[32m"future-social-thesis"[31m[33m>[31m[33m<[31m[33mspan[31m[33m>[31m[35m4.7[31m [33m/[31m [33mHUMAN[31m ↔ [33mROBOT[31m[33m<[31m[33m/[31m[33mspan[31m[33m>[31m[33m<[31m[33mstrong[31m[33m>[31m触觉不再只是机器人理解世界的输入，也成为人与机器共同调节行为的双向语言。[33m<[31m[33m/[31m[33mstrong[31m[33m>[31m[33m<[31m[33m/[31m[33mdiv[31m[33m>[31m[33m<[31m[33mnav[31m className[33m=[31m[32m"future-social-tabs"[31m aria[33m-[31mlabel[33m=[31m[32m"4.7 技术主题"[31m[33m>[31m{([33mObject[31m[33m.[31mkeys(data) [36mas[31m [33mSocialLayer[31m[])[33m.[31mmap((key[33m,[31m i) [33m=>[31m [33m<[31m[33mbutton[31m key[33m=[31m{key} aria[33m-[31mselected[33m=[31m{layer [33m===[31m key} className[33m=[31m{layer [33m===[31m key [33m?[31m [32m`active tone-${data[key].tone}`[31m [33m:[31m [32m''[31m} onClick[33m=[31m{() [33m=>[31m setLayer(key)}[33m>[31m[33m<[31m[33mb[31m[33m>[31m[35m0[31m{i [33m+[31m [35m1[31m}[33m<[31m[33m/[31m[33mb[31m[33m>[31m[33m<[31m[33mspan[31m[33m>[31m{data[key][33m.[31mlabel}[33m<[31m[33m/[31m[33mspan[31m[33m>[31m[33m<[31m[33msmall[31m[33m>[31m{data[key][33m.[31men}[33m<[31m[33m/[31m[33msmall[31m[33m>[31m[33m<[31m[33m/[31m[33mbutton[31m[33m>[31m)}[33m<[31m[33m/[31m[33mnav[31m[33m>[31m[33m<[31m[33msection[31m className[33m=[31m{[32m`future-social-detail tone-${current.tone}`[31m}[33m>[31m[33m<[31m[33mdiv[31m className[33m=[31m[32m"future-social-detail-head"[31m[33m>[31m[33m<[31m[33mspan[31m[33m>[31m[35m0[31m{([33mObject[31m[33m.[31mkeys(data) [36mas[31m [33mSocialLayer[31m[])[33m.[31mindexOf(layer) [33m+[31m [35m1[31m}[33m<[31m[33m/[31m[33mspan[31m[33m>[31m[33m<[31m[33mdiv[31m[33m>[31m[33m<[31m[33msmall[31m[33m>[31m{current[33m.[31men}[33m<[31m[33m/[31m[33msmall[31m[33m>[31m[33m<[31m[33mh2[31m[33m>[31m{current[33m.[31mtitle}[33m<[31m[33m/[31m[33mh2[31m[33m>[31m[33m<[31m[33m/[31m[33mdiv[31m[33m>[31m[33m<[31m[33m/[31m[33mdiv[31m[33m>[31m[33m<[31m[33mp[31m[33m>[31m{current[33m.[31mlead}[33m<[31m[33m/[31m[33mp[31m[33m>[31m[33m<[31m[33mul[31m[33m>[31m{current[33m.[31mpoints[33m.[31mmap((point[33m,[31m index) [33m=>[31m [33m<[31m[33mli[31m key[33m=[31m{[32m`${index}-${point}`[31m}[33m>[31m{point}[33m<[31m[33m/[31m[33mli[31m[33m>[31m)}[33m<[31m[33m/[31m[33mul[31m[33m>[31m[33m<[31m[35m/section><p className="future-social-note"><i/[31m[33m>[31m社会触觉 · 远程触觉 · 协作交接 · 同意与退出[33m<[31m[33m/[31m[33mp[31m[33m>[31m[33m<[31m[33m/[31m[33maside[31m[33m>[31m[33m<[31m[33msection[31m className[33m=[31m[32m"future-social-canvas"[31m aria[33m-[31mlabel[33m=[31m[32m"双向人机触觉闭环"[31m[33m>[31m[33m<[31m[33mdiv[31m className[33m=[31m[32m"social-canvas-header"[31m[33m>[31m[33m<[31m[33mspan[31m[33m>[31m[33mHUMAN[31m ↔ [33mEMBODIED[31m [33mAGENT[31m[33m<[31m[33m/[31m[33mspan[31m[33m>[31m[33m<[31m[33mstrong[31m[33m>[31m感知 — 解释 — 表达 — 再确认[33m<[31m[33m/[31m[33mstrong[31m[33m>[31m[33m<[31m[33m/[31m[33mdiv[31m[33m>[31m[33m<[31m[33mdiv[31m className[33m=[31m[32m"social-loop"[31m[33m>[31m[33m<[31m[33mdiv[31m className[33m=[31m[32m"social-domain social-cooperation-domain"[31m[33m>[31m[33m<[31m[33mdiv[31m className[33m=[31m[32m"social-domain-label"[31m[33m>[31m[33m<[31m[33mspan[31m[33m>[31m[33mDOMAIN[31m [33mA[31m [33m/[31m [33mEMBODIED[31m [33mCOOPERATION[31m[33m<[31m[33m/[31m[33mspan[31m[33m>[31m[33m<[31m[33mstrong[31m[33m>[31m[33m?[31m[33m?[31m[33m?[31m[33m?[31m[33m?[31m[33m?[31m[33m?[31m[33m?[31m[33m?[31m[33m?[31m[33m?[31m[33m?[31m[33m?[31m[33m?[31m[33m?[31m[33m?[31m[33m?[31m[33m?[31m[33m<[31m[33m/[31m[33mstrong[31m[33m>[31m[33m<[31m[33m/[31m[33mdiv[31m[33m>[31m[33m<[31m[33mdiv[31m className[33m=[31m[32m"social-domain-flow"[31m[33m>[31m[33m<[31m[33mdiv[31m className[33m=[31m[32m"social-person social-human"[31m[33m>[31m[33m<[31m[33mspan[31m[33m>[31m[33m?[31m[33m<[31m[35m/span><strong>?? /[31m [33m?[31m[33m?[31m[33m<[31m[33m/[31m[33mstrong[31m[33m>[31m[33m<[31m[33msmall[31m[33m>[31m[33m?[31m[33m?[31m [33m?[31m [33m?[31m[33m?[31m [33m?[31m [33m?[31m[33m?[31m [33m?[31m [33m?[31m[33m?[31m[33m<[31m[33m/[31m[33msmall[31m[33m>[31m[33m<[31m[33m/[31m[33mdiv[31m[33m>[31m[33m<[31m[33mi[31m className[33m=[31m[32m"social-domain-arrow social-link-cyan"[31m[33m>[31m[33m?[31m[33m<[31m[33m/[31m[33mi[31m[33m>[31m[33m<[31m[33mdiv[31m className[33m=[31m[32m"social-node social-understand"[31m[33m>[31m[33m<[31m[33mspan[31m[33m>[31m[35m01[31m[33m<[31m[33m/[31m[33mspan[31m[33m>[31m[33m<[31m[33mstrong[31m[33m>[31m[33m?[31m[33m?[31m[33m<[31m[33m/[31m[33mstrong[31m[33m>[31m[33m<[31m[33msmall[31m[33m>[31m[33m?[31m[33m?[31m [33m?[31m [33m?[31m[33m?[31m [33m?[31m [33m?[31m[33m?[31m[33m?[31m[33m?[31m[33m<[31m[33m/[31m[33msmall[31m[33m>[31m[33m<[31m[33m/[31m[33mdiv[31m[33m>[31m[33m<[31m[33mi[31m className[33m=[31m[32m"social-domain-arrow social-link-cyan"[31m[33m>[31m[33m?[31m[33m<[31m[33m/[31m[33mi[31m[33m>[31m[33m<[31m[33mdiv[31m className[33m=[31m[32m"social-node social-plan"[31m[33m>[31m[33m<[31m[33mspan[31m[33m>[31m[35m02[31m[33m<[31m[33m/[31m[33mspan[31m[33m>[31m[33m<[31m[33mstrong[31m[33m>[31m[33m?[31m[33m?[31m[33m<[31m[33m/[31m[33mstrong[31m[33m>[31m[33m<[31m[33msmall[31m[33m>[31m[33m?[31m[33m?[31m[33m?[31m[33m?[31m [33m?[31m [33m?[31m[33m?[31m [33m?[31m [33m?[31m[33m?[31m[33m?[31m[33m?[31m[33m<[31m[33m/[31m[33msmall[31m[33m>[31m[33m<[31m[33m/[31m[33mdiv[31m[33m>[31m[33m<[31m[33mi[31m className[33m=[31m[32m"social-domain-arrow social-link-cyan"[31m[33m>[31m[33m?[31m[33m<[31m[33m/[31m[33mi[31m[33m>[31m[33m<[31m[33mdiv[31m className[33m=[31m[32m"social-person social-robot"[31m[33m>[31m[33m<[31m[33mspan[31m[33m>[31m[33m?[31m[33m?[31m[33m?[31m[33m?[31m[33m?[31m[33m<[31m[35m/span><strong>?? /[31m [33m?[31m[33m?[31m[33m<[31m[33m/[31m[33mstrong[31m[33m>[31m[33m<[31m[33msmall[31m[33m>[31m[33m?[31m[33m?[31m [33m?[31m [33m?[31m[33m?[31m [33m?[31m [33m?[31m[33m?[31m [33m?[31m [33m?[31m[33m?[31m[33m<[31m[33m/[31m[33msmall[31m[33m>[31m[33m<[31m[33m/[31m[33mdiv[31m[33m>[31m[33m<[31m[33m/[31m[33mdiv[31m[33m>[31m[33m<[31m[33m/[31m[33mdiv[31m[33m>[31m[33m<[31m[33mdiv[31m className[33m=[31m[32m"social-domain social-communication-domain"[31m[33m>[31m[33m<[31m[33mdiv[31m className[33m=[31m[32m"social-domain-label"[31m[33m>[31m[33m<[31m[33mspan[31m[33m>[31m[33mDOMAIN[31m [33mB[31m [33m/[31m [33mHAPTIC[31m [33mCOMMUNICATION[31m [33m&[31mamp[33m;[31m [33mDISPLAY[31m[33m<[31m[33m/[31m[33mspan[31m[33m>[31m[33m<[31m[33mstrong[31m[33m>[31m[33m?[31m[33m?[31m[33m?[31m[33m?[31m[33m?[31m[33m?[31m[33m?[31m[33m?[31m[33m?[31m[33m?[31m[33m?[31m[33m?[31m[33m?[31m[33m?[31m[33m?[31m[33m?[31m[33m?[31m[33m?[31m[33m?[31m[33m?[31m[33m<[31m[33m/[31m[33mstrong[31m[33m>[31m[33m<[31m[33m/[31m[33mdiv[31m[33m>[31m[33m<[31m[33mdiv[31m className[33m=[31m[32m"social-domain-flow"[31m[33m>[31m[33m<[31m[33mdiv[31m className[33m=[31m[32m"social-node social-source"[31m[33m>[31m[33m<[31m[33mspan[31m[33m>[31m[33m?[31m[33m?[31m[33m?[31m[33m<[31m[35m/span><strong>???? /[31m [33m?[31m[33m?[31m[33m?[31m[33m?[31m[33m?[31m[33m<[31m[33m/[31m[33mstrong[31m[33m>[31m[33m<[31m[33msmall[31m[33m>[31m[33m?[31m[33m?[31m [33m?[31m [33m?[31m[33m?[31m [33m?[31m [33m?[31m[33m?[31m[33m?[31m[33m?[31m[33m<[31m[33m/[31m[33msmall[31m[33m>[31m[33m<[31m[33m/[31m[33mdiv[31m[33m>[31m[33m<[31m[33mi[31m className[33m=[31m[32m"social-domain-arrow social-link-violet"[31m[33m>[31m[33m?[31m[33m<[31m[33m/[31m[33mi[31m[33m>[31m[33m<[31m[33mdiv[31m className[33m=[31m[32m"social-node social-render"[31m[33m>[31m[33m<[31m[33mspan[31m[33m>[31m[33m?[31m[33m?[31m[33m?[31m[33m?[31m[33m?[31m[33m<[31m[35m/span><strong>???? /[31m [33m?[31m[33m?[31m[33m<[31m[33m/[31m[33mstrong[31m[33m>[31m[33m<[31m[33msmall[31m[33m>[31m[33m?[31m [33m?[31m [33m?[31m[33m?[31m [33m?[31m [33m?[31m[33m?[31m [33m?[31m [33m?[31m[33m?[31m [33m?[31m [33m?[31m[33m?[31m[33m<[31m[33m/[31m[33msmall[31m[33m>[31m[33m<[31m[33m/[31m[33mdiv[31m[33m>[31m[33m<[31m[33mi[31m className[33m=[31m[32m"social-domain-arrow social-link-violet"[31m[33m>[31m[33m?[31m[33m<[31m[33m/[31m[33mi[31m[33m>[31m[33m<[31m[33mdiv[31m className[33m=[31m[32m"social-node social-receiver"[31m[33m>[31m[33m<[31m[33mspan[31m[33m>[31m[33m?[31m[33m?[31m[33m?[31m[33m<[31m[35m/span><strong>???? /[31m [33m?[31m[33m?[31m[33m?[31m[33m?[31m[33m?[31m[33m<[31m[33m/[31m[33mstrong[31m[33m>[31m[33m<[31m[33msmall[31m[33m>[31m[33m?[31m[33m?[31m[33m?[31m [33m?[31m [33m?[31m[33m?[31m [33m?[31m [33m?[31m[33m?[31m[33m?[31m[33m<[31m[33m/[31m[33msmall[31m[33m>[31m[33m<[31m[33m/[31m[33mdiv[31m[33m>[31m[33m<[31m[33m/[31m[33mdiv[31m[33m>[31m[33m<[31m[33m/[31m[33mdiv[31m[33m>[31m[33m<[31m[33m/[31m[33mdiv[31m[33m>[31m[33m<[31m[33m/[31m[33mdiv[31m[33m>[31m[33m<[31m[33mdiv[31m className[33m=[31m[32m"social-guardrail"[31m[33m>[31m[33m<[31m[33mspan[31m[33m>[31m不可越过的底线[33m<[31m[33m/[31m[33mspan[31m[33m>[31m[33m<[31m[33mstrong[31m[33m>[31m持续同意 · 实时撤回 · 保守降级[33m<[31m[33m/[31m[33mstrong[31m[33m>[31m[33m<[31m[33msmall[31m[33m>[31m任何社会语义推理，都不能延迟碰撞、夹伤和过载的安全响应。[33m<[31m[33m/[31m[33msmall[31m[33m>[31m[33m<[31m[33m/[31m[33mdiv[31m[33m>[31m[33m<[31m[33mdiv[31m className[33m=[31m[32m"social-eval-strip"[31m[33m>[31m[33m<[31m[33mdiv[31m[33m>[31m[33m<[31m[33mspan[31m[33m>[31m评价闭环[33m<[31m[33m/[31m[33mspan[31m[33m>[31m[33m<[31m[33mstrong[31m[33m>[31m从“能不能识别”走向“是否安全、舒适、合规、可迁移”[33m<[31m[33m/[31m[33mstrong[31m[33m>[31m[33m<[31m[33m/[31m[33mdiv[31m[33m>[31m[33m<[31m[33mb[31m[33m>[31m物理安全[33m<[31m[33m/[31m[33mb[31m[33m>[31m[33m<[31m[33mb[31m[33m>[31m意图与阶段[33m<[31m[33m/[31m[33mb[31m[33m>[31m[33m<[31m[33mb[31m[33m>[31m舒适 [33m/[31m 信任[33m<[31m[33m/[31m[33mb[31m[33m>[31m[33m<[31m[33mb[31m[33m>[31m跨人群与长期[33m<[31m[33m/[31m[33mb[31m[33m>[31m[33m<[31m[33m/[31m[33mdiv[31m[33m>[31m[33m<[31m[33m/[31m[33msection[31m[33m>[31m[33m<[31m[33m/[31m[33mdiv[31m[33m>[31m[33m<[31m[33m/[31m[33mSlideFrame[31m[33m>[31m
 [90m     |[31m                                                                                                                                                                                                                                                                                                                                                                                                                                                                                                                                                                                                                                                                                                                                                                                                                                                                                                                                                                                                                                                                                                                                                                                                                                                                                                                                                                                                                                                                                                                                                                                                                                                                                                                                                                                                                                                                                                                                                                                                                                                                                                                                                                                                                                                                                                                                                                                                                                                                                                                                                                                                                                                                                                                                                                                                                                                                                                                                                                           [31m[1m^[22m[31m
 [90m 974 |[31m }
 [90m 975 |[31m
 [90m 976 |[31m [36mconst[31m renderers [33m=[31m [[33mValueSlide[31m[33m,[31m [33mUniquenessSlide[31m[33m,[31m [33mFrontierSlide[31m[33m,[31m [33mOutlineSlide[31m[33m,[31m [33mTactileContentSlide[31m[33m,[31m [33mSensorMapSlide[31m[33m,[31m [33mPipelineSlide[31m[33m,[31m [33mFusionSlide[31m[33m,[31m [33mTaskValueSlide[31m[33m,[31m [33mChallengeSlide[31m[33m,[31m [33mFutureSlide[31m[33m,[31m [33mFutureCapabilitySlide[31m[33m,[31m [33mFutureEdgeSlide[31m[33m,[31m [33mFutureBrainSlide[31m[33m,[31m [33mFutureDynamicSlide[31m[33m,[31m [33mFutureSocialSlide[31m][0m[39m
  Plugin: [35mvite:react-babel[39m
  File: [36mD:/其他/研究生事务/综合考试/综合考试论文or博士论文模板/tactile-presentation-prototype/src/App.tsx[39m:973:2858
[33m  981|      <aside className={`evidence-drawer ${open ? 'open' : ''}`} aria-hidden={!open} aria-label="证据与来源">
  982|        <div className="drawer-head">
  983|          <div><span>EVIDENCE / SOURCE</span><h2>证据与来源</h2></div>
     |                                                 ^
  984|          <button className="icon-button" onClick={onClose} aria-label="关闭证据面板"><Icon name="close" /></button>
  985|        </div>[39m
      at constructor (D:\其他\研究生事务\综合考试\综合考试论文or博士论文模板\tactile-presentation-prototype\node_modules\@babel\parser\lib\index.js:369:19)
      at TypeScriptParserMixin.raise (D:\其他\研究生事务\综合考试\综合考试论文or博士论文模板\tactile-presentation-prototype\node_modules\@babel\parser\lib\index.js:6622:19)
      at TypeScriptParserMixin.jsxParseElementAt (D:\其他\研究生事务\综合考试\综合考试论文or博士论文模板\tactile-presentation-prototype\node_modules\@babel\parser\lib\index.js:4745:16)
      at TypeScriptParserMixin.jsxParseElementAt (D:\其他\研究生事务\综合考试\综合考试论文or博士论文模板\tactile-presentation-prototype\node_modules\@babel\parser\lib\index.js:4716:32)
      at TypeScriptParserMixin.jsxParseElementAt (D:\其他\研究生事务\综合考试\综合考试论文or博士论文模板\tactile-presentation-prototype\node_modules\@babel\parser\lib\index.js:4716:32)
      at TypeScriptParserMixin.jsxParseElement (D:\其他\研究生事务\综合考试\综合考试论文or博士论文模板\tactile-presentation-prototype\node_modules\@babel\parser\lib\index.js:4767:17)
      at TypeScriptParserMixin.parseExprAtom (D:\其他\研究生事务\综合考试\综合考试论文or博士论文模板\tactile-presentation-prototype\node_modules\@babel\parser\lib\index.js:4777:19)
      at TypeScriptParserMixin.parseExprSubscripts (D:\其他\研究生事务\综合考试\综合考试论文or博士论文模板\tactile-presentation-prototype\node_modules\@babel\parser\lib\index.js:11107:23)
      at TypeScriptParserMixin.parseUpdate (D:\其他\研究生事务\综合考试\综合考试论文or博士论文模板\tactile-presentation-prototype\node_modules\@babel\parser\lib\index.js:11092:21)
      at TypeScriptParserMixin.parseMaybeUnary (D:\其他\研究生事务\综合考试\综合考试论文or博士论文模板\tactile-presentation-prototype\node_modules\@babel\parser\lib\index.js:11072:23)
      at TypeScriptParserMixin.parseMaybeUnary (D:\其他\研究生事务\综合考试\综合考试论文or博士论文模板\tactile-presentation-prototype\node_modules\@babel\parser\lib\index.js:9860:18)
      at TypeScriptParserMixin.parseMaybeUnaryOrPrivate (D:\其他\研究生事务\综合考试\综合考试论文or博士论文模板\tactile-presentation-prototype\node_modules\@babel\parser\lib\index.js:10925:61)
      at TypeScriptParserMixin.parseExprOps (D:\其他\研究生事务\综合考试\综合考试论文or博士论文模板\tactile-presentation-prototype\node_modules\@babel\parser\lib\index.js:10930:23)
      at TypeScriptParserMixin.parseMaybeConditional (D:\其他\研究生事务\综合考试\综合考试论文or博士论文模板\tactile-presentation-prototype\node_modules\@babel\parser\lib\index.js:10907:23)
      at TypeScriptParserMixin.parseMaybeAssign (D:\其他\研究生事务\综合考试\综合考试论文or博士论文模板\tactile-presentation-prototype\node_modules\@babel\parser\lib\index.js:10857:21)
      at D:\其他\研究生事务\综合考试\综合考试论文or博士论文模板\tactile-presentation-prototype\node_modules\@babel\parser\lib\index.js:9798:39
      at TypeScriptParserMixin.tryParse (D:\其他\研究生事务\综合考试\综合考试论文or博士论文模板\tactile-presentation-prototype\node_modules\@babel\parser\lib\index.js:6930:20)
      at TypeScriptParserMixin.parseMaybeAssign (D:\其他\研究生事务\综合考试\综合考试论文or博士论文模板\tactile-presentation-prototype\node_modules\@babel\parser\lib\index.js:9798:18)
      at TypeScriptParserMixin.parseExpressionBase (D:\其他\研究生事务\综合考试\综合考试论文or博士论文模板\tactile-presentation-prototype\node_modules\@babel\parser\lib\index.js:10810:23)
      at D:\其他\研究生事务\综合考试\综合考试论文or博士论文模板\tactile-presentation-prototype\node_modules\@babel\parser\lib\index.js:10806:39
      at TypeScriptParserMixin.allowInAnd (D:\其他\研究生事务\综合考试\综合考试论文or博士论文模板\tactile-presentation-prototype\node_modules\@babel\parser\lib\index.js:12455:16)
      at TypeScriptParserMixin.parseExpression (D:\其他\研究生事务\综合考试\综合考试论文or博士论文模板\tactile-presentation-prototype\node_modules\@babel\parser\lib\index.js:10806:17)
      at TypeScriptParserMixin.parseReturnStatement (D:\其他\研究生事务\综合考试\综合考试论文or博士论文模板\tactile-presentation-prototype\node_modules\@babel\parser\lib\index.js:13176:28)
      at TypeScriptParserMixin.parseStatementContent (D:\其他\研究生事务\综合考试\综合考试论文or博士论文模板\tactile-presentation-prototype\node_modules\@babel\parser\lib\index.js:12832:21)
      at TypeScriptParserMixin.parseStatementContent (D:\其他\研究生事务\综合考试\综合考试论文or博士论文模板\tactile-presentation-prototype\node_modules\@babel\parser\lib\index.js:9531:18)
      at TypeScriptParserMixin.parseStatementLike (D:\其他\研究生事务\综合考试\综合考试论文or博士论文模板\tactile-presentation-prototype\node_modules\@babel\parser\lib\index.js:12801:17)
      at TypeScriptParserMixin.parseStatementListItem (D:\其他\研究生事务\综合考试\综合考试论文or博士论文模板\tactile-presentation-prototype\node_modules\@babel\parser\lib\index.js:12781:17)
      at TypeScriptParserMixin.parseBlockOrModuleBlockBody (D:\其他\研究生事务\综合考试\综合考试论文or博士论文模板\tactile-presentation-prototype\node_modules\@babel\parser\lib\index.js:13350:61)
      at TypeScriptParserMixin.parseBlockBody (D:\其他\研究生事务\综合考试\综合考试论文or博士论文模板\tactile-presentation-prototype\node_modules\@babel\parser\lib\index.js:13343:10)
      at TypeScriptParserMixin.parseBlock (D:\其他\研究生事务\综合考试\综合考试论文or博士论文模板\tactile-presentation-prototype\node_modules\@babel\parser\lib\index.js:13331:10)
      at TypeScriptParserMixin.parseFunctionBody (D:\其他\研究生事务\综合考试\综合考试论文or博士论文模板\tactile-presentation-prototype\node_modules\@babel\parser\lib\index.js:12134:24)
      at TypeScriptParserMixin.parseFunctionBodyAndFinish (D:\其他\研究生事务\综合考试\综合考试论文or博士论文模板\tactile-presentation-prototype\node_modules\@babel\parser\lib\index.js:12120:10)
      at TypeScriptParserMixin.parseFunctionBodyAndFinish (D:\其他\研究生事务\综合考试\综合考试论文or博士论文模板\tactile-presentation-prototype\node_modules\@babel\parser\lib\index.js:9195:18)
      at D:\其他\研究生事务\综合考试\综合考试论文or博士论文模板\tactile-presentation-prototype\node_modules\@babel\parser\lib\index.js:13479:12
      at TypeScriptParserMixin.withSmartMixTopicForbiddingContext (D:\其他\研究生事务\综合考试\综合考试论文or博士论文模板\tactile-presentation-prototype\node_modules\@babel\parser\lib\index.js:12437:14)
      at TypeScriptParserMixin.parseFunction (D:\其他\研究生事务\综合考试\综合考试论文or博士论文模板\tactile-presentation-prototype\node_modules\@babel\parser\lib\index.js:13478:10)
      at TypeScriptParserMixin.parseFunctionStatement (D:\其他\研究生事务\综合考试\综合考试论文or博士论文模板\tactile-presentation-prototype\node_modules\@babel\parser\lib\index.js:13159:17)
      at TypeScriptParserMixin.parseStatementContent (D:\其他\研究生事务\综合考试\综合考试论文or博士论文模板\tactile-presentation-prototype\node_modules\@babel\parser\lib\index.js:12825:21)
      at TypeScriptParserMixin.parseStatementContent (D:\其他\研究生事务\综合考试\综合考试论文or博士论文模板\tactile-presentation-prototype\node_modules\@babel\parser\lib\index.js:9531:18)
      at TypeScriptParserMixin.parseStatementLike (D:\其他\研究生事务\综合考试\综合考试论文or博士论文模板\tactile-presentation-prototype\node_modules\@babel\parser\lib\index.js:12801:17)
      at TypeScriptParserMixin.parseModuleItem (D:\其他\研究生事务\综合考试\综合考试论文or博士论文模板\tactile-presentation-prototype\node_modules\@babel\parser\lib\index.js:12778:17)
      at TypeScriptParserMixin.parseBlockOrModuleBlockBody (D:\其他\研究生事务\综合考试\综合考试论文or博士论文模板\tactile-presentation-prototype\node_modules\@babel\parser\lib\index.js:13350:36)
      at TypeScriptParserMixin.parseBlockBody (D:\其他\研究生事务\综合考试\综合考试论文or博士论文模板\tactile-presentation-prototype\node_modules\@babel\parser\lib\index.js:13343:10)
      at TypeScriptParserMixin.parseProgram (D:\其他\研究生事务\综合考试\综合考试论文or博士论文模板\tactile-presentation-prototype\node_modules\@babel\parser\lib\index.js:12656:10)
      at TypeScriptParserMixin.parseTopLevel (D:\其他\研究生事务\综合考试\综合考试论文or博士论文模板\tactile-presentation-prototype\node_modules\@babel\parser\lib\index.js:12646:25)
      at TypeScriptParserMixin.parse (D:\其他\研究生事务\综合考试\综合考试论文or博士论文模板\tactile-presentation-prototype\node_modules\@babel\parser\lib\index.js:14522:25)
      at TypeScriptParserMixin.parse (D:\其他\研究生事务\综合考试\综合考试论文or博士论文模板\tactile-presentation-prototype\node_modules\@babel\parser\lib\index.js:10149:18)
      at parse (D:\其他\研究生事务\综合考试\综合考试论文or博士论文模板\tactile-presentation-prototype\node_modules\@babel\parser\lib\index.js:14556:38)
      at parser (D:\其他\研究生事务\综合考试\综合考试论文or博士论文模板\tactile-presentation-prototype\node_modules\@babel\core\lib\parser\index.js:41:34)
      at parser.next (<anonymous>)
[2m16:33:00[22m [36m[1m[vite][22m[39m [90m[2m(client)[22m[39m [32mhmr update [39m[2m/src/styles.css[22m
[2m16:34:47[22m [36m[1m[vite][22m[39m [90m[2m(client)[22m[39m [32mhmr update [39m[2m/src/App.tsx[22m
[2m16:37:29[22m [36m[1m[vite][22m[39m [90m[2m(client)[22m[39m [32mhmr update [39m[2m/src/App.tsx[22m
[2m16:39:40[22m [36m[1m[vite][22m[39m [90m[2m(client)[22m[39m [32mhmr update [39m[2m/src/App.tsx[22m
[2m16:47:49[22m [36m[1m[vite][22m[39m [90m[2m(client)[22m[39m [32mhmr update [39m[2m/src/App.tsx[22m
[2m16:47:50[22m [31m[1m[vite][22m[39m [31mInternal server error: D:\其他\研究生事务\综合考试\综合考试论文or博士论文模板\tactile-presentation-prototype\src\App.tsx: Adjacent JSX elements must be wrapped in an enclosing tag. Did you want a JSX fragment <>...</>? (986:10)

[0m [90m 984 |[31m           {layer [33m!==[31m [32m'ethics'[31m [33m&&[31m (
 [90m 985 |[31m           [33m<[31m[33mdiv[31m className[33m=[31m[32m"social-domain social-cooperation-domain"[31m[33m>[31m[33m<[31m[33mdiv[31m className[33m=[31m[32m"social-domain-label"[31m[33m>[31m[33m<[31m[33mspan[31m[33m>[31m[33mDOMAIN[31m [33mA[31m [33m/[31m [33mEMBODIED[31m [33mCOOPERATION[31m[33m<[31m[33m/[31m[33mspan[31m[33m>[31m[33m<[31m[33mstrong[31m[33m>[31m协同接触：理解人的意图，共同完成动作[33m<[31m[33m/[31m[33mstrong[31m[33m>[31m[33m<[31m[33m/[31m[33mdiv[31m[33m>[31m[33m<[31m[33mdiv[31m className[33m=[31m[32m"social-domain-flow"[31m[33m>[31m[33m<[31m[33mdiv[31m className[33m=[31m[32m"social-person social-human"[31m[33m>[31m[33m<[31m[33mspan[31m[33m>[31m人[33m<[31m[33m/[31m[33mspan[31m[33m>[31m[33m<[31m[33mstrong[31m[33m>[31m接触 [33m/[31m 意图[33m<[31m[33m/[31m[33mstrong[31m[33m>[31m[33m<[31m[33msmall[31m[33m>[31m姿态 · 语言 · 压力 · 节奏[33m<[31m[33m/[31m[33msmall[31m[33m>[31m[33m<[31m[33m/[31m[33mdiv[31m[33m>[31m[33m<[31m[33mi[31m className[33m=[31m[32m"social-domain-arrow social-link-cyan"[31m[33m>[31m→[33m<[31m[33m/[31m[33mi[31m[33m>[31m[33m<[31m[33mdiv[31m className[33m=[31m[32m"social-node social-understand"[31m[33m>[31m[33m<[31m[33mspan[31m[33m>[31m[35m01[31m[33m<[31m[33m/[31m[33mspan[31m[33m>[31m[33m<[31m[33mstrong[31m[33m>[31m理解[33m<[31m[33m/[31m[33mstrong[31m[33m>[31m[33m<[31m[33msmall[31m[33m>[31m保护 · 协作 · 社会语义[33m<[31m[33m/[31m[33msmall[31m[33m>[31m[33m<[31m[33m/[31m[33mdiv[31m[33m>[31m[33m<[31m[33mi[31m className[33m=[31m[32m"social-domain-arrow social-link-cyan"[31m[33m>[31m→[33m<[31m[33m/[31m[33mi[31m[33m>[31m[33m<[31m[33mdiv[31m className[33m=[31m[32m"social-node social-plan"[31m[33m>[31m[33m<[31m[33mspan[31m[33m>[31m[35m02[31m[33m<[31m[33m/[31m[33mspan[31m[33m>[31m[33m<[31m[33mstrong[31m[33m>[31m协商[33m<[31m[33m/[31m[33mstrong[31m[33m>[31m[33m<[31m[33msmall[31m[33m>[31m任务阶段 · 边界 · 不确定性[33m<[31m[33m/[31m[33msmall[31m[33m>[31m[33m<[31m[33m/[31m[33mdiv[31m[33m>[31m[33m<[31m[33mi[31m className[33m=[31m[32m"social-domain-arrow social-link-cyan"[31m[33m>[31m→[33m<[31m[33m/[31m[33mi[31m[33m>[31m[33m<[31m[33mdiv[31m className[33m=[31m[32m"social-person social-robot"[31m[33m>[31m[33m<[31m[33mspan[31m[33m>[31m具身智能体[33m<[31m[33m/[31m[33mspan[31m[33m>[31m[33m<[31m[33mstrong[31m[33m>[31m动作 [33m/[31m 回应[33m<[31m[33m/[31m[33mstrong[31m[33m>[31m[33m<[31m[33msmall[31m[33m>[31m交接 · 搀扶 · 引导 · 退出[33m<[31m[33m/[31m[33msmall[31m[33m>[31m[33m<[31m[33m/[31m[33mdiv[31m[33m>[31m[33m<[31m[33m/[31m[33mdiv[31m[33m>[31m[33m<[31m[33m/[31m[33mdiv[31m[33m>[31m
[31m[1m>[22m[31m[90m 986 |[31m           [33m<[31m[33mdiv[31m className[33m=[31m[32m"social-domain social-communication-domain"[31m[33m>[31m[33m<[31m[33mdiv[31m className[33m=[31m[32m"social-domain-label"[31m[33m>[31m[33m<[31m[33mspan[31m[33m>[31m[33mDOMAIN[31m [33mB[31m [33m/[31m [33mHAPTIC[31m [33mCOMMUNICATION[31m [33m&[31mamp[33m;[31m [33mDISPLAY[31m[33m<[31m[33m/[31m[33mspan[31m[33m>[31m[33m<[31m[33mstrong[31m[33m>[31m触觉通信：编码接触事件，在另一端安全再现[33m<[31m[33m/[31m[33mstrong[31m[33m>[31m[33m<[31m[33m/[31m[33mdiv[31m[33m>[31m[33m<[31m[33mdiv[31m className[33m=[31m[32m"social-domain-flow"[31m[33m>[31m[33m<[31m[33mdiv[31m className[33m=[31m[32m"social-node social-source"[31m[33m>[31m[33m<[31m[33mspan[31m[33m>[31m发送端[33m<[31m[33m/[31m[33mspan[31m[33m>[31m[33m<[31m[33mstrong[31m[33m>[31m接触事件 [33m/[31m 动力学语义[33m<[31m[33m/[31m[33mstrong[31m[33m>[31m[33m<[31m[33msmall[31m[33m>[31m位置 · 意图 · 力学状态[33m<[31m[33m/[31m[33msmall[31m[33m>[31m[33m<[31m[33m/[31m[33mdiv[31m[33m>[31m[33m<[31m[33mi[31m className[33m=[31m[32m"social-domain-arrow social-link-violet"[31m[33m>[31m⇄[33m<[31m[33m/[31m[33mi[31m[33m>[31m[33m<[31m[33mdiv[31m className[33m=[31m[32m"social-node social-render"[31m[33m>[31m[33m<[31m[33mspan[31m[33m>[31m通信与映射[33m<[31m[33m/[31m[33mspan[31m[33m>[31m[33m<[31m[33mstrong[31m[33m>[31m触觉输出 [33m/[31m 再现[33m<[31m[33m/[31m[33mstrong[31m[33m>[31m[33m<[31m[33msmall[31m[33m>[31m力 · 振动 · 压力 · 形变 · 温度[33m<[31m[33m/[31m[33msmall[31m[33m>[31m[33m<[31m[33m/[31m[33mdiv[31m[33m>[31m[33m<[31m[33mi[31m className[33m=[31m[32m"social-domain-arrow social-link-violet"[31m[33m>[31m⇄[33m<[31m[33m/[31m[33mi[31m[33m>[31m[33m<[31m[33mdiv[31m className[33m=[31m[32m"social-node social-receiver"[31m[33m>[31m[33m<[31m[33mspan[31m[33m>[31m接收端[33m<[31m[33m/[31m[33mspan[31m[33m>[31m[33m<[31m[33mstrong[31m[33m>[31m远程力觉 [33m/[31m 社交机器人[33m<[31m[33m/[31m[33mstrong[31m[33m>[31m[33m<[31m[33msmall[31m[33m>[31m可辨认 · 受限 · 可稳定[33m<[31m[33m/[31m[33msmall[31m[33m>[31m[33m<[31m[33m/[31m[33mdiv[31m[33m>[31m[33m<[31m[33m/[31m[33mdiv[31m[33m>[31m[33m<[31m[33m/[31m[33mdiv[31m[33m>[31m
 [90m     |[31m           [31m[1m^[22m[31m
 [90m 987 |[31m           )}
 [90m 988 |[31m           {layer [33m===[31m [32m'ethics'[31m [33m&&[31m [33m<[31m[33m>[31m[33m<[31m[33mdiv[31m className[33m=[31m[32m"social-guardrail social-ethics-card"[31m[33m>[31m[33m<[31m[33mspan[31m[33m>[31m不可越过的底线[33m<[31m[33m/[31m[33mspan[31m[33m>[31m[33m<[31m[33mstrong[31m[33m>[31m持续同意 · 实时撤回 · 保守降级[33m<[31m[33m/[31m[33mstrong[31m[33m>[31m[33m<[31m[33msmall[31m[33m>[31m任何社会语义推理，都不能延迟碰撞、夹伤和过载的安全响应。[33m<[31m[33m/[31m[33msmall[31m[33m>[31m[33m<[31m[33m/[31m[33mdiv[31m[33m>[31m[33m<[31m[33mdiv[31m className[33m=[31m[32m"social-eval-strip social-ethics-card"[31m[33m>[31m[33m<[31m[33mdiv[31m[33m>[31m[33m<[31m[33mspan[31m[33m>[31m评价闭环[33m<[31m[33m/[31m[33mspan[31m[33m>[31m[33m<[31m[33mstrong[31m[33m>[31m从“能不能识别”走向“是否安全、舒适、合规、可迁移”[33m<[31m[33m/[31m[33mstrong[31m[33m>[31m[33m<[31m[33m/[31m[33mdiv[31m[33m>[31m[33m<[31m[33mb[31m[33m>[31m物理安全[33m<[31m[33m/[31m[33mb[31m[33m>[31m[33m<[31m[33mb[31m[33m>[31m意图与阶段[33m<[31m[33m/[31m[33mb[31m[33m>[31m[33m<[31m[33mb[31m[33m>[31m舒适 [33m/[31m 信任[33m<[31m[33m/[31m[33mb[31m[33m>[31m[33m<[31m[33mb[31m[33m>[31m跨人群与长期[33m<[31m[33m/[31m[33mb[31m[33m>[31m[33m<[31m[35m/div></[31m[33m>[31m}
 [90m 989 |[31m       [33m<[31m[33m/[31m[33msection[31m[33m>[31m[0m[39m
  Plugin: [35mvite:react-babel[39m
  File: [36mD:/其他/研究生事务/综合考试/综合考试论文or博士论文模板/tactile-presentation-prototype/src/App.tsx[39m:986:10
[33m  986|            <div className="social-domain social-communication-domain"><div className="social-domain-label"><span>DOMAIN B / HAPTIC COMMUNICATION &amp; DISPLAY</span><strong>触觉通信：编码接触事件，在另一端安全再现</strong></div><div className="social-domain-flow"><div className="social-node social-source"><span>发送端</span><strong>接触事件 / 动力学语义</strong><small>位置 · 意图 · 力学状态</small></div><i className="social-domain-arrow social-link-violet">⇄</i><div className="social-node social-render"><span>通信与映射</span><strong>触觉输出 / 再现</strong><small>力 · 振动 · 压力 · 形变 · 温度</small></div><i className="social-domain-arrow social-link-violet">⇄</i><div className="social-node social-receiver"><span>接收端</span><strong>远程力觉 / 社交机器人</strong><small>可辨认 · 受限 · 可稳定</small></div></div></div>
  987|            )}
  988|            {layer === 'ethics' && <><div className="social-guardrail social-ethics-card"><span>不可越过的底线</span><strong>持续同意 · 实时撤回 · 保守降级</strong><small>任何社会语义推理，都不能延迟碰撞、夹伤和过载的安全响应。</small></div><div className="social-eval-strip social-ethics-card"><div><span>评价闭环</span><strong>从“能不能识别”走向“是否安全、舒适、合规、可迁移”</strong></div><b>物理安全</b><b>意图与阶段</b><b>舒适 / 信任</b><b>跨人群与长期</b></div></>}
     |                                                                                                                                                                                                                                      ^
  989|        </section>
  990|      </div>[39m
      at constructor (D:\其他\研究生事务\综合考试\综合考试论文or博士论文模板\tactile-presentation-prototype\node_modules\@babel\parser\lib\index.js:369:19)
      at TypeScriptParserMixin.raise (D:\其他\研究生事务\综合考试\综合考试论文or博士论文模板\tactile-presentation-prototype\node_modules\@babel\parser\lib\index.js:6622:19)
      at TypeScriptParserMixin.jsxParseElementAt (D:\其他\研究生事务\综合考试\综合考试论文or博士论文模板\tactile-presentation-prototype\node_modules\@babel\parser\lib\index.js:4760:18)
      at TypeScriptParserMixin.jsxParseElement (D:\其他\研究生事务\综合考试\综合考试论文or博士论文模板\tactile-presentation-prototype\node_modules\@babel\parser\lib\index.js:4767:17)
      at TypeScriptParserMixin.parseExprAtom (D:\其他\研究生事务\综合考试\综合考试论文or博士论文模板\tactile-presentation-prototype\node_modules\@babel\parser\lib\index.js:4777:19)
      at TypeScriptParserMixin.parseExprSubscripts (D:\其他\研究生事务\综合考试\综合考试论文or博士论文模板\tactile-presentation-prototype\node_modules\@babel\parser\lib\index.js:11107:23)
      at TypeScriptParserMixin.parseUpdate (D:\其他\研究生事务\综合考试\综合考试论文or博士论文模板\tactile-presentation-prototype\node_modules\@babel\parser\lib\index.js:11092:21)
      at TypeScriptParserMixin.parseMaybeUnary (D:\其他\研究生事务\综合考试\综合考试论文or博士论文模板\tactile-presentation-prototype\node_modules\@babel\parser\lib\index.js:11072:23)
      at TypeScriptParserMixin.parseMaybeUnary (D:\其他\研究生事务\综合考试\综合考试论文or博士论文模板\tactile-presentation-prototype\node_modules\@babel\parser\lib\index.js:9860:18)
      at TypeScriptParserMixin.parseMaybeUnaryOrPrivate (D:\其他\研究生事务\综合考试\综合考试论文or博士论文模板\tactile-presentation-prototype\node_modules\@babel\parser\lib\index.js:10925:61)
      at TypeScriptParserMixin.parseExprOps (D:\其他\研究生事务\综合考试\综合考试论文or博士论文模板\tactile-presentation-prototype\node_modules\@babel\parser\lib\index.js:10930:23)
      at TypeScriptParserMixin.parseMaybeConditional (D:\其他\研究生事务\综合考试\综合考试论文or博士论文模板\tactile-presentation-prototype\node_modules\@babel\parser\lib\index.js:10907:23)
      at TypeScriptParserMixin.parseMaybeAssign (D:\其他\研究生事务\综合考试\综合考试论文or博士论文模板\tactile-presentation-prototype\node_modules\@babel\parser\lib\index.js:10857:21)
      at D:\其他\研究生事务\综合考试\综合考试论文or博士论文模板\tactile-presentation-prototype\node_modules\@babel\parser\lib\index.js:9798:39
      at TypeScriptParserMixin.tryParse (D:\其他\研究生事务\综合考试\综合考试论文or博士论文模板\tactile-presentation-prototype\node_modules\@babel\parser\lib\index.js:6930:20)
      at TypeScriptParserMixin.parseMaybeAssign (D:\其他\研究生事务\综合考试\综合考试论文or博士论文模板\tactile-presentation-prototype\node_modules\@babel\parser\lib\index.js:9798:18)
      at D:\其他\研究生事务\综合考试\综合考试论文or博士论文模板\tactile-presentation-prototype\node_modules\@babel\parser\lib\index.js:10826:39
      at TypeScriptParserMixin.allowInAnd (D:\其他\研究生事务\综合考试\综合考试论文or博士论文模板\tactile-presentation-prototype\node_modules\@babel\parser\lib\index.js:12460:12)
      at TypeScriptParserMixin.parseMaybeAssignAllowIn (D:\其他\研究生事务\综合考试\综合考试论文or博士论文模板\tactile-presentation-prototype\node_modules\@babel\parser\lib\index.js:10826:17)
      at TypeScriptParserMixin.parseMaybeAssignAllowInOrVoidPattern (D:\其他\研究生事务\综合考试\综合考试论文or博士论文模板\tactile-presentation-prototype\node_modules\@babel\parser\lib\index.js:12527:17)
      at TypeScriptParserMixin.parseParenAndDistinguishExpression (D:\其他\研究生事务\综合考试\综合考试论文or博士论文模板\tactile-presentation-prototype\node_modules\@babel\parser\lib\index.js:11706:28)
      at TypeScriptParserMixin.parseExprAtom (D:\其他\研究生事务\综合考试\综合考试论文or博士论文模板\tactile-presentation-prototype\node_modules\@babel\parser\lib\index.js:11362:23)
      at TypeScriptParserMixin.parseExprAtom (D:\其他\研究生事务\综合考试\综合考试论文or博士论文模板\tactile-presentation-prototype\node_modules\@babel\parser\lib\index.js:4782:20)
      at TypeScriptParserMixin.parseExprSubscripts (D:\其他\研究生事务\综合考试\综合考试论文or博士论文模板\tactile-presentation-prototype\node_modules\@babel\parser\lib\index.js:11107:23)
      at TypeScriptParserMixin.parseUpdate (D:\其他\研究生事务\综合考试\综合考试论文or博士论文模板\tactile-presentation-prototype\node_modules\@babel\parser\lib\index.js:11092:21)
      at TypeScriptParserMixin.parseMaybeUnary (D:\其他\研究生事务\综合考试\综合考试论文or博士论文模板\tactile-presentation-prototype\node_modules\@babel\parser\lib\index.js:11072:23)
      at TypeScriptParserMixin.parseMaybeUnary (D:\其他\研究生事务\综合考试\综合考试论文or博士论文模板\tactile-presentation-prototype\node_modules\@babel\parser\lib\index.js:9860:18)
      at TypeScriptParserMixin.parseMaybeUnaryOrPrivate (D:\其他\研究生事务\综合考试\综合考试论文or博士论文模板\tactile-presentation-prototype\node_modules\@babel\parser\lib\index.js:10925:61)
      at TypeScriptParserMixin.parseExprOpBaseRightExpr (D:\其他\研究生事务\综合考试\综合考试论文or博士论文模板\tactile-presentation-prototype\node_modules\@babel\parser\lib\index.js:11012:34)
      at TypeScriptParserMixin.parseExprOpRightExpr (D:\其他\研究生事务\综合考试\综合考试论文or博士论文模板\tactile-presentation-prototype\node_modules\@babel\parser\lib\index.js:11007:21)
      at TypeScriptParserMixin.parseExprOp (D:\其他\研究生事务\综合考试\综合考试论文or博士论文模板\tactile-presentation-prototype\node_modules\@babel\parser\lib\index.js:10973:27)
      at TypeScriptParserMixin.parseExprOp (D:\其他\研究生事务\综合考试\综合考试论文or博士论文模板\tactile-presentation-prototype\node_modules\@babel\parser\lib\index.js:9329:18)
      at TypeScriptParserMixin.parseExprOp (D:\其他\研究生事务\综合考试\综合考试论文or博士论文模板\tactile-presentation-prototype\node_modules\@babel\parser\lib\index.js:10979:21)
      at TypeScriptParserMixin.parseExprOp (D:\其他\研究生事务\综合考试\综合考试论文or博士论文模板\tactile-presentation-prototype\node_modules\@babel\parser\lib\index.js:9329:18)
      at TypeScriptParserMixin.parseExprOps (D:\其他\研究生事务\综合考试\综合考试论文or博士论文模板\tactile-presentation-prototype\node_modules\@babel\parser\lib\index.js:10934:17)
      at TypeScriptParserMixin.parseMaybeConditional (D:\其他\研究生事务\综合考试\综合考试论文or博士论文模板\tactile-presentation-prototype\node_modules\@babel\parser\lib\index.js:10907:23)
      at TypeScriptParserMixin.parseMaybeAssign (D:\其他\研究生事务\综合考试\综合考试论文or博士论文模板\tactile-presentation-prototype\node_modules\@babel\parser\lib\index.js:10857:21)
      at TypeScriptParserMixin.parseMaybeAssign (D:\其他\研究生事务\综合考试\综合考试论文or博士论文模板\tactile-presentation-prototype\node_modules\@babel\parser\lib\index.js:9809:20)
      at TypeScriptParserMixin.parseExpressionBase (D:\其他\研究生事务\综合考试\综合考试论文or博士论文模板\tactile-presentation-prototype\node_modules\@babel\parser\lib\index.js:10810:23)
      at D:\其他\研究生事务\综合考试\综合考试论文or博士论文模板\tactile-presentation-prototype\node_modules\@babel\parser\lib\index.js:10806:39
      at TypeScriptParserMixin.allowInAnd (D:\其他\研究生事务\综合考试\综合考试论文or博士论文模板\tactile-presentation-prototype\node_modules\@babel\parser\lib\index.js:12460:12)
      at TypeScriptParserMixin.parseExpression (D:\其他\研究生事务\综合考试\综合考试论文or博士论文模板\tactile-presentation-prototype\node_modules\@babel\parser\lib\index.js:10806:17)
      at TypeScriptParserMixin.jsxParseExpressionContainer (D:\其他\研究生事务\综合考试\综合考试论文or博士论文模板\tactile-presentation-prototype\node_modules\@babel\parser\lib\index.js:4650:31)
      at TypeScriptParserMixin.jsxParseElementAt (D:\其他\研究生事务\综合考试\综合考试论文or博士论文模板\tactile-presentation-prototype\node_modules\@babel\parser\lib\index.js:4729:36)
      at TypeScriptParserMixin.jsxParseElementAt (D:\其他\研究生事务\综合考试\综合考试论文or博士论文模板\tactile-presentation-prototype\node_modules\@babel\parser\lib\index.js:4716:32)
      at TypeScriptParserMixin.jsxParseElementAt (D:\其他\研究生事务\综合考试\综合考试论文or博士论文模板\tactile-presentation-prototype\node_modules\@babel\parser\lib\index.js:4716:32)
      at TypeScriptParserMixin.jsxParseElementAt (D:\其他\研究生事务\综合考试\综合考试论文or博士论文模板\tactile-presentation-prototype\node_modules\@babel\parser\lib\index.js:4716:32)
      at TypeScriptParserMixin.jsxParseElement (D:\其他\研究生事务\综合考试\综合考试论文or博士论文模板\tactile-presentation-prototype\node_modules\@babel\parser\lib\index.js:4767:17)
      at TypeScriptParserMixin.parseExprAtom (D:\其他\研究生事务\综合考试\综合考试论文or博士论文模板\tactile-presentation-prototype\node_modules\@babel\parser\lib\index.js:4777:19)
      at TypeScriptParserMixin.parseExprSubscripts (D:\其他\研究生事务\综合考试\综合考试论文or博士论文模板\tactile-presentation-prototype\node_modules\@babel\parser\lib\index.js:11107:23)
[2m16:48:35[22m [36m[1m[vite][22m[39m [90m[2m(client)[22m[39m [32mhmr update [39m[2m/src/App.tsx[22m
[2m16:48:35[22m [31m[1m[vite][22m[39m [31mInternal server error: D:\其他\研究生事务\综合考试\综合考试论文or博士论文模板\tactile-presentation-prototype\src\App.tsx: Adjacent JSX elements must be wrapped in an enclosing tag. Did you want a JSX fragment <>...</>? (986:10)

[0m [90m 984 |[31m           {layer [33m===[31m [32m'cooperation'[31m [33m&&[31m (
 [90m 985 |[31m           [33m<[31m[33mdiv[31m className[33m=[31m[32m"social-domain social-cooperation-domain"[31m[33m>[31m[33m<[31m[33mdiv[31m className[33m=[31m[32m"social-domain-label"[31m[33m>[31m[33m<[31m[33mspan[31m[33m>[31m[33mDOMAIN[31m [33mA[31m [33m/[31m [33mEMBODIED[31m [33mCOOPERATION[31m[33m<[31m[33m/[31m[33mspan[31m[33m>[31m[33m<[31m[33mstrong[31m[33m>[31m协同接触：理解人的意图，共同完成动作[33m<[31m[33m/[31m[33mstrong[31m[33m>[31m[33m<[31m[33m/[31m[33mdiv[31m[33m>[31m[33m<[31m[33mdiv[31m className[33m=[31m[32m"social-domain-flow"[31m[33m>[31m[33m<[31m[33mdiv[31m className[33m=[31m[32m"social-person social-human"[31m[33m>[31m[33m<[31m[33mspan[31m[33m>[31m人[33m<[31m[33m/[31m[33mspan[31m[33m>[31m[33m<[31m[33mstrong[31m[33m>[31m接触 [33m/[31m 意图[33m<[31m[33m/[31m[33mstrong[31m[33m>[31m[33m<[31m[33msmall[31m[33m>[31m姿态 · 语言 · 压力 · 节奏[33m<[31m[33m/[31m[33msmall[31m[33m>[31m[33m<[31m[33m/[31m[33mdiv[31m[33m>[31m[33m<[31m[33mi[31m className[33m=[31m[32m"social-domain-arrow social-link-cyan"[31m[33m>[31m→[33m<[31m[33m/[31m[33mi[31m[33m>[31m[33m<[31m[33mdiv[31m className[33m=[31m[32m"social-node social-understand"[31m[33m>[31m[33m<[31m[33mspan[31m[33m>[31m[35m01[31m[33m<[31m[33m/[31m[33mspan[31m[33m>[31m[33m<[31m[33mstrong[31m[33m>[31m理解[33m<[31m[33m/[31m[33mstrong[31m[33m>[31m[33m<[31m[33msmall[31m[33m>[31m保护 · 协作 · 社会语义[33m<[31m[33m/[31m[33msmall[31m[33m>[31m[33m<[31m[33m/[31m[33mdiv[31m[33m>[31m[33m<[31m[33mi[31m className[33m=[31m[32m"social-domain-arrow social-link-cyan"[31m[33m>[31m→[33m<[31m[33m/[31m[33mi[31m[33m>[31m[33m<[31m[33mdiv[31m className[33m=[31m[32m"social-node social-plan"[31m[33m>[31m[33m<[31m[33mspan[31m[33m>[31m[35m02[31m[33m<[31m[33m/[31m[33mspan[31m[33m>[31m[33m<[31m[33mstrong[31m[33m>[31m协商[33m<[31m[33m/[31m[33mstrong[31m[33m>[31m[33m<[31m[33msmall[31m[33m>[31m任务阶段 · 边界 · 不确定性[33m<[31m[33m/[31m[33msmall[31m[33m>[31m[33m<[31m[33m/[31m[33mdiv[31m[33m>[31m[33m<[31m[33mi[31m className[33m=[31m[32m"social-domain-arrow social-link-cyan"[31m[33m>[31m→[33m<[31m[33m/[31m[33mi[31m[33m>[31m[33m<[31m[33mdiv[31m className[33m=[31m[32m"social-person social-robot"[31m[33m>[31m[33m<[31m[33mspan[31m[33m>[31m具身智能体[33m<[31m[33m/[31m[33mspan[31m[33m>[31m[33m<[31m[33mstrong[31m[33m>[31m动作 [33m/[31m 回应[33m<[31m[33m/[31m[33mstrong[31m[33m>[31m[33m<[31m[33msmall[31m[33m>[31m交接 · 搀扶 · 引导 · 退出[33m<[31m[33m/[31m[33msmall[31m[33m>[31m[33m<[31m[33m/[31m[33mdiv[31m[33m>[31m[33m<[31m[33m/[31m[33mdiv[31m[33m>[31m[33m<[31m[33m/[31m[33mdiv[31m[33m>[31m
[31m[1m>[22m[31m[90m 986 |[31m           [33m<[31m[33mdiv[31m className[33m=[31m[32m"social-domain social-communication-domain"[31m[33m>[31m[33m<[31m[33mdiv[31m className[33m=[31m[32m"social-domain-label"[31m[33m>[31m[33m<[31m[33mspan[31m[33m>[31m[33mDOMAIN[31m [33mB[31m [33m/[31m [33mHAPTIC[31m [33mCOMMUNICATION[31m [33m&[31mamp[33m;[31m [33mDISPLAY[31m[33m<[31m[33m/[31m[33mspan[31m[33m>[31m[33m<[31m[33mstrong[31m[33m>[31m触觉通信：编码接触事件，在另一端安全再现[33m<[31m[33m/[31m[33mstrong[31m[33m>[31m[33m<[31m[33m/[31m[33mdiv[31m[33m>[31m[33m<[31m[33mdiv[31m className[33m=[31m[32m"social-domain-flow"[31m[33m>[31m[33m<[31m[33mdiv[31m className[33m=[31m[32m"social-node social-source"[31m[33m>[31m[33m<[31m[33mspan[31m[33m>[31m发送端[33m<[31m[33m/[31m[33mspan[31m[33m>[31m[33m<[31m[33mstrong[31m[33m>[31m接触事件 [33m/[31m 动力学语义[33m<[31m[33m/[31m[33mstrong[31m[33m>[31m[33m<[31m[33msmall[31m[33m>[31m位置 · 意图 · 力学状态[33m<[31m[33m/[31m[33msmall[31m[33m>[31m[33m<[31m[33m/[31m[33mdiv[31m[33m>[31m[33m<[31m[33mi[31m className[33m=[31m[32m"social-domain-arrow social-link-violet"[31m[33m>[31m⇄[33m<[31m[33m/[31m[33mi[31m[33m>[31m[33m<[31m[33mdiv[31m className[33m=[31m[32m"social-node social-render"[31m[33m>[31m[33m<[31m[33mspan[31m[33m>[31m通信与映射[33m<[31m[33m/[31m[33mspan[31m[33m>[31m[33m<[31m[33mstrong[31m[33m>[31m触觉输出 [33m/[31m 再现[33m<[31m[33m/[31m[33mstrong[31m[33m>[31m[33m<[31m[33msmall[31m[33m>[31m力 · 振动 · 压力 · 形变 · 温度[33m<[31m[33m/[31m[33msmall[31m[33m>[31m[33m<[31m[33m/[31m[33mdiv[31m[33m>[31m[33m<[31m[33mi[31m className[33m=[31m[32m"social-domain-arrow social-link-violet"[31m[33m>[31m⇄[33m<[31m[33m/[31m[33mi[31m[33m>[31m[33m<[31m[33mdiv[31m className[33m=[31m[32m"social-node social-receiver"[31m[33m>[31m[33m<[31m[33mspan[31m[33m>[31m接收端[33m<[31m[33m/[31m[33mspan[31m[33m>[31m[33m<[31m[33mstrong[31m[33m>[31m远程力觉 [33m/[31m 社交机器人[33m<[31m[33m/[31m[33mstrong[31m[33m>[31m[33m<[31m[33msmall[31m[33m>[31m可辨认 · 受限 · 可稳定[33m<[31m[33m/[31m[33msmall[31m[33m>[31m[33m<[31m[33m/[31m[33mdiv[31m[33m>[31m[33m<[31m[33m/[31m[33mdiv[31m[33m>[31m[33m<[31m[33m/[31m[33mdiv[31m[33m>[31m
 [90m     |[31m           [31m[1m^[22m[31m
 [90m 987 |[31m           )}
 [90m 988 |[31m           {layer [33m===[31m [32m'ethics'[31m [33m&&[31m [33m<[31m[33m>[31m[33m<[31m[33mdiv[31m className[33m=[31m[32m"social-guardrail social-ethics-card"[31m[33m>[31m[33m<[31m[33mspan[31m[33m>[31m不可越过的底线[33m<[31m[33m/[31m[33mspan[31m[33m>[31m[33m<[31m[33mstrong[31m[33m>[31m持续同意 · 实时撤回 · 保守降级[33m<[31m[33m/[31m[33mstrong[31m[33m>[31m[33m<[31m[33msmall[31m[33m>[31m任何社会语义推理，都不能延迟碰撞、夹伤和过载的安全响应。[33m<[31m[33m/[31m[33msmall[31m[33m>[31m[33m<[31m[33m/[31m[33mdiv[31m[33m>[31m[33m<[31m[33mdiv[31m className[33m=[31m[32m"social-eval-strip social-ethics-card"[31m[33m>[31m[33m<[31m[33mdiv[31m[33m>[31m[33m<[31m[33mspan[31m[33m>[31m评价闭环[33m<[31m[33m/[31m[33mspan[31m[33m>[31m[33m<[31m[33mstrong[31m[33m>[31m从“能不能识别”走向“是否安全、舒适、合规、可迁移”[33m<[31m[33m/[31m[33mstrong[31m[33m>[31m[33m<[31m[33m/[31m[33mdiv[31m[33m>[31m[33m<[31m[33mb[31m[33m>[31m物理安全[33m<[31m[33m/[31m[33mb[31m[33m>[31m[33m<[31m[33mb[31m[33m>[31m意图与阶段[33m<[31m[33m/[31m[33mb[31m[33m>[31m[33m<[31m[33mb[31m[33m>[31m舒适 [33m/[31m 信任[33m<[31m[33m/[31m[33mb[31m[33m>[31m[33m<[31m[33mb[31m[33m>[31m跨人群与长期[33m<[31m[33m/[31m[33mb[31m[33m>[31m[33m<[31m[35m/div></[31m[33m>[31m}
 [90m 989 |[31m       [33m<[31m[33m/[31m[33msection[31m[33m>[31m[0m[39m
  Plugin: [35mvite:react-babel[39m
  File: [36mD:/其他/研究生事务/综合考试/综合考试论文or博士论文模板/tactile-presentation-prototype/src/App.tsx[39m:986:10
[33m  986|            <div className="social-domain social-communication-domain"><div className="social-domain-label"><span>DOMAIN B / HAPTIC COMMUNICATION &amp; DISPLAY</span><strong>触觉通信：编码接触事件，在另一端安全再现</strong></div><div className="social-domain-flow"><div className="social-node social-source"><span>发送端</span><strong>接触事件 / 动力学语义</strong><small>位置 · 意图 · 力学状态</small></div><i className="social-domain-arrow social-link-violet">⇄</i><div className="social-node social-render"><span>通信与映射</span><strong>触觉输出 / 再现</strong><small>力 · 振动 · 压力 · 形变 · 温度</small></div><i className="social-domain-arrow social-link-violet">⇄</i><div className="social-node social-receiver"><span>接收端</span><strong>远程力觉 / 社交机器人</strong><small>可辨认 · 受限 · 可稳定</small></div></div></div>
  987|            )}
  988|            {layer === 'ethics' && <><div className="social-guardrail social-ethics-card"><span>不可越过的底线</span><strong>持续同意 · 实时撤回 · 保守降级</strong><small>任何社会语义推理，都不能延迟碰撞、夹伤和过载的安全响应。</small></div><div className="social-eval-strip social-ethics-card"><div><span>评价闭环</span><strong>从“能不能识别”走向“是否安全、舒适、合规、可迁移”</strong></div><b>物理安全</b><b>意图与阶段</b><b>舒适 / 信任</b><b>跨人群与长期</b></div></>}
     |                                                                                                                                                                                                                                      ^
  989|        </section>
  990|      </div>[39m
      at constructor (D:\其他\研究生事务\综合考试\综合考试论文or博士论文模板\tactile-presentation-prototype\node_modules\@babel\parser\lib\index.js:369:19)
      at TypeScriptParserMixin.raise (D:\其他\研究生事务\综合考试\综合考试论文or博士论文模板\tactile-presentation-prototype\node_modules\@babel\parser\lib\index.js:6622:19)
      at TypeScriptParserMixin.jsxParseElementAt (D:\其他\研究生事务\综合考试\综合考试论文or博士论文模板\tactile-presentation-prototype\node_modules\@babel\parser\lib\index.js:4760:18)
      at TypeScriptParserMixin.jsxParseElement (D:\其他\研究生事务\综合考试\综合考试论文or博士论文模板\tactile-presentation-prototype\node_modules\@babel\parser\lib\index.js:4767:17)
      at TypeScriptParserMixin.parseExprAtom (D:\其他\研究生事务\综合考试\综合考试论文or博士论文模板\tactile-presentation-prototype\node_modules\@babel\parser\lib\index.js:4777:19)
      at TypeScriptParserMixin.parseExprSubscripts (D:\其他\研究生事务\综合考试\综合考试论文or博士论文模板\tactile-presentation-prototype\node_modules\@babel\parser\lib\index.js:11107:23)
      at TypeScriptParserMixin.parseUpdate (D:\其他\研究生事务\综合考试\综合考试论文or博士论文模板\tactile-presentation-prototype\node_modules\@babel\parser\lib\index.js:11092:21)
      at TypeScriptParserMixin.parseMaybeUnary (D:\其他\研究生事务\综合考试\综合考试论文or博士论文模板\tactile-presentation-prototype\node_modules\@babel\parser\lib\index.js:11072:23)
      at TypeScriptParserMixin.parseMaybeUnary (D:\其他\研究生事务\综合考试\综合考试论文or博士论文模板\tactile-presentation-prototype\node_modules\@babel\parser\lib\index.js:9860:18)
      at TypeScriptParserMixin.parseMaybeUnaryOrPrivate (D:\其他\研究生事务\综合考试\综合考试论文or博士论文模板\tactile-presentation-prototype\node_modules\@babel\parser\lib\index.js:10925:61)
      at TypeScriptParserMixin.parseExprOps (D:\其他\研究生事务\综合考试\综合考试论文or博士论文模板\tactile-presentation-prototype\node_modules\@babel\parser\lib\index.js:10930:23)
      at TypeScriptParserMixin.parseMaybeConditional (D:\其他\研究生事务\综合考试\综合考试论文or博士论文模板\tactile-presentation-prototype\node_modules\@babel\parser\lib\index.js:10907:23)
      at TypeScriptParserMixin.parseMaybeAssign (D:\其他\研究生事务\综合考试\综合考试论文or博士论文模板\tactile-presentation-prototype\node_modules\@babel\parser\lib\index.js:10857:21)
      at D:\其他\研究生事务\综合考试\综合考试论文or博士论文模板\tactile-presentation-prototype\node_modules\@babel\parser\lib\index.js:9798:39
      at TypeScriptParserMixin.tryParse (D:\其他\研究生事务\综合考试\综合考试论文or博士论文模板\tactile-presentation-prototype\node_modules\@babel\parser\lib\index.js:6930:20)
      at TypeScriptParserMixin.parseMaybeAssign (D:\其他\研究生事务\综合考试\综合考试论文or博士论文模板\tactile-presentation-prototype\node_modules\@babel\parser\lib\index.js:9798:18)
      at D:\其他\研究生事务\综合考试\综合考试论文or博士论文模板\tactile-presentation-prototype\node_modules\@babel\parser\lib\index.js:10826:39
      at TypeScriptParserMixin.allowInAnd (D:\其他\研究生事务\综合考试\综合考试论文or博士论文模板\tactile-presentation-prototype\node_modules\@babel\parser\lib\index.js:12460:12)
      at TypeScriptParserMixin.parseMaybeAssignAllowIn (D:\其他\研究生事务\综合考试\综合考试论文or博士论文模板\tactile-presentation-prototype\node_modules\@babel\parser\lib\index.js:10826:17)
      at TypeScriptParserMixin.parseMaybeAssignAllowInOrVoidPattern (D:\其他\研究生事务\综合考试\综合考试论文or博士论文模板\tactile-presentation-prototype\node_modules\@babel\parser\lib\index.js:12527:17)
      at TypeScriptParserMixin.parseParenAndDistinguishExpression (D:\其他\研究生事务\综合考试\综合考试论文or博士论文模板\tactile-presentation-prototype\node_modules\@babel\parser\lib\index.js:11706:28)
      at TypeScriptParserMixin.parseExprAtom (D:\其他\研究生事务\综合考试\综合考试论文or博士论文模板\tactile-presentation-prototype\node_modules\@babel\parser\lib\index.js:11362:23)
      at TypeScriptParserMixin.parseExprAtom (D:\其他\研究生事务\综合考试\综合考试论文or博士论文模板\tactile-presentation-prototype\node_modules\@babel\parser\lib\index.js:4782:20)
      at TypeScriptParserMixin.parseExprSubscripts (D:\其他\研究生事务\综合考试\综合考试论文or博士论文模板\tactile-presentation-prototype\node_modules\@babel\parser\lib\index.js:11107:23)
      at TypeScriptParserMixin.parseUpdate (D:\其他\研究生事务\综合考试\综合考试论文or博士论文模板\tactile-presentation-prototype\node_modules\@babel\parser\lib\index.js:11092:21)
      at TypeScriptParserMixin.parseMaybeUnary (D:\其他\研究生事务\综合考试\综合考试论文or博士论文模板\tactile-presentation-prototype\node_modules\@babel\parser\lib\index.js:11072:23)
      at TypeScriptParserMixin.parseMaybeUnary (D:\其他\研究生事务\综合考试\综合考试论文or博士论文模板\tactile-presentation-prototype\node_modules\@babel\parser\lib\index.js:9860:18)
      at TypeScriptParserMixin.parseMaybeUnaryOrPrivate (D:\其他\研究生事务\综合考试\综合考试论文or博士论文模板\tactile-presentation-prototype\node_modules\@babel\parser\lib\index.js:10925:61)
      at TypeScriptParserMixin.parseExprOpBaseRightExpr (D:\其他\研究生事务\综合考试\综合考试论文or博士论文模板\tactile-presentation-prototype\node_modules\@babel\parser\lib\index.js:11012:34)
      at TypeScriptParserMixin.parseExprOpRightExpr (D:\其他\研究生事务\综合考试\综合考试论文or博士论文模板\tactile-presentation-prototype\node_modules\@babel\parser\lib\index.js:11007:21)
      at TypeScriptParserMixin.parseExprOp (D:\其他\研究生事务\综合考试\综合考试论文or博士论文模板\tactile-presentation-prototype\node_modules\@babel\parser\lib\index.js:10973:27)
      at TypeScriptParserMixin.parseExprOp (D:\其他\研究生事务\综合考试\综合考试论文or博士论文模板\tactile-presentation-prototype\node_modules\@babel\parser\lib\index.js:9329:18)
      at TypeScriptParserMixin.parseExprOp (D:\其他\研究生事务\综合考试\综合考试论文or博士论文模板\tactile-presentation-prototype\node_modules\@babel\parser\lib\index.js:10979:21)
      at TypeScriptParserMixin.parseExprOp (D:\其他\研究生事务\综合考试\综合考试论文or博士论文模板\tactile-presentation-prototype\node_modules\@babel\parser\lib\index.js:9329:18)
      at TypeScriptParserMixin.parseExprOps (D:\其他\研究生事务\综合考试\综合考试论文or博士论文模板\tactile-presentation-prototype\node_modules\@babel\parser\lib\index.js:10934:17)
      at TypeScriptParserMixin.parseMaybeConditional (D:\其他\研究生事务\综合考试\综合考试论文or博士论文模板\tactile-presentation-prototype\node_modules\@babel\parser\lib\index.js:10907:23)
      at TypeScriptParserMixin.parseMaybeAssign (D:\其他\研究生事务\综合考试\综合考试论文or博士论文模板\tactile-presentation-prototype\node_modules\@babel\parser\lib\index.js:10857:21)
      at TypeScriptParserMixin.parseMaybeAssign (D:\其他\研究生事务\综合考试\综合考试论文or博士论文模板\tactile-presentation-prototype\node_modules\@babel\parser\lib\index.js:9809:20)
      at TypeScriptParserMixin.parseExpressionBase (D:\其他\研究生事务\综合考试\综合考试论文or博士论文模板\tactile-presentation-prototype\node_modules\@babel\parser\lib\index.js:10810:23)
      at D:\其他\研究生事务\综合考试\综合考试论文or博士论文模板\tactile-presentation-prototype\node_modules\@babel\parser\lib\index.js:10806:39
      at TypeScriptParserMixin.allowInAnd (D:\其他\研究生事务\综合考试\综合考试论文or博士论文模板\tactile-presentation-prototype\node_modules\@babel\parser\lib\index.js:12460:12)
      at TypeScriptParserMixin.parseExpression (D:\其他\研究生事务\综合考试\综合考试论文or博士论文模板\tactile-presentation-prototype\node_modules\@babel\parser\lib\index.js:10806:17)
      at TypeScriptParserMixin.jsxParseExpressionContainer (D:\其他\研究生事务\综合考试\综合考试论文or博士论文模板\tactile-presentation-prototype\node_modules\@babel\parser\lib\index.js:4650:31)
      at TypeScriptParserMixin.jsxParseElementAt (D:\其他\研究生事务\综合考试\综合考试论文or博士论文模板\tactile-presentation-prototype\node_modules\@babel\parser\lib\index.js:4729:36)
      at TypeScriptParserMixin.jsxParseElementAt (D:\其他\研究生事务\综合考试\综合考试论文or博士论文模板\tactile-presentation-prototype\node_modules\@babel\parser\lib\index.js:4716:32)
      at TypeScriptParserMixin.jsxParseElementAt (D:\其他\研究生事务\综合考试\综合考试论文or博士论文模板\tactile-presentation-prototype\node_modules\@babel\parser\lib\index.js:4716:32)
      at TypeScriptParserMixin.jsxParseElementAt (D:\其他\研究生事务\综合考试\综合考试论文or博士论文模板\tactile-presentation-prototype\node_modules\@babel\parser\lib\index.js:4716:32)
      at TypeScriptParserMixin.jsxParseElement (D:\其他\研究生事务\综合考试\综合考试论文or博士论文模板\tactile-presentation-prototype\node_modules\@babel\parser\lib\index.js:4767:17)
      at TypeScriptParserMixin.parseExprAtom (D:\其他\研究生事务\综合考试\综合考试论文or博士论文模板\tactile-presentation-prototype\node_modules\@babel\parser\lib\index.js:4777:19)
      at TypeScriptParserMixin.parseExprSubscripts (D:\其他\研究生事务\综合考试\综合考试论文or博士论文模板\tactile-presentation-prototype\node_modules\@babel\parser\lib\index.js:11107:23)
[2m16:49:30[22m [36m[1m[vite][22m[39m [90m[2m(client)[22m[39m [32mhmr update [39m[2m/src/App.tsx[22m
[2m16:49:31[22m [31m[1m[vite][22m[39m [31mInternal server error: D:\其他\研究生事务\综合考试\综合考试论文or博士论文模板\tactile-presentation-prototype\src\App.tsx: Adjacent JSX elements must be wrapped in an enclosing tag. Did you want a JSX fragment <>...</>? (986:10)

[0m [90m 984 |[31m           {layer [33m!==[31m [32m'ethics'[31m [33m&&[31m (
 [90m 985 |[31m           [33m<[31m[33mdiv[31m className[33m=[31m[32m"social-domain social-cooperation-domain"[31m[33m>[31m[33m<[31m[33mdiv[31m className[33m=[31m[32m"social-domain-label"[31m[33m>[31m[33m<[31m[33mspan[31m[33m>[31m[33mDOMAIN[31m [33mA[31m [33m/[31m [33mEMBODIED[31m [33mCOOPERATION[31m[33m<[31m[33m/[31m[33mspan[31m[33m>[31m[33m<[31m[33mstrong[31m[33m>[31m协同接触：理解人的意图，共同完成动作[33m<[31m[33m/[31m[33mstrong[31m[33m>[31m[33m<[31m[33m/[31m[33mdiv[31m[33m>[31m[33m<[31m[33mdiv[31m className[33m=[31m[32m"social-domain-flow"[31m[33m>[31m[33m<[31m[33mdiv[31m className[33m=[31m[32m"social-person social-human"[31m[33m>[31m[33m<[31m[33mspan[31m[33m>[31m人[33m<[31m[33m/[31m[33mspan[31m[33m>[31m[33m<[31m[33mstrong[31m[33m>[31m接触 [33m/[31m 意图[33m<[31m[33m/[31m[33mstrong[31m[33m>[31m[33m<[31m[33msmall[31m[33m>[31m姿态 · 语言 · 压力 · 节奏[33m<[31m[33m/[31m[33msmall[31m[33m>[31m[33m<[31m[33m/[31m[33mdiv[31m[33m>[31m[33m<[31m[33mi[31m className[33m=[31m[32m"social-domain-arrow social-link-cyan"[31m[33m>[31m→[33m<[31m[33m/[31m[33mi[31m[33m>[31m[33m<[31m[33mdiv[31m className[33m=[31m[32m"social-node social-understand"[31m[33m>[31m[33m<[31m[33mspan[31m[33m>[31m[35m01[31m[33m<[31m[33m/[31m[33mspan[31m[33m>[31m[33m<[31m[33mstrong[31m[33m>[31m理解[33m<[31m[33m/[31m[33mstrong[31m[33m>[31m[33m<[31m[33msmall[31m[33m>[31m保护 · 协作 · 社会语义[33m<[31m[33m/[31m[33msmall[31m[33m>[31m[33m<[31m[33m/[31m[33mdiv[31m[33m>[31m[33m<[31m[33mi[31m className[33m=[31m[32m"social-domain-arrow social-link-cyan"[31m[33m>[31m→[33m<[31m[33m/[31m[33mi[31m[33m>[31m[33m<[31m[33mdiv[31m className[33m=[31m[32m"social-node social-plan"[31m[33m>[31m[33m<[31m[33mspan[31m[33m>[31m[35m02[31m[33m<[31m[33m/[31m[33mspan[31m[33m>[31m[33m<[31m[33mstrong[31m[33m>[31m协商[33m<[31m[33m/[31m[33mstrong[31m[33m>[31m[33m<[31m[33msmall[31m[33m>[31m任务阶段 · 边界 · 不确定性[33m<[31m[33m/[31m[33msmall[31m[33m>[31m[33m<[31m[33m/[31m[33mdiv[31m[33m>[31m[33m<[31m[33mi[31m className[33m=[31m[32m"social-domain-arrow social-link-cyan"[31m[33m>[31m→[33m<[31m[33m/[31m[33mi[31m[33m>[31m[33m<[31m[33mdiv[31m className[33m=[31m[32m"social-person social-robot"[31m[33m>[31m[33m<[31m[33mspan[31m[33m>[31m具身智能体[33m<[31m[33m/[31m[33mspan[31m[33m>[31m[33m<[31m[33mstrong[31m[33m>[31m动作 [33m/[31m 回应[33m<[31m[33m/[31m[33mstrong[31m[33m>[31m[33m<[31m[33msmall[31m[33m>[31m交接 · 搀扶 · 引导 · 退出[33m<[31m[33m/[31m[33msmall[31m[33m>[31m[33m<[31m[33m/[31m[33mdiv[31m[33m>[31m[33m<[31m[33m/[31m[33mdiv[31m[33m>[31m[33m<[31m[33m/[31m[33mdiv[31m[33m>[31m
[31m[1m>[22m[31m[90m 986 |[31m           [33m<[31m[33mdiv[31m className[33m=[31m[32m"social-domain social-communication-domain"[31m[33m>[31m[33m<[31m[33mdiv[31m className[33m=[31m[32m"social-domain-label"[31m[33m>[31m[33m<[31m[33mspan[31m[33m>[31m[33mDOMAIN[31m [33mB[31m [33m/[31m [33mHAPTIC[31m [33mCOMMUNICATION[31m [33m&[31mamp[33m;[31m [33mDISPLAY[31m[33m<[31m[33m/[31m[33mspan[31m[33m>[31m[33m<[31m[33mstrong[31m[33m>[31m触觉通信：编码接触事件，在另一端安全再现[33m<[31m[33m/[31m[33mstrong[31m[33m>[31m[33m<[31m[33m/[31m[33mdiv[31m[33m>[31m[33m<[31m[33mdiv[31m className[33m=[31m[32m"social-domain-flow"[31m[33m>[31m[33m<[31m[33mdiv[31m className[33m=[31m[32m"social-node social-source"[31m[33m>[31m[33m<[31m[33mspan[31m[33m>[31m发送端[33m<[31m[33m/[31m[33mspan[31m[33m>[31m[33m<[31m[33mstrong[31m[33m>[31m接触事件 [33m/[31m 动力学语义[33m<[31m[33m/[31m[33mstrong[31m[33m>[31m[33m<[31m[33msmall[31m[33m>[31m位置 · 意图 · 力学状态[33m<[31m[33m/[31m[33msmall[31m[33m>[31m[33m<[31m[33m/[31m[33mdiv[31m[33m>[31m[33m<[31m[33mi[31m className[33m=[31m[32m"social-domain-arrow social-link-violet"[31m[33m>[31m⇄[33m<[31m[33m/[31m[33mi[31m[33m>[31m[33m<[31m[33mdiv[31m className[33m=[31m[32m"social-node social-render"[31m[33m>[31m[33m<[31m[33mspan[31m[33m>[31m通信与映射[33m<[31m[33m/[31m[33mspan[31m[33m>[31m[33m<[31m[33mstrong[31m[33m>[31m触觉输出 [33m/[31m 再现[33m<[31m[33m/[31m[33mstrong[31m[33m>[31m[33m<[31m[33msmall[31m[33m>[31m力 · 振动 · 压力 · 形变 · 温度[33m<[31m[33m/[31m[33msmall[31m[33m>[31m[33m<[31m[33m/[31m[33mdiv[31m[33m>[31m[33m<[31m[33mi[31m className[33m=[31m[32m"social-domain-arrow social-link-violet"[31m[33m>[31m⇄[33m<[31m[33m/[31m[33mi[31m[33m>[31m[33m<[31m[33mdiv[31m className[33m=[31m[32m"social-node social-receiver"[31m[33m>[31m[33m<[31m[33mspan[31m[33m>[31m接收端[33m<[31m[33m/[31m[33mspan[31m[33m>[31m[33m<[31m[33mstrong[31m[33m>[31m远程力觉 [33m/[31m 社交机器人[33m<[31m[33m/[31m[33mstrong[31m[33m>[31m[33m<[31m[33msmall[31m[33m>[31m可辨认 · 受限 · 可稳定[33m<[31m[33m/[31m[33msmall[31m[33m>[31m[33m<[31m[33m/[31m[33mdiv[31m[33m>[31m[33m<[31m[33m/[31m[33mdiv[31m[33m>[31m[33m<[31m[33m/[31m[33mdiv[31m[33m>[31m
 [90m     |[31m           [31m[1m^[22m[31m
 [90m 987 |[31m           )}
 [90m 988 |[31m           {layer [33m===[31m [32m'ethics'[31m [33m&&[31m [33m<[31m[33m>[31m[33m<[31m[33mdiv[31m className[33m=[31m[32m"social-guardrail social-ethics-card"[31m[33m>[31m[33m<[31m[33mspan[31m[33m>[31m不可越过的底线[33m<[31m[33m/[31m[33mspan[31m[33m>[31m[33m<[31m[33mstrong[31m[33m>[31m持续同意 · 实时撤回 · 保守降级[33m<[31m[33m/[31m[33mstrong[31m[33m>[31m[33m<[31m[33msmall[31m[33m>[31m任何社会语义推理，都不能延迟碰撞、夹伤和过载的安全响应。[33m<[31m[33m/[31m[33msmall[31m[33m>[31m[33m<[31m[33m/[31m[33mdiv[31m[33m>[31m[33m<[31m[33mdiv[31m className[33m=[31m[32m"social-eval-strip social-ethics-card"[31m[33m>[31m[33m<[31m[33mdiv[31m[33m>[31m[33m<[31m[33mspan[31m[33m>[31m评价闭环[33m<[31m[33m/[31m[33mspan[31m[33m>[31m[33m<[31m[33mstrong[31m[33m>[31m从“能不能识别”走向“是否安全、舒适、合规、可迁移”[33m<[31m[33m/[31m[33mstrong[31m[33m>[31m[33m<[31m[33m/[31m[33mdiv[31m[33m>[31m[33m<[31m[33mb[31m[33m>[31m物理安全[33m<[31m[33m/[31m[33mb[31m[33m>[31m[33m<[31m[33mb[31m[33m>[31m意图与阶段[33m<[31m[33m/[31m[33mb[31m[33m>[31m[33m<[31m[33mb[31m[33m>[31m舒适 [33m/[31m 信任[33m<[31m[33m/[31m[33mb[31m[33m>[31m[33m<[31m[33mb[31m[33m>[31m跨人群与长期[33m<[31m[33m/[31m[33mb[31m[33m>[31m[33m<[31m[35m/div></[31m[33m>[31m}
 [90m 989 |[31m       [33m<[31m[33m/[31m[33msection[31m[33m>[31m[0m[39m
  Plugin: [35mvite:react-babel[39m
  File: [36mD:/其他/研究生事务/综合考试/综合考试论文or博士论文模板/tactile-presentation-prototype/src/App.tsx[39m:986:10
[33m  986|            <div className="social-domain social-communication-domain"><div className="social-domain-label"><span>DOMAIN B / HAPTIC COMMUNICATION &amp; DISPLAY</span><strong>触觉通信：编码接触事件，在另一端安全再现</strong></div><div className="social-domain-flow"><div className="social-node social-source"><span>发送端</span><strong>接触事件 / 动力学语义</strong><small>位置 · 意图 · 力学状态</small></div><i className="social-domain-arrow social-link-violet">⇄</i><div className="social-node social-render"><span>通信与映射</span><strong>触觉输出 / 再现</strong><small>力 · 振动 · 压力 · 形变 · 温度</small></div><i className="social-domain-arrow social-link-violet">⇄</i><div className="social-node social-receiver"><span>接收端</span><strong>远程力觉 / 社交机器人</strong><small>可辨认 · 受限 · 可稳定</small></div></div></div>
  987|            )}
  988|            {layer === 'ethics' && <><div className="social-guardrail social-ethics-card"><span>不可越过的底线</span><strong>持续同意 · 实时撤回 · 保守降级</strong><small>任何社会语义推理，都不能延迟碰撞、夹伤和过载的安全响应。</small></div><div className="social-eval-strip social-ethics-card"><div><span>评价闭环</span><strong>从“能不能识别”走向“是否安全、舒适、合规、可迁移”</strong></div><b>物理安全</b><b>意图与阶段</b><b>舒适 / 信任</b><b>跨人群与长期</b></div></>}
     |                                                                                                                                                                                                                                      ^
  989|        </section>
  990|      </div>[39m
      at constructor (D:\其他\研究生事务\综合考试\综合考试论文or博士论文模板\tactile-presentation-prototype\node_modules\@babel\parser\lib\index.js:369:19)
      at TypeScriptParserMixin.raise (D:\其他\研究生事务\综合考试\综合考试论文or博士论文模板\tactile-presentation-prototype\node_modules\@babel\parser\lib\index.js:6622:19)
      at TypeScriptParserMixin.jsxParseElementAt (D:\其他\研究生事务\综合考试\综合考试论文or博士论文模板\tactile-presentation-prototype\node_modules\@babel\parser\lib\index.js:4760:18)
      at TypeScriptParserMixin.jsxParseElement (D:\其他\研究生事务\综合考试\综合考试论文or博士论文模板\tactile-presentation-prototype\node_modules\@babel\parser\lib\index.js:4767:17)
      at TypeScriptParserMixin.parseExprAtom (D:\其他\研究生事务\综合考试\综合考试论文or博士论文模板\tactile-presentation-prototype\node_modules\@babel\parser\lib\index.js:4777:19)
      at TypeScriptParserMixin.parseExprSubscripts (D:\其他\研究生事务\综合考试\综合考试论文or博士论文模板\tactile-presentation-prototype\node_modules\@babel\parser\lib\index.js:11107:23)
      at TypeScriptParserMixin.parseUpdate (D:\其他\研究生事务\综合考试\综合考试论文or博士论文模板\tactile-presentation-prototype\node_modules\@babel\parser\lib\index.js:11092:21)
      at TypeScriptParserMixin.parseMaybeUnary (D:\其他\研究生事务\综合考试\综合考试论文or博士论文模板\tactile-presentation-prototype\node_modules\@babel\parser\lib\index.js:11072:23)
      at TypeScriptParserMixin.parseMaybeUnary (D:\其他\研究生事务\综合考试\综合考试论文or博士论文模板\tactile-presentation-prototype\node_modules\@babel\parser\lib\index.js:9860:18)
      at TypeScriptParserMixin.parseMaybeUnaryOrPrivate (D:\其他\研究生事务\综合考试\综合考试论文or博士论文模板\tactile-presentation-prototype\node_modules\@babel\parser\lib\index.js:10925:61)
      at TypeScriptParserMixin.parseExprOps (D:\其他\研究生事务\综合考试\综合考试论文or博士论文模板\tactile-presentation-prototype\node_modules\@babel\parser\lib\index.js:10930:23)
      at TypeScriptParserMixin.parseMaybeConditional (D:\其他\研究生事务\综合考试\综合考试论文or博士论文模板\tactile-presentation-prototype\node_modules\@babel\parser\lib\index.js:10907:23)
      at TypeScriptParserMixin.parseMaybeAssign (D:\其他\研究生事务\综合考试\综合考试论文or博士论文模板\tactile-presentation-prototype\node_modules\@babel\parser\lib\index.js:10857:21)
      at D:\其他\研究生事务\综合考试\综合考试论文or博士论文模板\tactile-presentation-prototype\node_modules\@babel\parser\lib\index.js:9798:39
      at TypeScriptParserMixin.tryParse (D:\其他\研究生事务\综合考试\综合考试论文or博士论文模板\tactile-presentation-prototype\node_modules\@babel\parser\lib\index.js:6930:20)
      at TypeScriptParserMixin.parseMaybeAssign (D:\其他\研究生事务\综合考试\综合考试论文or博士论文模板\tactile-presentation-prototype\node_modules\@babel\parser\lib\index.js:9798:18)
      at D:\其他\研究生事务\综合考试\综合考试论文or博士论文模板\tactile-presentation-prototype\node_modules\@babel\parser\lib\index.js:10826:39
      at TypeScriptParserMixin.allowInAnd (D:\其他\研究生事务\综合考试\综合考试论文or博士论文模板\tactile-presentation-prototype\node_modules\@babel\parser\lib\index.js:12460:12)
      at TypeScriptParserMixin.parseMaybeAssignAllowIn (D:\其他\研究生事务\综合考试\综合考试论文or博士论文模板\tactile-presentation-prototype\node_modules\@babel\parser\lib\index.js:10826:17)
      at TypeScriptParserMixin.parseMaybeAssignAllowInOrVoidPattern (D:\其他\研究生事务\综合考试\综合考试论文or博士论文模板\tactile-presentation-prototype\node_modules\@babel\parser\lib\index.js:12527:17)
      at TypeScriptParserMixin.parseParenAndDistinguishExpression (D:\其他\研究生事务\综合考试\综合考试论文or博士论文模板\tactile-presentation-prototype\node_modules\@babel\parser\lib\index.js:11706:28)
      at TypeScriptParserMixin.parseExprAtom (D:\其他\研究生事务\综合考试\综合考试论文or博士论文模板\tactile-presentation-prototype\node_modules\@babel\parser\lib\index.js:11362:23)
      at TypeScriptParserMixin.parseExprAtom (D:\其他\研究生事务\综合考试\综合考试论文or博士论文模板\tactile-presentation-prototype\node_modules\@babel\parser\lib\index.js:4782:20)
      at TypeScriptParserMixin.parseExprSubscripts (D:\其他\研究生事务\综合考试\综合考试论文or博士论文模板\tactile-presentation-prototype\node_modules\@babel\parser\lib\index.js:11107:23)
      at TypeScriptParserMixin.parseUpdate (D:\其他\研究生事务\综合考试\综合考试论文or博士论文模板\tactile-presentation-prototype\node_modules\@babel\parser\lib\index.js:11092:21)
      at TypeScriptParserMixin.parseMaybeUnary (D:\其他\研究生事务\综合考试\综合考试论文or博士论文模板\tactile-presentation-prototype\node_modules\@babel\parser\lib\index.js:11072:23)
      at TypeScriptParserMixin.parseMaybeUnary (D:\其他\研究生事务\综合考试\综合考试论文or博士论文模板\tactile-presentation-prototype\node_modules\@babel\parser\lib\index.js:9860:18)
      at TypeScriptParserMixin.parseMaybeUnaryOrPrivate (D:\其他\研究生事务\综合考试\综合考试论文or博士论文模板\tactile-presentation-prototype\node_modules\@babel\parser\lib\index.js:10925:61)
      at TypeScriptParserMixin.parseExprOpBaseRightExpr (D:\其他\研究生事务\综合考试\综合考试论文or博士论文模板\tactile-presentation-prototype\node_modules\@babel\parser\lib\index.js:11012:34)
      at TypeScriptParserMixin.parseExprOpRightExpr (D:\其他\研究生事务\综合考试\综合考试论文or博士论文模板\tactile-presentation-prototype\node_modules\@babel\parser\lib\index.js:11007:21)
      at TypeScriptParserMixin.parseExprOp (D:\其他\研究生事务\综合考试\综合考试论文or博士论文模板\tactile-presentation-prototype\node_modules\@babel\parser\lib\index.js:10973:27)
      at TypeScriptParserMixin.parseExprOp (D:\其他\研究生事务\综合考试\综合考试论文or博士论文模板\tactile-presentation-prototype\node_modules\@babel\parser\lib\index.js:9329:18)
      at TypeScriptParserMixin.parseExprOp (D:\其他\研究生事务\综合考试\综合考试论文or博士论文模板\tactile-presentation-prototype\node_modules\@babel\parser\lib\index.js:10979:21)
      at TypeScriptParserMixin.parseExprOp (D:\其他\研究生事务\综合考试\综合考试论文or博士论文模板\tactile-presentation-prototype\node_modules\@babel\parser\lib\index.js:9329:18)
      at TypeScriptParserMixin.parseExprOps (D:\其他\研究生事务\综合考试\综合考试论文or博士论文模板\tactile-presentation-prototype\node_modules\@babel\parser\lib\index.js:10934:17)
      at TypeScriptParserMixin.parseMaybeConditional (D:\其他\研究生事务\综合考试\综合考试论文or博士论文模板\tactile-presentation-prototype\node_modules\@babel\parser\lib\index.js:10907:23)
      at TypeScriptParserMixin.parseMaybeAssign (D:\其他\研究生事务\综合考试\综合考试论文or博士论文模板\tactile-presentation-prototype\node_modules\@babel\parser\lib\index.js:10857:21)
      at TypeScriptParserMixin.parseMaybeAssign (D:\其他\研究生事务\综合考试\综合考试论文or博士论文模板\tactile-presentation-prototype\node_modules\@babel\parser\lib\index.js:9809:20)
      at TypeScriptParserMixin.parseExpressionBase (D:\其他\研究生事务\综合考试\综合考试论文or博士论文模板\tactile-presentation-prototype\node_modules\@babel\parser\lib\index.js:10810:23)
      at D:\其他\研究生事务\综合考试\综合考试论文or博士论文模板\tactile-presentation-prototype\node_modules\@babel\parser\lib\index.js:10806:39
      at TypeScriptParserMixin.allowInAnd (D:\其他\研究生事务\综合考试\综合考试论文or博士论文模板\tactile-presentation-prototype\node_modules\@babel\parser\lib\index.js:12460:12)
      at TypeScriptParserMixin.parseExpression (D:\其他\研究生事务\综合考试\综合考试论文or博士论文模板\tactile-presentation-prototype\node_modules\@babel\parser\lib\index.js:10806:17)
      at TypeScriptParserMixin.jsxParseExpressionContainer (D:\其他\研究生事务\综合考试\综合考试论文or博士论文模板\tactile-presentation-prototype\node_modules\@babel\parser\lib\index.js:4650:31)
      at TypeScriptParserMixin.jsxParseElementAt (D:\其他\研究生事务\综合考试\综合考试论文or博士论文模板\tactile-presentation-prototype\node_modules\@babel\parser\lib\index.js:4729:36)
      at TypeScriptParserMixin.jsxParseElementAt (D:\其他\研究生事务\综合考试\综合考试论文or博士论文模板\tactile-presentation-prototype\node_modules\@babel\parser\lib\index.js:4716:32)
      at TypeScriptParserMixin.jsxParseElementAt (D:\其他\研究生事务\综合考试\综合考试论文or博士论文模板\tactile-presentation-prototype\node_modules\@babel\parser\lib\index.js:4716:32)
      at TypeScriptParserMixin.jsxParseElementAt (D:\其他\研究生事务\综合考试\综合考试论文or博士论文模板\tactile-presentation-prototype\node_modules\@babel\parser\lib\index.js:4716:32)
      at TypeScriptParserMixin.jsxParseElement (D:\其他\研究生事务\综合考试\综合考试论文or博士论文模板\tactile-presentation-prototype\node_modules\@babel\parser\lib\index.js:4767:17)
      at TypeScriptParserMixin.parseExprAtom (D:\其他\研究生事务\综合考试\综合考试论文or博士论文模板\tactile-presentation-prototype\node_modules\@babel\parser\lib\index.js:4777:19)
      at TypeScriptParserMixin.parseExprSubscripts (D:\其他\研究生事务\综合考试\综合考试论文or博士论文模板\tactile-presentation-prototype\node_modules\@babel\parser\lib\index.js:11107:23)
[2m16:50:36[22m [36m[1m[vite][22m[39m [90m[2m(client)[22m[39m [32mhmr update [39m[2m/src/styles.css[22m
[2m16:50:48[22m [36m[1m[vite][22m[39m [90m[2m(client)[22m[39m [32mhmr update [39m[2m/src/styles.css[22m
[2m16:50:56[22m [36m[1m[vite][22m[39m [90m[2m(client)[22m[39m [32mhmr update [39m[2m/src/styles.css[22m
[2m16:53:38[22m [36m[1m[vite][22m[39m [90m[2m(client)[22m[39m [32mhmr update [39m[2m/src/App.tsx[22m
[2m16:53:38[22m [31m[1m[vite][22m[39m [31mInternal server error: D:\其他\研究生事务\综合考试\综合考试论文or博士论文模板\tactile-presentation-prototype\src\App.tsx: Unexpected token, expected "," (986:10)

[0m [90m 984 |[31m           {layer [33m!==[31m [32m'ethics'[31m [33m&&[31m (
 [90m 985 |[31m           [33m<[31m[33mdiv[31m className[33m=[31m[32m"social-domain social-cooperation-domain"[31m[33m>[31m[33m<[31m[33mdiv[31m className[33m=[31m[32m"social-domain-label"[31m[33m>[31m[33m<[31m[33mspan[31m[33m>[31m[33mDOMAIN[31m [33mA[31m [33m/[31m [33mEMBODIED[31m [33mCOOPERATION[31m[33m<[31m[33m/[31m[33mspan[31m[33m>[31m[33m<[31m[33mstrong[31m[33m>[31m协同接触：理解人的意图，共同完成动作[33m<[31m[33m/[31m[33mstrong[31m[33m>[31m[33m<[31m[33m/[31m[33mdiv[31m[33m>[31m[33m<[31m[33mdiv[31m className[33m=[31m[32m"social-domain-flow"[31m[33m>[31m[33m<[31m[33mdiv[31m className[33m=[31m[32m"social-person social-human"[31m[33m>[31m[33m<[31m[33mspan[31m[33m>[31m人[33m<[31m[33m/[31m[33mspan[31m[33m>[31m[33m<[31m[33mstrong[31m[33m>[31m接触 [33m/[31m 意图[33m<[31m[33m/[31m[33mstrong[31m[33m>[31m[33m<[31m[33msmall[31m[33m>[31m姿态 · 语言 · 压力 · 节奏[33m<[31m[33m/[31m[33msmall[31m[33m>[31m[33m<[31m[33m/[31m[33mdiv[31m[33m>[31m[33m<[31m[33mi[31m className[33m=[31m[32m"social-domain-arrow social-link-cyan"[31m[33m>[31m→[33m<[31m[33m/[31m[33mi[31m[33m>[31m[33m<[31m[33mdiv[31m className[33m=[31m[32m"social-node social-understand"[31m[33m>[31m[33m<[31m[33mspan[31m[33m>[31m[35m01[31m[33m<[31m[33m/[31m[33mspan[31m[33m>[31m[33m<[31m[33mstrong[31m[33m>[31m理解[33m<[31m[33m/[31m[33mstrong[31m[33m>[31m[33m<[31m[33msmall[31m[33m>[31m保护 · 协作 · 社会语义[33m<[31m[33m/[31m[33msmall[31m[33m>[31m[33m<[31m[33m/[31m[33mdiv[31m[33m>[31m[33m<[31m[33mi[31m className[33m=[31m[32m"social-domain-arrow social-link-cyan"[31m[33m>[31m→[33m<[31m[33m/[31m[33mi[31m[33m>[31m[33m<[31m[33mdiv[31m className[33m=[31m[32m"social-node social-plan"[31m[33m>[31m[33m<[31m[33mspan[31m[33m>[31m[35m02[31m[33m<[31m[33m/[31m[33mspan[31m[33m>[31m[33m<[31m[33mstrong[31m[33m>[31m协商[33m<[31m[33m/[31m[33mstrong[31m[33m>[31m[33m<[31m[33msmall[31m[33m>[31m任务阶段 · 边界 · 不确定性[33m<[31m[33m/[31m[33msmall[31m[33m>[31m[33m<[31m[33m/[31m[33mdiv[31m[33m>[31m[33m<[31m[33mi[31m className[33m=[31m[32m"social-domain-arrow social-link-cyan"[31m[33m>[31m→[33m<[31m[33m/[31m[33mi[31m[33m>[31m[33m<[31m[33mdiv[31m className[33m=[31m[32m"social-person social-robot"[31m[33m>[31m[33m<[31m[33mspan[31m[33m>[31m具身智能体[33m<[31m[33m/[31m[33mspan[31m[33m>[31m[33m<[31m[33mstrong[31m[33m>[31m动作 [33m/[31m 回应[33m<[31m[33m/[31m[33mstrong[31m[33m>[31m[33m<[31m[33msmall[31m[33m>[31m交接 · 搀扶 · 引导 · 退出[33m<[31m[33m/[31m[33msmall[31m[33m>[31m[33m<[31m[33m/[31m[33mdiv[31m[33m>[31m[33m<[31m[33m/[31m[33mdiv[31m[33m>[31m[33m<[31m[33m/[31m[33mdiv[31m[33m>[31m
[31m[1m>[22m[31m[90m 986 |[31m           {layer [33m===[31m [32m'communication'[31m [33m&&[31m [33m<[31m[33mdiv[31m className[33m=[31m[32m"social-domain social-communication-domain"[31m[33m>[31m[33m<[31m[33mdiv[31m className[33m=[31m[32m"social-domain-label"[31m[33m>[31m[33m<[31m[33mspan[31m[33m>[31m[33mDOMAIN[31m [33mB[31m [33m/[31m [33mHAPTIC[31m [33mCOMMUNICATION[31m [33m&[31mamp[33m;[31m [33mDISPLAY[31m[33m<[31m[33m/[31m[33mspan[31m[33m>[31m[33m<[31m[33mstrong[31m[33m>[31m触觉通信：编码接触事件，在另一端安全再现[33m<[31m[33m/[31m[33mstrong[31m[33m>[31m[33m<[31m[33m/[31m[33mdiv[31m[33m>[31m[33m<[31m[33mdiv[31m className[33m=[31m[32m"social-domain-flow"[31m[33m>[31m[33m<[31m[33mdiv[31m className[33m=[31m[32m"social-node social-source"[31m[33m>[31m[33m<[31m[33mspan[31m[33m>[31m发送端[33m<[31m[33m/[31m[33mspan[31m[33m>[31m[33m<[31m[33mstrong[31m[33m>[31m接触事件 [33m/[31m 动力学语义[33m<[31m[33m/[31m[33mstrong[31m[33m>[31m[33m<[31m[33msmall[31m[33m>[31m位置 · 意图 · 力学状态[33m<[31m[33m/[31m[33msmall[31m[33m>[31m[33m<[31m[33m/[31m[33mdiv[31m[33m>[31m[33m<[31m[33mi[31m className[33m=[31m[32m"social-domain-arrow social-link-violet"[31m[33m>[31m⇄[33m<[31m[33m/[31m[33mi[31m[33m>[31m[33m<[31m[33mdiv[31m className[33m=[31m[32m"social-node social-render"[31m[33m>[31m[33m<[31m[33mspan[31m[33m>[31m通信与映射[33m<[31m[33m/[31m[33mspan[31m[33m>[31m[33m<[31m[33mstrong[31m[33m>[31m触觉输出 [33m/[31m 再现[33m<[31m[33m/[31m[33mstrong[31m[33m>[31m[33m<[31m[33msmall[31m[33m>[31m力 · 振动 · 压力 · 形变 · 温度[33m<[31m[33m/[31m[33msmall[31m[33m>[31m[33m<[31m[33m/[31m[33mdiv[31m[33m>[31m[33m<[31m[33mi[31m className[33m=[31m[32m"social-domain-arrow social-link-violet"[31m[33m>[31m⇄[33m<[31m[33m/[31m[33mi[31m[33m>[31m[33m<[31m[33mdiv[31m className[33m=[31m[32m"social-node social-receiver"[31m[33m>[31m[33m<[31m[33mspan[31m[33m>[31m接收端[33m<[31m[33m/[31m[33mspan[31m[33m>[31m[33m<[31m[33mstrong[31m[33m>[31m远程力觉 [33m/[31m 社交机器人[33m<[31m[33m/[31m[33mstrong[31m[33m>[31m[33m<[31m[33msmall[31m[33m>[31m可辨认 · 受限 · 可稳定[33m<[31m[33m/[31m[33msmall[31m[33m>[31m[33m<[31m[33m/[31m[33mdiv[31m[33m>[31m[33m<[31m[33m/[31m[33mdiv[31m[33m>[31m[33m<[31m[33m/[31m[33mdiv[31m[33m>[31m
 [90m     |[31m           [31m[1m^[22m[31m
 [90m 987 |[31m           )}
 [90m 988 |[31m           {layer [33m===[31m [32m'ethics'[31m [33m&&[31m [33m<[31m[33m>[31m[33m<[31m[33mdiv[31m className[33m=[31m[32m"social-guardrail social-ethics-card"[31m[33m>[31m[33m<[31m[33mspan[31m[33m>[31m不可越过的底线[33m<[31m[33m/[31m[33mspan[31m[33m>[31m[33m<[31m[33mstrong[31m[33m>[31m持续同意 · 实时撤回 · 保守降级[33m<[31m[33m/[31m[33mstrong[31m[33m>[31m[33m<[31m[33msmall[31m[33m>[31m任何社会语义推理，都不能延迟碰撞、夹伤和过载的安全响应。[33m<[31m[33m/[31m[33msmall[31m[33m>[31m[33m<[31m[33m/[31m[33mdiv[31m[33m>[31m[33m<[31m[33mdiv[31m className[33m=[31m[32m"social-eval-strip social-ethics-card"[31m[33m>[31m[33m<[31m[33mdiv[31m[33m>[31m[33m<[31m[33mspan[31m[33m>[31m评价闭环[33m<[31m[33m/[31m[33mspan[31m[33m>[31m[33m<[31m[33mstrong[31m[33m>[31m从“能不能识别”走向“是否安全、舒适、合规、可迁移”[33m<[31m[33m/[31m[33mstrong[31m[33m>[31m[33m<[31m[33m/[31m[33mdiv[31m[33m>[31m[33m<[31m[33mb[31m[33m>[31m物理安全[33m<[31m[33m/[31m[33mb[31m[33m>[31m[33m<[31m[33mb[31m[33m>[31m意图与阶段[33m<[31m[33m/[31m[33mb[31m[33m>[31m[33m<[31m[33mb[31m[33m>[31m舒适 [33m/[31m 信任[33m<[31m[33m/[31m[33mb[31m[33m>[31m[33m<[31m[33mb[31m[33m>[31m跨人群与长期[33m<[31m[33m/[31m[33mb[31m[33m>[31m[33m<[31m[35m/div></[31m[33m>[31m}
 [90m 989 |[31m       [33m<[31m[33m/[31m[33msection[31m[33m>[31m[0m[39m
  Plugin: [35mvite:react-babel[39m
  File: [36mD:/其他/研究生事务/综合考试/综合考试论文or博士论文模板/tactile-presentation-prototype/src/App.tsx[39m:986:10
[33m  986|            {layer === 'communication' && <div className="social-domain social-communication-domain"><div className="social-domain-label"><span>DOMAIN B / HAPTIC COMMUNICATION &amp; DISPLAY</span><strong>触觉通信：编码接触事件，在另一端安全再现</strong></div><div className="social-domain-flow"><div className="social-node social-source"><span>发送端</span><strong>接触事件 / 动力学语义</strong><small>位置 · 意图 · 力学状态</small></div><i className="social-domain-arrow social-link-violet">⇄</i><div className="social-node social-render"><span>通信与映射</span><strong>触觉输出 / 再现</strong><small>力 · 振动 · 压力 · 形变 · 温度</small></div><i className="social-domain-arrow social-link-violet">⇄</i><div className="social-node social-receiver"><span>接收端</span><strong>远程力觉 / 社交机器人</strong><small>可辨认 · 受限 · 可稳定</small></div></div></div>
  987|            )}
  988|            {layer === 'ethics' && <><div className="social-guardrail social-ethics-card"><span>不可越过的底线</span><strong>持续同意 · 实时撤回 · 保守降级</strong><small>任何社会语义推理，都不能延迟碰撞、夹伤和过载的安全响应。</small></div><div className="social-eval-strip social-ethics-card"><div><span>评价闭环</span><strong>从“能不能识别”走向“是否安全、舒适、合规、可迁移”</strong></div><b>物理安全</b><b>意图与阶段</b><b>舒适 / 信任</b><b>跨人群与长期</b></div></>}
     |                                                                                                                                                                                                           ^
  989|        </section>
  990|      </div>[39m
      at constructor (D:\其他\研究生事务\综合考试\综合考试论文or博士论文模板\tactile-presentation-prototype\node_modules\@babel\parser\lib\index.js:369:19)
      at TypeScriptParserMixin.raise (D:\其他\研究生事务\综合考试\综合考试论文or博士论文模板\tactile-presentation-prototype\node_modules\@babel\parser\lib\index.js:6622:19)
      at TypeScriptParserMixin.unexpected (D:\其他\研究生事务\综合考试\综合考试论文or博士论文模板\tactile-presentation-prototype\node_modules\@babel\parser\lib\index.js:6642:16)
      at TypeScriptParserMixin.expect (D:\其他\研究生事务\综合考试\综合考试论文or博士论文模板\tactile-presentation-prototype\node_modules\@babel\parser\lib\index.js:6922:12)
      at TypeScriptParserMixin.parseParenAndDistinguishExpression (D:\其他\研究生事务\综合考试\综合考试论文or博士论文模板\tactile-presentation-prototype\node_modules\@babel\parser\lib\index.js:11692:14)
      at TypeScriptParserMixin.parseExprAtom (D:\其他\研究生事务\综合考试\综合考试论文or博士论文模板\tactile-presentation-prototype\node_modules\@babel\parser\lib\index.js:11362:23)
      at TypeScriptParserMixin.parseExprAtom (D:\其他\研究生事务\综合考试\综合考试论文or博士论文模板\tactile-presentation-prototype\node_modules\@babel\parser\lib\index.js:4782:20)
      at TypeScriptParserMixin.parseExprSubscripts (D:\其他\研究生事务\综合考试\综合考试论文or博士论文模板\tactile-presentation-prototype\node_modules\@babel\parser\lib\index.js:11107:23)
      at TypeScriptParserMixin.parseUpdate (D:\其他\研究生事务\综合考试\综合考试论文or博士论文模板\tactile-presentation-prototype\node_modules\@babel\parser\lib\index.js:11092:21)
      at TypeScriptParserMixin.parseMaybeUnary (D:\其他\研究生事务\综合考试\综合考试论文or博士论文模板\tactile-presentation-prototype\node_modules\@babel\parser\lib\index.js:11072:23)
      at TypeScriptParserMixin.parseMaybeUnary (D:\其他\研究生事务\综合考试\综合考试论文or博士论文模板\tactile-presentation-prototype\node_modules\@babel\parser\lib\index.js:9860:18)
      at TypeScriptParserMixin.parseMaybeUnaryOrPrivate (D:\其他\研究生事务\综合考试\综合考试论文or博士论文模板\tactile-presentation-prototype\node_modules\@babel\parser\lib\index.js:10925:61)
      at TypeScriptParserMixin.parseExprOpBaseRightExpr (D:\其他\研究生事务\综合考试\综合考试论文or博士论文模板\tactile-presentation-prototype\node_modules\@babel\parser\lib\index.js:11012:34)
      at TypeScriptParserMixin.parseExprOpRightExpr (D:\其他\研究生事务\综合考试\综合考试论文or博士论文模板\tactile-presentation-prototype\node_modules\@babel\parser\lib\index.js:11007:21)
      at TypeScriptParserMixin.parseExprOp (D:\其他\研究生事务\综合考试\综合考试论文or博士论文模板\tactile-presentation-prototype\node_modules\@babel\parser\lib\index.js:10973:27)
      at TypeScriptParserMixin.parseExprOp (D:\其他\研究生事务\综合考试\综合考试论文or博士论文模板\tactile-presentation-prototype\node_modules\@babel\parser\lib\index.js:9329:18)
      at TypeScriptParserMixin.parseExprOp (D:\其他\研究生事务\综合考试\综合考试论文or博士论文模板\tactile-presentation-prototype\node_modules\@babel\parser\lib\index.js:10979:21)
      at TypeScriptParserMixin.parseExprOp (D:\其他\研究生事务\综合考试\综合考试论文or博士论文模板\tactile-presentation-prototype\node_modules\@babel\parser\lib\index.js:9329:18)
      at TypeScriptParserMixin.parseExprOps (D:\其他\研究生事务\综合考试\综合考试论文or博士论文模板\tactile-presentation-prototype\node_modules\@babel\parser\lib\index.js:10934:17)
      at TypeScriptParserMixin.parseMaybeConditional (D:\其他\研究生事务\综合考试\综合考试论文or博士论文模板\tactile-presentation-prototype\node_modules\@babel\parser\lib\index.js:10907:23)
      at TypeScriptParserMixin.parseMaybeAssign (D:\其他\研究生事务\综合考试\综合考试论文or博士论文模板\tactile-presentation-prototype\node_modules\@babel\parser\lib\index.js:10857:21)
      at TypeScriptParserMixin.parseMaybeAssign (D:\其他\研究生事务\综合考试\综合考试论文or博士论文模板\tactile-presentation-prototype\node_modules\@babel\parser\lib\index.js:9809:20)
      at TypeScriptParserMixin.parseExpressionBase (D:\其他\研究生事务\综合考试\综合考试论文or博士论文模板\tactile-presentation-prototype\node_modules\@babel\parser\lib\index.js:10810:23)
      at D:\其他\研究生事务\综合考试\综合考试论文or博士论文模板\tactile-presentation-prototype\node_modules\@babel\parser\lib\index.js:10806:39
      at TypeScriptParserMixin.allowInAnd (D:\其他\研究生事务\综合考试\综合考试论文or博士论文模板\tactile-presentation-prototype\node_modules\@babel\parser\lib\index.js:12460:12)
      at TypeScriptParserMixin.parseExpression (D:\其他\研究生事务\综合考试\综合考试论文or博士论文模板\tactile-presentation-prototype\node_modules\@babel\parser\lib\index.js:10806:17)
      at TypeScriptParserMixin.jsxParseExpressionContainer (D:\其他\研究生事务\综合考试\综合考试论文or博士论文模板\tactile-presentation-prototype\node_modules\@babel\parser\lib\index.js:4650:31)
      at TypeScriptParserMixin.jsxParseElementAt (D:\其他\研究生事务\综合考试\综合考试论文or博士论文模板\tactile-presentation-prototype\node_modules\@babel\parser\lib\index.js:4729:36)
      at TypeScriptParserMixin.jsxParseElementAt (D:\其他\研究生事务\综合考试\综合考试论文or博士论文模板\tactile-presentation-prototype\node_modules\@babel\parser\lib\index.js:4716:32)
      at TypeScriptParserMixin.jsxParseElementAt (D:\其他\研究生事务\综合考试\综合考试论文or博士论文模板\tactile-presentation-prototype\node_modules\@babel\parser\lib\index.js:4716:32)
      at TypeScriptParserMixin.jsxParseElementAt (D:\其他\研究生事务\综合考试\综合考试论文or博士论文模板\tactile-presentation-prototype\node_modules\@babel\parser\lib\index.js:4716:32)
      at TypeScriptParserMixin.jsxParseElement (D:\其他\研究生事务\综合考试\综合考试论文or博士论文模板\tactile-presentation-prototype\node_modules\@babel\parser\lib\index.js:4767:17)
      at TypeScriptParserMixin.parseExprAtom (D:\其他\研究生事务\综合考试\综合考试论文or博士论文模板\tactile-presentation-prototype\node_modules\@babel\parser\lib\index.js:4777:19)
      at TypeScriptParserMixin.parseExprSubscripts (D:\其他\研究生事务\综合考试\综合考试论文or博士论文模板\tactile-presentation-prototype\node_modules\@babel\parser\lib\index.js:11107:23)
      at TypeScriptParserMixin.parseUpdate (D:\其他\研究生事务\综合考试\综合考试论文or博士论文模板\tactile-presentation-prototype\node_modules\@babel\parser\lib\index.js:11092:21)
      at TypeScriptParserMixin.parseMaybeUnary (D:\其他\研究生事务\综合考试\综合考试论文or博士论文模板\tactile-presentation-prototype\node_modules\@babel\parser\lib\index.js:11072:23)
      at TypeScriptParserMixin.parseMaybeUnary (D:\其他\研究生事务\综合考试\综合考试论文or博士论文模板\tactile-presentation-prototype\node_modules\@babel\parser\lib\index.js:9860:18)
      at TypeScriptParserMixin.parseMaybeUnaryOrPrivate (D:\其他\研究生事务\综合考试\综合考试论文or博士论文模板\tactile-presentation-prototype\node_modules\@babel\parser\lib\index.js:10925:61)
      at TypeScriptParserMixin.parseExprOps (D:\其他\研究生事务\综合考试\综合考试论文or博士论文模板\tactile-presentation-prototype\node_modules\@babel\parser\lib\index.js:10930:23)
      at TypeScriptParserMixin.parseMaybeConditional (D:\其他\研究生事务\综合考试\综合考试论文or博士论文模板\tactile-presentation-prototype\node_modules\@babel\parser\lib\index.js:10907:23)
      at TypeScriptParserMixin.parseMaybeAssign (D:\其他\研究生事务\综合考试\综合考试论文or博士论文模板\tactile-presentation-prototype\node_modules\@babel\parser\lib\index.js:10857:21)
      at D:\其他\研究生事务\综合考试\综合考试论文or博士论文模板\tactile-presentation-prototype\node_modules\@babel\parser\lib\index.js:9798:39
      at TypeScriptParserMixin.tryParse (D:\其他\研究生事务\综合考试\综合考试论文or博士论文模板\tactile-presentation-prototype\node_modules\@babel\parser\lib\index.js:6930:20)
      at TypeScriptParserMixin.parseMaybeAssign (D:\其他\研究生事务\综合考试\综合考试论文or博士论文模板\tactile-presentation-prototype\node_modules\@babel\parser\lib\index.js:9798:18)
      at TypeScriptParserMixin.parseExpressionBase (D:\其他\研究生事务\综合考试\综合考试论文or博士论文模板\tactile-presentation-prototype\node_modules\@babel\parser\lib\index.js:10810:23)
      at D:\其他\研究生事务\综合考试\综合考试论文or博士论文模板\tactile-presentation-prototype\node_modules\@babel\parser\lib\index.js:10806:39
      at TypeScriptParserMixin.allowInAnd (D:\其他\研究生事务\综合考试\综合考试论文or博士论文模板\tactile-presentation-prototype\node_modules\@babel\parser\lib\index.js:12455:16)
      at TypeScriptParserMixin.parseExpression (D:\其他\研究生事务\综合考试\综合考试论文or博士论文模板\tactile-presentation-prototype\node_modules\@babel\parser\lib\index.js:10806:17)
      at TypeScriptParserMixin.parseReturnStatement (D:\其他\研究生事务\综合考试\综合考试论文or博士论文模板\tactile-presentation-prototype\node_modules\@babel\parser\lib\index.js:13176:28)
      at TypeScriptParserMixin.parseStatementContent (D:\其他\研究生事务\综合考试\综合考试论文or博士论文模板\tactile-presentation-prototype\node_modules\@babel\parser\lib\index.js:12832:21)
[2m16:54:45[22m [36m[1m[vite][22m[39m [90m[2m(client)[22m[39m [32mhmr update [39m[2m/src/App.tsx[22m
[2m16:54:45[22m [31m[1m[vite][22m[39m [31mInternal server error: D:\其他\研究生事务\综合考试\综合考试论文or博士论文模板\tactile-presentation-prototype\src\App.tsx: Unexpected token, expected "}" (986:10)

[0m [90m 984 |[31m           [33m<[31m[33mdiv[31m className[33m=[31m[32m"social-domain social-cooperation-domain"[31m[33m>[31m[33m<[31m[33mdiv[31m className[33m=[31m[32m"social-domain-label"[31m[33m>[31m[33m<[31m[33mspan[31m[33m>[31m[33mDOMAIN[31m [33mA[31m [33m/[31m [33mEMBODIED[31m [33mCOOPERATION[31m[33m<[31m[33m/[31m[33mspan[31m[33m>[31m[33m<[31m[33mstrong[31m[33m>[31m协同接触：理解人的意图，共同完成动作[33m<[31m[33m/[31m[33mstrong[31m[33m>[31m[33m<[31m[33m/[31m[33mdiv[31m[33m>[31m[33m<[31m[33mdiv[31m className[33m=[31m[32m"social-domain-flow"[31m[33m>[31m[33m<[31m[33mdiv[31m className[33m=[31m[32m"social-person social-human"[31m[33m>[31m[33m<[31m[33mspan[31m[33m>[31m人[33m<[31m[33m/[31m[33mspan[31m[33m>[31m[33m<[31m[33mstrong[31m[33m>[31m接触 [33m/[31m 意图[33m<[31m[33m/[31m[33mstrong[31m[33m>[31m[33m<[31m[33msmall[31m[33m>[31m姿态 · 语言 · 压力 · 节奏[33m<[31m[33m/[31m[33msmall[31m[33m>[31m[33m<[31m[33m/[31m[33mdiv[31m[33m>[31m[33m<[31m[33mi[31m className[33m=[31m[32m"social-domain-arrow social-link-cyan"[31m[33m>[31m→[33m<[31m[33m/[31m[33mi[31m[33m>[31m[33m<[31m[33mdiv[31m className[33m=[31m[32m"social-node social-understand"[31m[33m>[31m[33m<[31m[33mspan[31m[33m>[31m[35m01[31m[33m<[31m[33m/[31m[33mspan[31m[33m>[31m[33m<[31m[33mstrong[31m[33m>[31m理解[33m<[31m[33m/[31m[33mstrong[31m[33m>[31m[33m<[31m[33msmall[31m[33m>[31m保护 · 协作 · 社会语义[33m<[31m[33m/[31m[33msmall[31m[33m>[31m[33m<[31m[33m/[31m[33mdiv[31m[33m>[31m[33m<[31m[33mi[31m className[33m=[31m[32m"social-domain-arrow social-link-cyan"[31m[33m>[31m→[33m<[31m[33m/[31m[33mi[31m[33m>[31m[33m<[31m[33mdiv[31m className[33m=[31m[32m"social-node social-plan"[31m[33m>[31m[33m<[31m[33mspan[31m[33m>[31m[35m02[31m[33m<[31m[33m/[31m[33mspan[31m[33m>[31m[33m<[31m[33mstrong[31m[33m>[31m协商[33m<[31m[33m/[31m[33mstrong[31m[33m>[31m[33m<[31m[33msmall[31m[33m>[31m任务阶段 · 边界 · 不确定性[33m<[31m[33m/[31m[33msmall[31m[33m>[31m[33m<[31m[33m/[31m[33mdiv[31m[33m>[31m[33m<[31m[33mi[31m className[33m=[31m[32m"social-domain-arrow social-link-cyan"[31m[33m>[31m→[33m<[31m[33m/[31m[33mi[31m[33m>[31m[33m<[31m[33mdiv[31m className[33m=[31m[32m"social-person social-robot"[31m[33m>[31m[33m<[31m[33mspan[31m[33m>[31m具身智能体[33m<[31m[33m/[31m[33mspan[31m[33m>[31m[33m<[31m[33mstrong[31m[33m>[31m动作 [33m/[31m 回应[33m<[31m[33m/[31m[33mstrong[31m[33m>[31m[33m<[31m[33msmall[31m[33m>[31m交接 · 搀扶 · 引导 · 退出[33m<[31m[33m/[31m[33msmall[31m[33m>[31m[33m<[31m[33m/[31m[33mdiv[31m[33m>[31m[33m<[31m[33m/[31m[33mdiv[31m[33m>[31m[33m<[31m[33m/[31m[33mdiv[31m[33m>[31m
 [90m 985 |[31m           {layer [33m===[31m [32m'communication'[31m [33m&&[31m [33m<[31m[33mdiv[31m className[33m=[31m[32m"social-domain social-communication-domain"[31m[33m>[31m[33m<[31m[33mdiv[31m className[33m=[31m[32m"social-domain-label"[31m[33m>[31m[33m<[31m[33mspan[31m[33m>[31m[33mDOMAIN[31m [33mB[31m [33m/[31m [33mHAPTIC[31m [33mCOMMUNICATION[31m [33m&[31mamp[33m;[31m [33mDISPLAY[31m[33m<[31m[33m/[31m[33mspan[31m[33m>[31m[33m<[31m[33mstrong[31m[33m>[31m触觉通信：编码接触事件，在另一端安全再现[33m<[31m[33m/[31m[33mstrong[31m[33m>[31m[33m<[31m[33m/[31m[33mdiv[31m[33m>[31m[33m<[31m[33mdiv[31m className[33m=[31m[32m"social-domain-flow"[31m[33m>[31m[33m<[31m[33mdiv[31m className[33m=[31m[32m"social-node social-source"[31m[33m>[31m[33m<[31m[33mspan[31m[33m>[31m发送端[33m<[31m[33m/[31m[33mspan[31m[33m>[31m[33m<[31m[33mstrong[31m[33m>[31m接触事件 [33m/[31m 动力学语义[33m<[31m[33m/[31m[33mstrong[31m[33m>[31m[33m<[31m[33msmall[31m[33m>[31m位置 · 意图 · 力学状态[33m<[31m[33m/[31m[33msmall[31m[33m>[31m[33m<[31m[33m/[31m[33mdiv[31m[33m>[31m[33m<[31m[33mi[31m className[33m=[31m[32m"social-domain-arrow social-link-violet"[31m[33m>[31m⇄[33m<[31m[33m/[31m[33mi[31m[33m>[31m[33m<[31m[33mdiv[31m className[33m=[31m[32m"social-node social-render"[31m[33m>[31m[33m<[31m[33mspan[31m[33m>[31m通信与映射[33m<[31m[33m/[31m[33mspan[31m[33m>[31m[33m<[31m[33mstrong[31m[33m>[31m触觉输出 [33m/[31m 再现[33m<[31m[33m/[31m[33mstrong[31m[33m>[31m[33m<[31m[33msmall[31m[33m>[31m力 · 振动 · 压力 · 形变 · 温度[33m<[31m[33m/[31m[33msmall[31m[33m>[31m[33m<[31m[33m/[31m[33mdiv[31m[33m>[31m[33m<[31m[33mi[31m className[33m=[31m[32m"social-domain-arrow social-link-violet"[31m[33m>[31m⇄[33m<[31m[33m/[31m[33mi[31m[33m>[31m[33m<[31m[33mdiv[31m className[33m=[31m[32m"social-node social-receiver"[31m[33m>[31m[33m<[31m[33mspan[31m[33m>[31m接收端[33m<[31m[33m/[31m[33mspan[31m[33m>[31m[33m<[31m[33mstrong[31m[33m>[31m远程力觉 [33m/[31m 社交机器人[33m<[31m[33m/[31m[33mstrong[31m[33m>[31m[33m<[31m[33msmall[31m[33m>[31m可辨认 · 受限 · 可稳定[33m<[31m[33m/[31m[33msmall[31m[33m>[31m[33m<[31m[33m/[31m[33mdiv[31m[33m>[31m[33m<[31m[33m/[31m[33mdiv[31m[33m>[31m[33m<[31m[33m/[31m[33mdiv[31m[33m>[31m
[31m[1m>[22m[31m[90m 986 |[31m           )}
 [90m     |[31m           [31m[1m^[22m[31m
 [90m 987 |[31m           {layer [33m===[31m [32m'ethics'[31m [33m&&[31m [33m<[31m[33m>[31m[33m<[31m[33mdiv[31m className[33m=[31m[32m"social-guardrail social-ethics-card"[31m[33m>[31m[33m<[31m[33mspan[31m[33m>[31m不可越过的底线[33m<[31m[33m/[31m[33mspan[31m[33m>[31m[33m<[31m[33mstrong[31m[33m>[31m持续同意 · 实时撤回 · 保守降级[33m<[31m[33m/[31m[33mstrong[31m[33m>[31m[33m<[31m[33msmall[31m[33m>[31m任何社会语义推理，都不能延迟碰撞、夹伤和过载的安全响应。[33m<[31m[33m/[31m[33msmall[31m[33m>[31m[33m<[31m[33m/[31m[33mdiv[31m[33m>[31m[33m<[31m[33mdiv[31m className[33m=[31m[32m"social-eval-strip social-ethics-card"[31m[33m>[31m[33m<[31m[33mdiv[31m[33m>[31m[33m<[31m[33mspan[31m[33m>[31m评价闭环[33m<[31m[33m/[31m[33mspan[31m[33m>[31m[33m<[31m[33mstrong[31m[33m>[31m从“能不能识别”走向“是否安全、舒适、合规、可迁移”[33m<[31m[33m/[31m[33mstrong[31m[33m>[31m[33m<[31m[33m/[31m[33mdiv[31m[33m>[31m[33m<[31m[33mb[31m[33m>[31m物理安全[33m<[31m[33m/[31m[33mb[31m[33m>[31m[33m<[31m[33mb[31m[33m>[31m意图与阶段[33m<[31m[33m/[31m[33mb[31m[33m>[31m[33m<[31m[33mb[31m[33m>[31m舒适 [33m/[31m 信任[33m<[31m[33m/[31m[33mb[31m[33m>[31m[33m<[31m[33mb[31m[33m>[31m跨人群与长期[33m<[31m[33m/[31m[33mb[31m[33m>[31m[33m<[31m[35m/div></[31m[33m>[31m}
 [90m 988 |[31m       [33m<[31m[33m/[31m[33msection[31m[33m>[31m
 [90m 989 |[31m     [33m<[31m[33m/[31m[33mdiv[31m[33m>[31m[0m[39m
  Plugin: [35mvite:react-babel[39m
  File: [36mD:/其他/研究生事务/综合考试/综合考试论文or博士论文模板/tactile-presentation-prototype/src/App.tsx[39m:986:10
[33m  997|    return (
  998|      <aside className={`evidence-drawer ${open ? 'open' : ''}`} aria-hidden={!open} aria-label="证据与来源">
  999|        <div className="drawer-head">
     |         ^
  1000|          <div><span>EVIDENCE / SOURCE</span><h2>证据与来源</h2></div>
  1001|          <button className="icon-button" onClick={onClose} aria-label="关闭证据面板"><Icon name="close" /></button>[39m
      at constructor (D:\其他\研究生事务\综合考试\综合考试论文or博士论文模板\tactile-presentation-prototype\node_modules\@babel\parser\lib\index.js:369:19)
      at TypeScriptParserMixin.raise (D:\其他\研究生事务\综合考试\综合考试论文or博士论文模板\tactile-presentation-prototype\node_modules\@babel\parser\lib\index.js:6622:19)
      at TypeScriptParserMixin.unexpected (D:\其他\研究生事务\综合考试\综合考试论文or博士论文模板\tactile-presentation-prototype\node_modules\@babel\parser\lib\index.js:6642:16)
      at TypeScriptParserMixin.expect (D:\其他\研究生事务\综合考试\综合考试论文or博士论文模板\tactile-presentation-prototype\node_modules\@babel\parser\lib\index.js:6922:12)
      at TypeScriptParserMixin.jsxParseExpressionContainer (D:\其他\研究生事务\综合考试\综合考试论文or博士论文模板\tactile-presentation-prototype\node_modules\@babel\parser\lib\index.js:4655:10)
      at TypeScriptParserMixin.jsxParseElementAt (D:\其他\研究生事务\综合考试\综合考试论文or博士论文模板\tactile-presentation-prototype\node_modules\@babel\parser\lib\index.js:4729:36)
      at TypeScriptParserMixin.jsxParseElementAt (D:\其他\研究生事务\综合考试\综合考试论文or博士论文模板\tactile-presentation-prototype\node_modules\@babel\parser\lib\index.js:4716:32)
      at TypeScriptParserMixin.jsxParseElementAt (D:\其他\研究生事务\综合考试\综合考试论文or博士论文模板\tactile-presentation-prototype\node_modules\@babel\parser\lib\index.js:4716:32)
      at TypeScriptParserMixin.jsxParseElementAt (D:\其他\研究生事务\综合考试\综合考试论文or博士论文模板\tactile-presentation-prototype\node_modules\@babel\parser\lib\index.js:4716:32)
      at TypeScriptParserMixin.jsxParseElement (D:\其他\研究生事务\综合考试\综合考试论文or博士论文模板\tactile-presentation-prototype\node_modules\@babel\parser\lib\index.js:4767:17)
      at TypeScriptParserMixin.parseExprAtom (D:\其他\研究生事务\综合考试\综合考试论文or博士论文模板\tactile-presentation-prototype\node_modules\@babel\parser\lib\index.js:4777:19)
      at TypeScriptParserMixin.parseExprSubscripts (D:\其他\研究生事务\综合考试\综合考试论文or博士论文模板\tactile-presentation-prototype\node_modules\@babel\parser\lib\index.js:11107:23)
      at TypeScriptParserMixin.parseUpdate (D:\其他\研究生事务\综合考试\综合考试论文or博士论文模板\tactile-presentation-prototype\node_modules\@babel\parser\lib\index.js:11092:21)
      at TypeScriptParserMixin.parseMaybeUnary (D:\其他\研究生事务\综合考试\综合考试论文or博士论文模板\tactile-presentation-prototype\node_modules\@babel\parser\lib\index.js:11072:23)
      at TypeScriptParserMixin.parseMaybeUnary (D:\其他\研究生事务\综合考试\综合考试论文or博士论文模板\tactile-presentation-prototype\node_modules\@babel\parser\lib\index.js:9860:18)
      at TypeScriptParserMixin.parseMaybeUnaryOrPrivate (D:\其他\研究生事务\综合考试\综合考试论文or博士论文模板\tactile-presentation-prototype\node_modules\@babel\parser\lib\index.js:10925:61)
      at TypeScriptParserMixin.parseExprOps (D:\其他\研究生事务\综合考试\综合考试论文or博士论文模板\tactile-presentation-prototype\node_modules\@babel\parser\lib\index.js:10930:23)
      at TypeScriptParserMixin.parseMaybeConditional (D:\其他\研究生事务\综合考试\综合考试论文or博士论文模板\tactile-presentation-prototype\node_modules\@babel\parser\lib\index.js:10907:23)
      at TypeScriptParserMixin.parseMaybeAssign (D:\其他\研究生事务\综合考试\综合考试论文or博士论文模板\tactile-presentation-prototype\node_modules\@babel\parser\lib\index.js:10857:21)
      at D:\其他\研究生事务\综合考试\综合考试论文or博士论文模板\tactile-presentation-prototype\node_modules\@babel\parser\lib\index.js:9798:39
      at TypeScriptParserMixin.tryParse (D:\其他\研究生事务\综合考试\综合考试论文or博士论文模板\tactile-presentation-prototype\node_modules\@babel\parser\lib\index.js:6930:20)
      at TypeScriptParserMixin.parseMaybeAssign (D:\其他\研究生事务\综合考试\综合考试论文or博士论文模板\tactile-presentation-prototype\node_modules\@babel\parser\lib\index.js:9798:18)
      at TypeScriptParserMixin.parseExpressionBase (D:\其他\研究生事务\综合考试\综合考试论文or博士论文模板\tactile-presentation-prototype\node_modules\@babel\parser\lib\index.js:10810:23)
      at D:\其他\研究生事务\综合考试\综合考试论文or博士论文模板\tactile-presentation-prototype\node_modules\@babel\parser\lib\index.js:10806:39
      at TypeScriptParserMixin.allowInAnd (D:\其他\研究生事务\综合考试\综合考试论文or博士论文模板\tactile-presentation-prototype\node_modules\@babel\parser\lib\index.js:12455:16)
      at TypeScriptParserMixin.parseExpression (D:\其他\研究生事务\综合考试\综合考试论文or博士论文模板\tactile-presentation-prototype\node_modules\@babel\parser\lib\index.js:10806:17)
      at TypeScriptParserMixin.parseReturnStatement (D:\其他\研究生事务\综合考试\综合考试论文or博士论文模板\tactile-presentation-prototype\node_modules\@babel\parser\lib\index.js:13176:28)
      at TypeScriptParserMixin.parseStatementContent (D:\其他\研究生事务\综合考试\综合考试论文or博士论文模板\tactile-presentation-prototype\node_modules\@babel\parser\lib\index.js:12832:21)
      at TypeScriptParserMixin.parseStatementContent (D:\其他\研究生事务\综合考试\综合考试论文or博士论文模板\tactile-presentation-prototype\node_modules\@babel\parser\lib\index.js:9531:18)
      at TypeScriptParserMixin.parseStatementLike (D:\其他\研究生事务\综合考试\综合考试论文or博士论文模板\tactile-presentation-prototype\node_modules\@babel\parser\lib\index.js:12801:17)
      at TypeScriptParserMixin.parseStatementListItem (D:\其他\研究生事务\综合考试\综合考试论文or博士论文模板\tactile-presentation-prototype\node_modules\@babel\parser\lib\index.js:12781:17)
      at TypeScriptParserMixin.parseBlockOrModuleBlockBody (D:\其他\研究生事务\综合考试\综合考试论文or博士论文模板\tactile-presentation-prototype\node_modules\@babel\parser\lib\index.js:13350:61)
      at TypeScriptParserMixin.parseBlockBody (D:\其他\研究生事务\综合考试\综合考试论文or博士论文模板\tactile-presentation-prototype\node_modules\@babel\parser\lib\index.js:13343:10)
      at TypeScriptParserMixin.parseBlock (D:\其他\研究生事务\综合考试\综合考试论文or博士论文模板\tactile-presentation-prototype\node_modules\@babel\parser\lib\index.js:13331:10)
      at TypeScriptParserMixin.parseFunctionBody (D:\其他\研究生事务\综合考试\综合考试论文or博士论文模板\tactile-presentation-prototype\node_modules\@babel\parser\lib\index.js:12134:24)
      at TypeScriptParserMixin.parseFunctionBodyAndFinish (D:\其他\研究生事务\综合考试\综合考试论文or博士论文模板\tactile-presentation-prototype\node_modules\@babel\parser\lib\index.js:12120:10)
      at TypeScriptParserMixin.parseFunctionBodyAndFinish (D:\其他\研究生事务\综合考试\综合考试论文or博士论文模板\tactile-presentation-prototype\node_modules\@babel\parser\lib\index.js:9195:18)
      at D:\其他\研究生事务\综合考试\综合考试论文or博士论文模板\tactile-presentation-prototype\node_modules\@babel\parser\lib\index.js:13479:12
      at TypeScriptParserMixin.withSmartMixTopicForbiddingContext (D:\其他\研究生事务\综合考试\综合考试论文or博士论文模板\tactile-presentation-prototype\node_modules\@babel\parser\lib\index.js:12437:14)
      at TypeScriptParserMixin.parseFunction (D:\其他\研究生事务\综合考试\综合考试论文or博士论文模板\tactile-presentation-prototype\node_modules\@babel\parser\lib\index.js:13478:10)
      at TypeScriptParserMixin.parseFunctionStatement (D:\其他\研究生事务\综合考试\综合考试论文or博士论文模板\tactile-presentation-prototype\node_modules\@babel\parser\lib\index.js:13159:17)
      at TypeScriptParserMixin.parseStatementContent (D:\其他\研究生事务\综合考试\综合考试论文or博士论文模板\tactile-presentation-prototype\node_modules\@babel\parser\lib\index.js:12825:21)
      at TypeScriptParserMixin.parseStatementContent (D:\其他\研究生事务\综合考试\综合考试论文or博士论文模板\tactile-presentation-prototype\node_modules\@babel\parser\lib\index.js:9531:18)
      at TypeScriptParserMixin.parseStatementLike (D:\其他\研究生事务\综合考试\综合考试论文or博士论文模板\tactile-presentation-prototype\node_modules\@babel\parser\lib\index.js:12801:17)
      at TypeScriptParserMixin.parseModuleItem (D:\其他\研究生事务\综合考试\综合考试论文or博士论文模板\tactile-presentation-prototype\node_modules\@babel\parser\lib\index.js:12778:17)
      at TypeScriptParserMixin.parseBlockOrModuleBlockBody (D:\其他\研究生事务\综合考试\综合考试论文or博士论文模板\tactile-presentation-prototype\node_modules\@babel\parser\lib\index.js:13350:36)
      at TypeScriptParserMixin.parseBlockBody (D:\其他\研究生事务\综合考试\综合考试论文or博士论文模板\tactile-presentation-prototype\node_modules\@babel\parser\lib\index.js:13343:10)
      at TypeScriptParserMixin.parseProgram (D:\其他\研究生事务\综合考试\综合考试论文or博士论文模板\tactile-presentation-prototype\node_modules\@babel\parser\lib\index.js:12656:10)
      at TypeScriptParserMixin.parseTopLevel (D:\其他\研究生事务\综合考试\综合考试论文or博士论文模板\tactile-presentation-prototype\node_modules\@babel\parser\lib\index.js:12646:25)
      at TypeScriptParserMixin.parse (D:\其他\研究生事务\综合考试\综合考试论文or博士论文模板\tactile-presentation-prototype\node_modules\@babel\parser\lib\index.js:14522:25)
[2m16:55:03[22m [36m[1m[vite][22m[39m [90m[2m(client)[22m[39m [32mhmr update [39m[2m/src/App.tsx[22m
[2m16:55:03[22m [31m[1m[vite][22m[39m [31mInternal server error: D:\其他\研究生事务\综合考试\综合考试论文or博士论文模板\tactile-presentation-prototype\src\App.tsx: Unexpected token, expected "}" (986:10)

[0m [90m 984 |[31m           [33m<[31m[33mdiv[31m className[33m=[31m[32m"social-domain social-cooperation-domain"[31m[33m>[31m[33m<[31m[33mdiv[31m className[33m=[31m[32m"social-domain-label"[31m[33m>[31m[33m<[31m[33mspan[31m[33m>[31m[33mDOMAIN[31m [33mA[31m [33m/[31m [33mEMBODIED[31m [33mCOOPERATION[31m[33m<[31m[33m/[31m[33mspan[31m[33m>[31m[33m<[31m[33mstrong[31m[33m>[31m协同接触：理解人的意图，共同完成动作[33m<[31m[33m/[31m[33mstrong[31m[33m>[31m[33m<[31m[33m/[31m[33mdiv[31m[33m>[31m[33m<[31m[33mdiv[31m className[33m=[31m[32m"social-domain-flow"[31m[33m>[31m[33m<[31m[33mdiv[31m className[33m=[31m[32m"social-person social-human"[31m[33m>[31m[33m<[31m[33mspan[31m[33m>[31m人[33m<[31m[33m/[31m[33mspan[31m[33m>[31m[33m<[31m[33mstrong[31m[33m>[31m接触 [33m/[31m 意图[33m<[31m[33m/[31m[33mstrong[31m[33m>[31m[33m<[31m[33msmall[31m[33m>[31m姿态 · 语言 · 压力 · 节奏[33m<[31m[33m/[31m[33msmall[31m[33m>[31m[33m<[31m[33m/[31m[33mdiv[31m[33m>[31m[33m<[31m[33mi[31m className[33m=[31m[32m"social-domain-arrow social-link-cyan"[31m[33m>[31m→[33m<[31m[33m/[31m[33mi[31m[33m>[31m[33m<[31m[33mdiv[31m className[33m=[31m[32m"social-node social-understand"[31m[33m>[31m[33m<[31m[33mspan[31m[33m>[31m[35m01[31m[33m<[31m[33m/[31m[33mspan[31m[33m>[31m[33m<[31m[33mstrong[31m[33m>[31m理解[33m<[31m[33m/[31m[33mstrong[31m[33m>[31m[33m<[31m[33msmall[31m[33m>[31m保护 · 协作 · 社会语义[33m<[31m[33m/[31m[33msmall[31m[33m>[31m[33m<[31m[33m/[31m[33mdiv[31m[33m>[31m[33m<[31m[33mi[31m className[33m=[31m[32m"social-domain-arrow social-link-cyan"[31m[33m>[31m→[33m<[31m[33m/[31m[33mi[31m[33m>[31m[33m<[31m[33mdiv[31m className[33m=[31m[32m"social-node social-plan"[31m[33m>[31m[33m<[31m[33mspan[31m[33m>[31m[35m02[31m[33m<[31m[33m/[31m[33mspan[31m[33m>[31m[33m<[31m[33mstrong[31m[33m>[31m协商[33m<[31m[33m/[31m[33mstrong[31m[33m>[31m[33m<[31m[33msmall[31m[33m>[31m任务阶段 · 边界 · 不确定性[33m<[31m[33m/[31m[33msmall[31m[33m>[31m[33m<[31m[33m/[31m[33mdiv[31m[33m>[31m[33m<[31m[33mi[31m className[33m=[31m[32m"social-domain-arrow social-link-cyan"[31m[33m>[31m→[33m<[31m[33m/[31m[33mi[31m[33m>[31m[33m<[31m[33mdiv[31m className[33m=[31m[32m"social-person social-robot"[31m[33m>[31m[33m<[31m[33mspan[31m[33m>[31m具身智能体[33m<[31m[33m/[31m[33mspan[31m[33m>[31m[33m<[31m[33mstrong[31m[33m>[31m动作 [33m/[31m 回应[33m<[31m[33m/[31m[33mstrong[31m[33m>[31m[33m<[31m[33msmall[31m[33m>[31m交接 · 搀扶 · 引导 · 退出[33m<[31m[33m/[31m[33msmall[31m[33m>[31m[33m<[31m[33m/[31m[33mdiv[31m[33m>[31m[33m<[31m[33m/[31m[33mdiv[31m[33m>[31m[33m<[31m[33m/[31m[33mdiv[31m[33m>[31m
 [90m 985 |[31m           {layer [33m===[31m [32m'communication'[31m [33m&&[31m [33m<[31m[33mdiv[31m className[33m=[31m[32m"social-domain social-communication-domain"[31m[33m>[31m[33m<[31m[33mdiv[31m className[33m=[31m[32m"social-domain-label"[31m[33m>[31m[33m<[31m[33mspan[31m[33m>[31m[33mDOMAIN[31m [33mB[31m [33m/[31m [33mHAPTIC[31m [33mCOMMUNICATION[31m [33m&[31mamp[33m;[31m [33mDISPLAY[31m[33m<[31m[33m/[31m[33mspan[31m[33m>[31m[33m<[31m[33mstrong[31m[33m>[31m触觉通信：编码接触事件，在另一端安全再现[33m<[31m[33m/[31m[33mstrong[31m[33m>[31m[33m<[31m[33m/[31m[33mdiv[31m[33m>[31m[33m<[31m[33mdiv[31m className[33m=[31m[32m"social-domain-flow"[31m[33m>[31m[33m<[31m[33mdiv[31m className[33m=[31m[32m"social-node social-source"[31m[33m>[31m[33m<[31m[33mspan[31m[33m>[31m发送端[33m<[31m[33m/[31m[33mspan[31m[33m>[31m[33m<[31m[33mstrong[31m[33m>[31m接触事件 [33m/[31m 动力学语义[33m<[31m[33m/[31m[33mstrong[31m[33m>[31m[33m<[31m[33msmall[31m[33m>[31m位置 · 意图 · 力学状态[33m<[31m[33m/[31m[33msmall[31m[33m>[31m[33m<[31m[33m/[31m[33mdiv[31m[33m>[31m[33m<[31m[33mi[31m className[33m=[31m[32m"social-domain-arrow social-link-violet"[31m[33m>[31m⇄[33m<[31m[33m/[31m[33mi[31m[33m>[31m[33m<[31m[33mdiv[31m className[33m=[31m[32m"social-node social-render"[31m[33m>[31m[33m<[31m[33mspan[31m[33m>[31m通信与映射[33m<[31m[33m/[31m[33mspan[31m[33m>[31m[33m<[31m[33mstrong[31m[33m>[31m触觉输出 [33m/[31m 再现[33m<[31m[33m/[31m[33mstrong[31m[33m>[31m[33m<[31m[33msmall[31m[33m>[31m力 · 振动 · 压力 · 形变 · 温度[33m<[31m[33m/[31m[33msmall[31m[33m>[31m[33m<[31m[33m/[31m[33mdiv[31m[33m>[31m[33m<[31m[33mi[31m className[33m=[31m[32m"social-domain-arrow social-link-violet"[31m[33m>[31m⇄[33m<[31m[33m/[31m[33mi[31m[33m>[31m[33m<[31m[33mdiv[31m className[33m=[31m[32m"social-node social-receiver"[31m[33m>[31m[33m<[31m[33mspan[31m[33m>[31m接收端[33m<[31m[33m/[31m[33mspan[31m[33m>[31m[33m<[31m[33mstrong[31m[33m>[31m远程力觉 [33m/[31m 社交机器人[33m<[31m[33m/[31m[33mstrong[31m[33m>[31m[33m<[31m[33msmall[31m[33m>[31m可辨认 · 受限 · 可稳定[33m<[31m[33m/[31m[33msmall[31m[33m>[31m[33m<[31m[33m/[31m[33mdiv[31m[33m>[31m[33m<[31m[33m/[31m[33mdiv[31m[33m>[31m[33m<[31m[33m/[31m[33mdiv[31m[33m>[31m
[31m[1m>[22m[31m[90m 986 |[31m           )}
 [90m     |[31m           [31m[1m^[22m[31m
 [90m 987 |[31m           {layer [33m===[31m [32m'ethics'[31m [33m&&[31m [33m<[31m[33m>[31m[33m<[31m[33mdiv[31m className[33m=[31m[32m"social-guardrail social-ethics-card"[31m[33m>[31m[33m<[31m[33mspan[31m[33m>[31m不可越过的底线[33m<[31m[33m/[31m[33mspan[31m[33m>[31m[33m<[31m[33mstrong[31m[33m>[31m持续同意 · 实时撤回 · 保守降级[33m<[31m[33m/[31m[33mstrong[31m[33m>[31m[33m<[31m[33msmall[31m[33m>[31m任何社会语义推理，都不能延迟碰撞、夹伤和过载的安全响应。[33m<[31m[33m/[31m[33msmall[31m[33m>[31m[33m<[31m[33m/[31m[33mdiv[31m[33m>[31m[33m<[31m[33mdiv[31m className[33m=[31m[32m"social-eval-strip social-ethics-card"[31m[33m>[31m[33m<[31m[33mdiv[31m[33m>[31m[33m<[31m[33mspan[31m[33m>[31m评价闭环[33m<[31m[33m/[31m[33mspan[31m[33m>[31m[33m<[31m[33mstrong[31m[33m>[31m从“能不能识别”走向“是否安全、舒适、合规、可迁移”[33m<[31m[33m/[31m[33mstrong[31m[33m>[31m[33m<[31m[33m/[31m[33mdiv[31m[33m>[31m[33m<[31m[33mb[31m[33m>[31m物理安全[33m<[31m[33m/[31m[33mb[31m[33m>[31m[33m<[31m[33mb[31m[33m>[31m意图与阶段[33m<[31m[33m/[31m[33mb[31m[33m>[31m[33m<[31m[33mb[31m[33m>[31m舒适 [33m/[31m 信任[33m<[31m[33m/[31m[33mb[31m[33m>[31m[33m<[31m[33mb[31m[33m>[31m跨人群与长期[33m<[31m[33m/[31m[33mb[31m[33m>[31m[33m<[31m[35m/div></[31m[33m>[31m}
 [90m 988 |[31m       [33m<[31m[33m/[31m[33msection[31m[33m>[31m
 [90m 989 |[31m     [33m<[31m[33m/[31m[33mdiv[31m[33m>[31m[0m[39m
  Plugin: [35mvite:react-babel[39m
  File: [36mD:/其他/研究生事务/综合考试/综合考试论文or博士论文模板/tactile-presentation-prototype/src/App.tsx[39m:986:10
[33m  997|    return (
  998|      <aside className={`evidence-drawer ${open ? 'open' : ''}`} aria-hidden={!open} aria-label="证据与来源">
  999|        <div className="drawer-head">
     |         ^
  1000|          <div><span>EVIDENCE / SOURCE</span><h2>证据与来源</h2></div>
  1001|          <button className="icon-button" onClick={onClose} aria-label="关闭证据面板"><Icon name="close" /></button>[39m
      at constructor (D:\其他\研究生事务\综合考试\综合考试论文or博士论文模板\tactile-presentation-prototype\node_modules\@babel\parser\lib\index.js:369:19)
      at TypeScriptParserMixin.raise (D:\其他\研究生事务\综合考试\综合考试论文or博士论文模板\tactile-presentation-prototype\node_modules\@babel\parser\lib\index.js:6622:19)
      at TypeScriptParserMixin.unexpected (D:\其他\研究生事务\综合考试\综合考试论文or博士论文模板\tactile-presentation-prototype\node_modules\@babel\parser\lib\index.js:6642:16)
      at TypeScriptParserMixin.expect (D:\其他\研究生事务\综合考试\综合考试论文or博士论文模板\tactile-presentation-prototype\node_modules\@babel\parser\lib\index.js:6922:12)
      at TypeScriptParserMixin.jsxParseExpressionContainer (D:\其他\研究生事务\综合考试\综合考试论文or博士论文模板\tactile-presentation-prototype\node_modules\@babel\parser\lib\index.js:4655:10)
      at TypeScriptParserMixin.jsxParseElementAt (D:\其他\研究生事务\综合考试\综合考试论文or博士论文模板\tactile-presentation-prototype\node_modules\@babel\parser\lib\index.js:4729:36)
      at TypeScriptParserMixin.jsxParseElementAt (D:\其他\研究生事务\综合考试\综合考试论文or博士论文模板\tactile-presentation-prototype\node_modules\@babel\parser\lib\index.js:4716:32)
      at TypeScriptParserMixin.jsxParseElementAt (D:\其他\研究生事务\综合考试\综合考试论文or博士论文模板\tactile-presentation-prototype\node_modules\@babel\parser\lib\index.js:4716:32)
      at TypeScriptParserMixin.jsxParseElementAt (D:\其他\研究生事务\综合考试\综合考试论文or博士论文模板\tactile-presentation-prototype\node_modules\@babel\parser\lib\index.js:4716:32)
      at TypeScriptParserMixin.jsxParseElement (D:\其他\研究生事务\综合考试\综合考试论文or博士论文模板\tactile-presentation-prototype\node_modules\@babel\parser\lib\index.js:4767:17)
      at TypeScriptParserMixin.parseExprAtom (D:\其他\研究生事务\综合考试\综合考试论文or博士论文模板\tactile-presentation-prototype\node_modules\@babel\parser\lib\index.js:4777:19)
      at TypeScriptParserMixin.parseExprSubscripts (D:\其他\研究生事务\综合考试\综合考试论文or博士论文模板\tactile-presentation-prototype\node_modules\@babel\parser\lib\index.js:11107:23)
      at TypeScriptParserMixin.parseUpdate (D:\其他\研究生事务\综合考试\综合考试论文or博士论文模板\tactile-presentation-prototype\node_modules\@babel\parser\lib\index.js:11092:21)
      at TypeScriptParserMixin.parseMaybeUnary (D:\其他\研究生事务\综合考试\综合考试论文or博士论文模板\tactile-presentation-prototype\node_modules\@babel\parser\lib\index.js:11072:23)
      at TypeScriptParserMixin.parseMaybeUnary (D:\其他\研究生事务\综合考试\综合考试论文or博士论文模板\tactile-presentation-prototype\node_modules\@babel\parser\lib\index.js:9860:18)
      at TypeScriptParserMixin.parseMaybeUnaryOrPrivate (D:\其他\研究生事务\综合考试\综合考试论文or博士论文模板\tactile-presentation-prototype\node_modules\@babel\parser\lib\index.js:10925:61)
      at TypeScriptParserMixin.parseExprOps (D:\其他\研究生事务\综合考试\综合考试论文or博士论文模板\tactile-presentation-prototype\node_modules\@babel\parser\lib\index.js:10930:23)
      at TypeScriptParserMixin.parseMaybeConditional (D:\其他\研究生事务\综合考试\综合考试论文or博士论文模板\tactile-presentation-prototype\node_modules\@babel\parser\lib\index.js:10907:23)
      at TypeScriptParserMixin.parseMaybeAssign (D:\其他\研究生事务\综合考试\综合考试论文or博士论文模板\tactile-presentation-prototype\node_modules\@babel\parser\lib\index.js:10857:21)
      at D:\其他\研究生事务\综合考试\综合考试论文or博士论文模板\tactile-presentation-prototype\node_modules\@babel\parser\lib\index.js:9798:39
      at TypeScriptParserMixin.tryParse (D:\其他\研究生事务\综合考试\综合考试论文or博士论文模板\tactile-presentation-prototype\node_modules\@babel\parser\lib\index.js:6930:20)
      at TypeScriptParserMixin.parseMaybeAssign (D:\其他\研究生事务\综合考试\综合考试论文or博士论文模板\tactile-presentation-prototype\node_modules\@babel\parser\lib\index.js:9798:18)
      at TypeScriptParserMixin.parseExpressionBase (D:\其他\研究生事务\综合考试\综合考试论文or博士论文模板\tactile-presentation-prototype\node_modules\@babel\parser\lib\index.js:10810:23)
      at D:\其他\研究生事务\综合考试\综合考试论文or博士论文模板\tactile-presentation-prototype\node_modules\@babel\parser\lib\index.js:10806:39
      at TypeScriptParserMixin.allowInAnd (D:\其他\研究生事务\综合考试\综合考试论文or博士论文模板\tactile-presentation-prototype\node_modules\@babel\parser\lib\index.js:12455:16)
      at TypeScriptParserMixin.parseExpression (D:\其他\研究生事务\综合考试\综合考试论文or博士论文模板\tactile-presentation-prototype\node_modules\@babel\parser\lib\index.js:10806:17)
      at TypeScriptParserMixin.parseReturnStatement (D:\其他\研究生事务\综合考试\综合考试论文or博士论文模板\tactile-presentation-prototype\node_modules\@babel\parser\lib\index.js:13176:28)
      at TypeScriptParserMixin.parseStatementContent (D:\其他\研究生事务\综合考试\综合考试论文or博士论文模板\tactile-presentation-prototype\node_modules\@babel\parser\lib\index.js:12832:21)
      at TypeScriptParserMixin.parseStatementContent (D:\其他\研究生事务\综合考试\综合考试论文or博士论文模板\tactile-presentation-prototype\node_modules\@babel\parser\lib\index.js:9531:18)
      at TypeScriptParserMixin.parseStatementLike (D:\其他\研究生事务\综合考试\综合考试论文or博士论文模板\tactile-presentation-prototype\node_modules\@babel\parser\lib\index.js:12801:17)
      at TypeScriptParserMixin.parseStatementListItem (D:\其他\研究生事务\综合考试\综合考试论文or博士论文模板\tactile-presentation-prototype\node_modules\@babel\parser\lib\index.js:12781:17)
      at TypeScriptParserMixin.parseBlockOrModuleBlockBody (D:\其他\研究生事务\综合考试\综合考试论文or博士论文模板\tactile-presentation-prototype\node_modules\@babel\parser\lib\index.js:13350:61)
      at TypeScriptParserMixin.parseBlockBody (D:\其他\研究生事务\综合考试\综合考试论文or博士论文模板\tactile-presentation-prototype\node_modules\@babel\parser\lib\index.js:13343:10)
      at TypeScriptParserMixin.parseBlock (D:\其他\研究生事务\综合考试\综合考试论文or博士论文模板\tactile-presentation-prototype\node_modules\@babel\parser\lib\index.js:13331:10)
      at TypeScriptParserMixin.parseFunctionBody (D:\其他\研究生事务\综合考试\综合考试论文or博士论文模板\tactile-presentation-prototype\node_modules\@babel\parser\lib\index.js:12134:24)
      at TypeScriptParserMixin.parseFunctionBodyAndFinish (D:\其他\研究生事务\综合考试\综合考试论文or博士论文模板\tactile-presentation-prototype\node_modules\@babel\parser\lib\index.js:12120:10)
      at TypeScriptParserMixin.parseFunctionBodyAndFinish (D:\其他\研究生事务\综合考试\综合考试论文or博士论文模板\tactile-presentation-prototype\node_modules\@babel\parser\lib\index.js:9195:18)
      at D:\其他\研究生事务\综合考试\综合考试论文or博士论文模板\tactile-presentation-prototype\node_modules\@babel\parser\lib\index.js:13479:12
      at TypeScriptParserMixin.withSmartMixTopicForbiddingContext (D:\其他\研究生事务\综合考试\综合考试论文or博士论文模板\tactile-presentation-prototype\node_modules\@babel\parser\lib\index.js:12437:14)
      at TypeScriptParserMixin.parseFunction (D:\其他\研究生事务\综合考试\综合考试论文or博士论文模板\tactile-presentation-prototype\node_modules\@babel\parser\lib\index.js:13478:10)
      at TypeScriptParserMixin.parseFunctionStatement (D:\其他\研究生事务\综合考试\综合考试论文or博士论文模板\tactile-presentation-prototype\node_modules\@babel\parser\lib\index.js:13159:17)
      at TypeScriptParserMixin.parseStatementContent (D:\其他\研究生事务\综合考试\综合考试论文or博士论文模板\tactile-presentation-prototype\node_modules\@babel\parser\lib\index.js:12825:21)
      at TypeScriptParserMixin.parseStatementContent (D:\其他\研究生事务\综合考试\综合考试论文or博士论文模板\tactile-presentation-prototype\node_modules\@babel\parser\lib\index.js:9531:18)
      at TypeScriptParserMixin.parseStatementLike (D:\其他\研究生事务\综合考试\综合考试论文or博士论文模板\tactile-presentation-prototype\node_modules\@babel\parser\lib\index.js:12801:17)
      at TypeScriptParserMixin.parseModuleItem (D:\其他\研究生事务\综合考试\综合考试论文or博士论文模板\tactile-presentation-prototype\node_modules\@babel\parser\lib\index.js:12778:17)
      at TypeScriptParserMixin.parseBlockOrModuleBlockBody (D:\其他\研究生事务\综合考试\综合考试论文or博士论文模板\tactile-presentation-prototype\node_modules\@babel\parser\lib\index.js:13350:36)
      at TypeScriptParserMixin.parseBlockBody (D:\其他\研究生事务\综合考试\综合考试论文or博士论文模板\tactile-presentation-prototype\node_modules\@babel\parser\lib\index.js:13343:10)
      at TypeScriptParserMixin.parseProgram (D:\其他\研究生事务\综合考试\综合考试论文or博士论文模板\tactile-presentation-prototype\node_modules\@babel\parser\lib\index.js:12656:10)
      at TypeScriptParserMixin.parseTopLevel (D:\其他\研究生事务\综合考试\综合考试论文or博士论文模板\tactile-presentation-prototype\node_modules\@babel\parser\lib\index.js:12646:25)
      at TypeScriptParserMixin.parse (D:\其他\研究生事务\综合考试\综合考试论文or博士论文模板\tactile-presentation-prototype\node_modules\@babel\parser\lib\index.js:14522:25)
[2m16:55:27[22m [36m[1m[vite][22m[39m [90m[2m(client)[22m[39m [32mhmr update [39m[2m/src/App.tsx[22m
[2m16:55:27[22m [31m[1m[vite][22m[39m [31mInternal server error: D:\其他\研究生事务\综合考试\综合考试论文or博士论文模板\tactile-presentation-prototype\src\App.tsx: Unexpected token, expected "}" (986:10)

[0m [90m 984 |[31m           [33m<[31m[33mdiv[31m className[33m=[31m[32m"social-domain social-cooperation-domain"[31m[33m>[31m[33m<[31m[33mdiv[31m className[33m=[31m[32m"social-domain-label"[31m[33m>[31m[33m<[31m[33mspan[31m[33m>[31m[33mDOMAIN[31m [33mA[31m [33m/[31m [33mEMBODIED[31m [33mCOOPERATION[31m[33m<[31m[33m/[31m[33mspan[31m[33m>[31m[33m<[31m[33mstrong[31m[33m>[31m协同接触：理解人的意图，共同完成动作[33m<[31m[33m/[31m[33mstrong[31m[33m>[31m[33m<[31m[33m/[31m[33mdiv[31m[33m>[31m[33m<[31m[33mdiv[31m className[33m=[31m[32m"social-domain-flow"[31m[33m>[31m[33m<[31m[33mdiv[31m className[33m=[31m[32m"social-person social-human"[31m[33m>[31m[33m<[31m[33mspan[31m[33m>[31m人[33m<[31m[33m/[31m[33mspan[31m[33m>[31m[33m<[31m[33mstrong[31m[33m>[31m接触 [33m/[31m 意图[33m<[31m[33m/[31m[33mstrong[31m[33m>[31m[33m<[31m[33msmall[31m[33m>[31m姿态 · 语言 · 压力 · 节奏[33m<[31m[33m/[31m[33msmall[31m[33m>[31m[33m<[31m[33m/[31m[33mdiv[31m[33m>[31m[33m<[31m[33mi[31m className[33m=[31m[32m"social-domain-arrow social-link-cyan"[31m[33m>[31m→[33m<[31m[33m/[31m[33mi[31m[33m>[31m[33m<[31m[33mdiv[31m className[33m=[31m[32m"social-node social-understand"[31m[33m>[31m[33m<[31m[33mspan[31m[33m>[31m[35m01[31m[33m<[31m[33m/[31m[33mspan[31m[33m>[31m[33m<[31m[33mstrong[31m[33m>[31m理解[33m<[31m[33m/[31m[33mstrong[31m[33m>[31m[33m<[31m[33msmall[31m[33m>[31m保护 · 协作 · 社会语义[33m<[31m[33m/[31m[33msmall[31m[33m>[31m[33m<[31m[33m/[31m[33mdiv[31m[33m>[31m[33m<[31m[33mi[31m className[33m=[31m[32m"social-domain-arrow social-link-cyan"[31m[33m>[31m→[33m<[31m[33m/[31m[33mi[31m[33m>[31m[33m<[31m[33mdiv[31m className[33m=[31m[32m"social-node social-plan"[31m[33m>[31m[33m<[31m[33mspan[31m[33m>[31m[35m02[31m[33m<[31m[33m/[31m[33mspan[31m[33m>[31m[33m<[31m[33mstrong[31m[33m>[31m协商[33m<[31m[33m/[31m[33mstrong[31m[33m>[31m[33m<[31m[33msmall[31m[33m>[31m任务阶段 · 边界 · 不确定性[33m<[31m[33m/[31m[33msmall[31m[33m>[31m[33m<[31m[33m/[31m[33mdiv[31m[33m>[31m[33m<[31m[33mi[31m className[33m=[31m[32m"social-domain-arrow social-link-cyan"[31m[33m>[31m→[33m<[31m[33m/[31m[33mi[31m[33m>[31m[33m<[31m[33mdiv[31m className[33m=[31m[32m"social-person social-robot"[31m[33m>[31m[33m<[31m[33mspan[31m[33m>[31m具身智能体[33m<[31m[33m/[31m[33mspan[31m[33m>[31m[33m<[31m[33mstrong[31m[33m>[31m动作 [33m/[31m 回应[33m<[31m[33m/[31m[33mstrong[31m[33m>[31m[33m<[31m[33msmall[31m[33m>[31m交接 · 搀扶 · 引导 · 退出[33m<[31m[33m/[31m[33msmall[31m[33m>[31m[33m<[31m[33m/[31m[33mdiv[31m[33m>[31m[33m<[31m[33m/[31m[33mdiv[31m[33m>[31m[33m<[31m[33m/[31m[33mdiv[31m[33m>[31m
 [90m 985 |[31m           {layer [33m===[31m [32m'communication'[31m [33m&&[31m [33m<[31m[33mdiv[31m className[33m=[31m[32m"social-domain social-communication-domain"[31m[33m>[31m[33m<[31m[33mdiv[31m className[33m=[31m[32m"social-domain-label"[31m[33m>[31m[33m<[31m[33mspan[31m[33m>[31m[33mDOMAIN[31m [33mB[31m [33m/[31m [33mHAPTIC[31m [33mCOMMUNICATION[31m [33m&[31mamp[33m;[31m [33mDISPLAY[31m[33m<[31m[33m/[31m[33mspan[31m[33m>[31m[33m<[31m[33mstrong[31m[33m>[31m触觉通信：编码接触事件，在另一端安全再现[33m<[31m[33m/[31m[33mstrong[31m[33m>[31m[33m<[31m[33m/[31m[33mdiv[31m[33m>[31m[33m<[31m[33mdiv[31m className[33m=[31m[32m"social-domain-flow"[31m[33m>[31m[33m<[31m[33mdiv[31m className[33m=[31m[32m"social-node social-source"[31m[33m>[31m[33m<[31m[33mspan[31m[33m>[31m发送端[33m<[31m[33m/[31m[33mspan[31m[33m>[31m[33m<[31m[33mstrong[31m[33m>[31m接触事件 [33m/[31m 动力学语义[33m<[31m[33m/[31m[33mstrong[31m[33m>[31m[33m<[31m[33msmall[31m[33m>[31m位置 · 意图 · 力学状态[33m<[31m[33m/[31m[33msmall[31m[33m>[31m[33m<[31m[33m/[31m[33mdiv[31m[33m>[31m[33m<[31m[33mi[31m className[33m=[31m[32m"social-domain-arrow social-link-violet"[31m[33m>[31m⇄[33m<[31m[33m/[31m[33mi[31m[33m>[31m[33m<[31m[33mdiv[31m className[33m=[31m[32m"social-node social-render"[31m[33m>[31m[33m<[31m[33mspan[31m[33m>[31m通信与映射[33m<[31m[33m/[31m[33mspan[31m[33m>[31m[33m<[31m[33mstrong[31m[33m>[31m触觉输出 [33m/[31m 再现[33m<[31m[33m/[31m[33mstrong[31m[33m>[31m[33m<[31m[33msmall[31m[33m>[31m力 · 振动 · 压力 · 形变 · 温度[33m<[31m[33m/[31m[33msmall[31m[33m>[31m[33m<[31m[33m/[31m[33mdiv[31m[33m>[31m[33m<[31m[33mi[31m className[33m=[31m[32m"social-domain-arrow social-link-violet"[31m[33m>[31m⇄[33m<[31m[33m/[31m[33mi[31m[33m>[31m[33m<[31m[33mdiv[31m className[33m=[31m[32m"social-node social-receiver"[31m[33m>[31m[33m<[31m[33mspan[31m[33m>[31m接收端[33m<[31m[33m/[31m[33mspan[31m[33m>[31m[33m<[31m[33mstrong[31m[33m>[31m远程力觉 [33m/[31m 社交机器人[33m<[31m[33m/[31m[33mstrong[31m[33m>[31m[33m<[31m[33msmall[31m[33m>[31m可辨认 · 受限 · 可稳定[33m<[31m[33m/[31m[33msmall[31m[33m>[31m[33m<[31m[33m/[31m[33mdiv[31m[33m>[31m[33m<[31m[33m/[31m[33mdiv[31m[33m>[31m[33m<[31m[33m/[31m[33mdiv[31m[33m>[31m
[31m[1m>[22m[31m[90m 986 |[31m           )}
 [90m     |[31m           [31m[1m^[22m[31m
 [90m 987 |[31m           {layer [33m===[31m [32m'ethics'[31m [33m&&[31m [33m<[31m[33m>[31m[33m<[31m[33mdiv[31m className[33m=[31m[32m"social-guardrail social-ethics-card"[31m[33m>[31m[33m<[31m[33mspan[31m[33m>[31m不可越过的底线[33m<[31m[33m/[31m[33mspan[31m[33m>[31m[33m<[31m[33mstrong[31m[33m>[31m持续同意 · 实时撤回 · 保守降级[33m<[31m[33m/[31m[33mstrong[31m[33m>[31m[33m<[31m[33msmall[31m[33m>[31m任何社会语义推理，都不能延迟碰撞、夹伤和过载的安全响应。[33m<[31m[33m/[31m[33msmall[31m[33m>[31m[33m<[31m[33m/[31m[33mdiv[31m[33m>[31m[33m<[31m[33mdiv[31m className[33m=[31m[32m"social-eval-strip social-ethics-card"[31m[33m>[31m[33m<[31m[33mdiv[31m[33m>[31m[33m<[31m[33mspan[31m[33m>[31m评价闭环[33m<[31m[33m/[31m[33mspan[31m[33m>[31m[33m<[31m[33mstrong[31m[33m>[31m从“能不能识别”走向“是否安全、舒适、合规、可迁移”[33m<[31m[33m/[31m[33mstrong[31m[33m>[31m[33m<[31m[33m/[31m[33mdiv[31m[33m>[31m[33m<[31m[33mb[31m[33m>[31m物理安全[33m<[31m[33m/[31m[33mb[31m[33m>[31m[33m<[31m[33mb[31m[33m>[31m意图与阶段[33m<[31m[33m/[31m[33mb[31m[33m>[31m[33m<[31m[33mb[31m[33m>[31m舒适 [33m/[31m 信任[33m<[31m[33m/[31m[33mb[31m[33m>[31m[33m<[31m[33mb[31m[33m>[31m跨人群与长期[33m<[31m[33m/[31m[33mb[31m[33m>[31m[33m<[31m[35m/div></[31m[33m>[31m}
 [90m 988 |[31m       [33m<[31m[33m/[31m[33msection[31m[33m>[31m
 [90m 989 |[31m     [33m<[31m[33m/[31m[33mdiv[31m[33m>[31m[0m[39m
  Plugin: [35mvite:react-babel[39m
  File: [36mD:/其他/研究生事务/综合考试/综合考试论文or博士论文模板/tactile-presentation-prototype/src/App.tsx[39m:986:10
[33m  997|    return (
  998|      <aside className={`evidence-drawer ${open ? 'open' : ''}`} aria-hidden={!open} aria-label="证据与来源">
  999|        <div className="drawer-head">
     |         ^
  1000|          <div><span>EVIDENCE / SOURCE</span><h2>证据与来源</h2></div>
  1001|          <button className="icon-button" onClick={onClose} aria-label="关闭证据面板"><Icon name="close" /></button>[39m
      at constructor (D:\其他\研究生事务\综合考试\综合考试论文or博士论文模板\tactile-presentation-prototype\node_modules\@babel\parser\lib\index.js:369:19)
      at TypeScriptParserMixin.raise (D:\其他\研究生事务\综合考试\综合考试论文or博士论文模板\tactile-presentation-prototype\node_modules\@babel\parser\lib\index.js:6622:19)
      at TypeScriptParserMixin.unexpected (D:\其他\研究生事务\综合考试\综合考试论文or博士论文模板\tactile-presentation-prototype\node_modules\@babel\parser\lib\index.js:6642:16)
      at TypeScriptParserMixin.expect (D:\其他\研究生事务\综合考试\综合考试论文or博士论文模板\tactile-presentation-prototype\node_modules\@babel\parser\lib\index.js:6922:12)
      at TypeScriptParserMixin.jsxParseExpressionContainer (D:\其他\研究生事务\综合考试\综合考试论文or博士论文模板\tactile-presentation-prototype\node_modules\@babel\parser\lib\index.js:4655:10)
      at TypeScriptParserMixin.jsxParseElementAt (D:\其他\研究生事务\综合考试\综合考试论文or博士论文模板\tactile-presentation-prototype\node_modules\@babel\parser\lib\index.js:4729:36)
      at TypeScriptParserMixin.jsxParseElementAt (D:\其他\研究生事务\综合考试\综合考试论文or博士论文模板\tactile-presentation-prototype\node_modules\@babel\parser\lib\index.js:4716:32)
      at TypeScriptParserMixin.jsxParseElementAt (D:\其他\研究生事务\综合考试\综合考试论文or博士论文模板\tactile-presentation-prototype\node_modules\@babel\parser\lib\index.js:4716:32)
      at TypeScriptParserMixin.jsxParseElementAt (D:\其他\研究生事务\综合考试\综合考试论文or博士论文模板\tactile-presentation-prototype\node_modules\@babel\parser\lib\index.js:4716:32)
      at TypeScriptParserMixin.jsxParseElement (D:\其他\研究生事务\综合考试\综合考试论文or博士论文模板\tactile-presentation-prototype\node_modules\@babel\parser\lib\index.js:4767:17)
      at TypeScriptParserMixin.parseExprAtom (D:\其他\研究生事务\综合考试\综合考试论文or博士论文模板\tactile-presentation-prototype\node_modules\@babel\parser\lib\index.js:4777:19)
      at TypeScriptParserMixin.parseExprSubscripts (D:\其他\研究生事务\综合考试\综合考试论文or博士论文模板\tactile-presentation-prototype\node_modules\@babel\parser\lib\index.js:11107:23)
      at TypeScriptParserMixin.parseUpdate (D:\其他\研究生事务\综合考试\综合考试论文or博士论文模板\tactile-presentation-prototype\node_modules\@babel\parser\lib\index.js:11092:21)
      at TypeScriptParserMixin.parseMaybeUnary (D:\其他\研究生事务\综合考试\综合考试论文or博士论文模板\tactile-presentation-prototype\node_modules\@babel\parser\lib\index.js:11072:23)
      at TypeScriptParserMixin.parseMaybeUnary (D:\其他\研究生事务\综合考试\综合考试论文or博士论文模板\tactile-presentation-prototype\node_modules\@babel\parser\lib\index.js:9860:18)
      at TypeScriptParserMixin.parseMaybeUnaryOrPrivate (D:\其他\研究生事务\综合考试\综合考试论文or博士论文模板\tactile-presentation-prototype\node_modules\@babel\parser\lib\index.js:10925:61)
      at TypeScriptParserMixin.parseExprOps (D:\其他\研究生事务\综合考试\综合考试论文or博士论文模板\tactile-presentation-prototype\node_modules\@babel\parser\lib\index.js:10930:23)
      at TypeScriptParserMixin.parseMaybeConditional (D:\其他\研究生事务\综合考试\综合考试论文or博士论文模板\tactile-presentation-prototype\node_modules\@babel\parser\lib\index.js:10907:23)
      at TypeScriptParserMixin.parseMaybeAssign (D:\其他\研究生事务\综合考试\综合考试论文or博士论文模板\tactile-presentation-prototype\node_modules\@babel\parser\lib\index.js:10857:21)
      at D:\其他\研究生事务\综合考试\综合考试论文or博士论文模板\tactile-presentation-prototype\node_modules\@babel\parser\lib\index.js:9798:39
      at TypeScriptParserMixin.tryParse (D:\其他\研究生事务\综合考试\综合考试论文or博士论文模板\tactile-presentation-prototype\node_modules\@babel\parser\lib\index.js:6930:20)
      at TypeScriptParserMixin.parseMaybeAssign (D:\其他\研究生事务\综合考试\综合考试论文or博士论文模板\tactile-presentation-prototype\node_modules\@babel\parser\lib\index.js:9798:18)
      at TypeScriptParserMixin.parseExpressionBase (D:\其他\研究生事务\综合考试\综合考试论文or博士论文模板\tactile-presentation-prototype\node_modules\@babel\parser\lib\index.js:10810:23)
      at D:\其他\研究生事务\综合考试\综合考试论文or博士论文模板\tactile-presentation-prototype\node_modules\@babel\parser\lib\index.js:10806:39
      at TypeScriptParserMixin.allowInAnd (D:\其他\研究生事务\综合考试\综合考试论文or博士论文模板\tactile-presentation-prototype\node_modules\@babel\parser\lib\index.js:12455:16)
      at TypeScriptParserMixin.parseExpression (D:\其他\研究生事务\综合考试\综合考试论文or博士论文模板\tactile-presentation-prototype\node_modules\@babel\parser\lib\index.js:10806:17)
      at TypeScriptParserMixin.parseReturnStatement (D:\其他\研究生事务\综合考试\综合考试论文or博士论文模板\tactile-presentation-prototype\node_modules\@babel\parser\lib\index.js:13176:28)
      at TypeScriptParserMixin.parseStatementContent (D:\其他\研究生事务\综合考试\综合考试论文or博士论文模板\tactile-presentation-prototype\node_modules\@babel\parser\lib\index.js:12832:21)
      at TypeScriptParserMixin.parseStatementContent (D:\其他\研究生事务\综合考试\综合考试论文or博士论文模板\tactile-presentation-prototype\node_modules\@babel\parser\lib\index.js:9531:18)
      at TypeScriptParserMixin.parseStatementLike (D:\其他\研究生事务\综合考试\综合考试论文or博士论文模板\tactile-presentation-prototype\node_modules\@babel\parser\lib\index.js:12801:17)
      at TypeScriptParserMixin.parseStatementListItem (D:\其他\研究生事务\综合考试\综合考试论文or博士论文模板\tactile-presentation-prototype\node_modules\@babel\parser\lib\index.js:12781:17)
      at TypeScriptParserMixin.parseBlockOrModuleBlockBody (D:\其他\研究生事务\综合考试\综合考试论文or博士论文模板\tactile-presentation-prototype\node_modules\@babel\parser\lib\index.js:13350:61)
      at TypeScriptParserMixin.parseBlockBody (D:\其他\研究生事务\综合考试\综合考试论文or博士论文模板\tactile-presentation-prototype\node_modules\@babel\parser\lib\index.js:13343:10)
      at TypeScriptParserMixin.parseBlock (D:\其他\研究生事务\综合考试\综合考试论文or博士论文模板\tactile-presentation-prototype\node_modules\@babel\parser\lib\index.js:13331:10)
      at TypeScriptParserMixin.parseFunctionBody (D:\其他\研究生事务\综合考试\综合考试论文or博士论文模板\tactile-presentation-prototype\node_modules\@babel\parser\lib\index.js:12134:24)
      at TypeScriptParserMixin.parseFunctionBodyAndFinish (D:\其他\研究生事务\综合考试\综合考试论文or博士论文模板\tactile-presentation-prototype\node_modules\@babel\parser\lib\index.js:12120:10)
      at TypeScriptParserMixin.parseFunctionBodyAndFinish (D:\其他\研究生事务\综合考试\综合考试论文or博士论文模板\tactile-presentation-prototype\node_modules\@babel\parser\lib\index.js:9195:18)
      at D:\其他\研究生事务\综合考试\综合考试论文or博士论文模板\tactile-presentation-prototype\node_modules\@babel\parser\lib\index.js:13479:12
      at TypeScriptParserMixin.withSmartMixTopicForbiddingContext (D:\其他\研究生事务\综合考试\综合考试论文or博士论文模板\tactile-presentation-prototype\node_modules\@babel\parser\lib\index.js:12437:14)
      at TypeScriptParserMixin.parseFunction (D:\其他\研究生事务\综合考试\综合考试论文or博士论文模板\tactile-presentation-prototype\node_modules\@babel\parser\lib\index.js:13478:10)
      at TypeScriptParserMixin.parseFunctionStatement (D:\其他\研究生事务\综合考试\综合考试论文or博士论文模板\tactile-presentation-prototype\node_modules\@babel\parser\lib\index.js:13159:17)
      at TypeScriptParserMixin.parseStatementContent (D:\其他\研究生事务\综合考试\综合考试论文or博士论文模板\tactile-presentation-prototype\node_modules\@babel\parser\lib\index.js:12825:21)
      at TypeScriptParserMixin.parseStatementContent (D:\其他\研究生事务\综合考试\综合考试论文or博士论文模板\tactile-presentation-prototype\node_modules\@babel\parser\lib\index.js:9531:18)
      at TypeScriptParserMixin.parseStatementLike (D:\其他\研究生事务\综合考试\综合考试论文or博士论文模板\tactile-presentation-prototype\node_modules\@babel\parser\lib\index.js:12801:17)
      at TypeScriptParserMixin.parseModuleItem (D:\其他\研究生事务\综合考试\综合考试论文or博士论文模板\tactile-presentation-prototype\node_modules\@babel\parser\lib\index.js:12778:17)
      at TypeScriptParserMixin.parseBlockOrModuleBlockBody (D:\其他\研究生事务\综合考试\综合考试论文or博士论文模板\tactile-presentation-prototype\node_modules\@babel\parser\lib\index.js:13350:36)
      at TypeScriptParserMixin.parseBlockBody (D:\其他\研究生事务\综合考试\综合考试论文or博士论文模板\tactile-presentation-prototype\node_modules\@babel\parser\lib\index.js:13343:10)
      at TypeScriptParserMixin.parseProgram (D:\其他\研究生事务\综合考试\综合考试论文or博士论文模板\tactile-presentation-prototype\node_modules\@babel\parser\lib\index.js:12656:10)
      at TypeScriptParserMixin.parseTopLevel (D:\其他\研究生事务\综合考试\综合考试论文or博士论文模板\tactile-presentation-prototype\node_modules\@babel\parser\lib\index.js:12646:25)
      at TypeScriptParserMixin.parse (D:\其他\研究生事务\综合考试\综合考试论文or博士论文模板\tactile-presentation-prototype\node_modules\@babel\parser\lib\index.js:14522:25)
[2m16:56:25[22m [36m[1m[vite][22m[39m [90m[2m(client)[22m[39m [32mhmr update [39m[2m/src/App.tsx[22m
[2m16:56:25[22m [31m[1m[vite][22m[39m [31mInternal server error: D:\其他\研究生事务\综合考试\综合考试论文or博士论文模板\tactile-presentation-prototype\src\App.tsx: Unexpected token, expected "}" (986:10)

[0m [90m 984 |[31m           [33m<[31m[33mdiv[31m className[33m=[31m[32m"social-domain social-cooperation-domain"[31m[33m>[31m[33m<[31m[33mdiv[31m className[33m=[31m[32m"social-domain-label"[31m[33m>[31m[33m<[31m[33mspan[31m[33m>[31m[33mDOMAIN[31m [33mA[31m [33m/[31m [33mEMBODIED[31m [33mCOOPERATION[31m[33m<[31m[33m/[31m[33mspan[31m[33m>[31m[33m<[31m[33mstrong[31m[33m>[31m协同接触：理解人的意图，共同完成动作[33m<[31m[33m/[31m[33mstrong[31m[33m>[31m[33m<[31m[33m/[31m[33mdiv[31m[33m>[31m[33m<[31m[33mdiv[31m className[33m=[31m[32m"social-domain-flow"[31m[33m>[31m[33m<[31m[33mdiv[31m className[33m=[31m[32m"social-person social-human"[31m[33m>[31m[33m<[31m[33mspan[31m[33m>[31m人[33m<[31m[33m/[31m[33mspan[31m[33m>[31m[33m<[31m[33mstrong[31m[33m>[31m接触 [33m/[31m 意图[33m<[31m[33m/[31m[33mstrong[31m[33m>[31m[33m<[31m[33msmall[31m[33m>[31m姿态 · 语言 · 压力 · 节奏[33m<[31m[33m/[31m[33msmall[31m[33m>[31m[33m<[31m[33m/[31m[33mdiv[31m[33m>[31m[33m<[31m[33mi[31m className[33m=[31m[32m"social-domain-arrow social-link-cyan"[31m[33m>[31m→[33m<[31m[33m/[31m[33mi[31m[33m>[31m[33m<[31m[33mdiv[31m className[33m=[31m[32m"social-node social-understand"[31m[33m>[31m[33m<[31m[33mspan[31m[33m>[31m[35m01[31m[33m<[31m[33m/[31m[33mspan[31m[33m>[31m[33m<[31m[33mstrong[31m[33m>[31m理解[33m<[31m[33m/[31m[33mstrong[31m[33m>[31m[33m<[31m[33msmall[31m[33m>[31m保护 · 协作 · 社会语义[33m<[31m[33m/[31m[33msmall[31m[33m>[31m[33m<[31m[33m/[31m[33mdiv[31m[33m>[31m[33m<[31m[33mi[31m className[33m=[31m[32m"social-domain-arrow social-link-cyan"[31m[33m>[31m→[33m<[31m[33m/[31m[33mi[31m[33m>[31m[33m<[31m[33mdiv[31m className[33m=[31m[32m"social-node social-plan"[31m[33m>[31m[33m<[31m[33mspan[31m[33m>[31m[35m02[31m[33m<[31m[33m/[31m[33mspan[31m[33m>[31m[33m<[31m[33mstrong[31m[33m>[31m协商[33m<[31m[33m/[31m[33mstrong[31m[33m>[31m[33m<[31m[33msmall[31m[33m>[31m任务阶段 · 边界 · 不确定性[33m<[31m[33m/[31m[33msmall[31m[33m>[31m[33m<[31m[33m/[31m[33mdiv[31m[33m>[31m[33m<[31m[33mi[31m className[33m=[31m[32m"social-domain-arrow social-link-cyan"[31m[33m>[31m→[33m<[31m[33m/[31m[33mi[31m[33m>[31m[33m<[31m[33mdiv[31m className[33m=[31m[32m"social-person social-robot"[31m[33m>[31m[33m<[31m[33mspan[31m[33m>[31m具身智能体[33m<[31m[33m/[31m[33mspan[31m[33m>[31m[33m<[31m[33mstrong[31m[33m>[31m动作 [33m/[31m 回应[33m<[31m[33m/[31m[33mstrong[31m[33m>[31m[33m<[31m[33msmall[31m[33m>[31m交接 · 搀扶 · 引导 · 退出[33m<[31m[33m/[31m[33msmall[31m[33m>[31m[33m<[31m[33m/[31m[33mdiv[31m[33m>[31m[33m<[31m[33m/[31m[33mdiv[31m[33m>[31m[33m<[31m[33m/[31m[33mdiv[31m[33m>[31m
 [90m 985 |[31m           {layer [33m===[31m [32m'communication'[31m [33m&&[31m [33m<[31m[33mdiv[31m className[33m=[31m[32m"social-domain social-communication-domain"[31m[33m>[31m[33m<[31m[33mdiv[31m className[33m=[31m[32m"social-domain-label"[31m[33m>[31m[33m<[31m[33mspan[31m[33m>[31m[33mDOMAIN[31m [33mB[31m [33m/[31m [33mHAPTIC[31m [33mCOMMUNICATION[31m [33m&[31mamp[33m;[31m [33mDISPLAY[31m[33m<[31m[33m/[31m[33mspan[31m[33m>[31m[33m<[31m[33mstrong[31m[33m>[31m触觉通信：编码接触事件，在另一端安全再现[33m<[31m[33m/[31m[33mstrong[31m[33m>[31m[33m<[31m[33m/[31m[33mdiv[31m[33m>[31m[33m<[31m[33mdiv[31m className[33m=[31m[32m"social-domain-flow"[31m[33m>[31m[33m<[31m[33mdiv[31m className[33m=[31m[32m"social-node social-source"[31m[33m>[31m[33m<[31m[33mspan[31m[33m>[31m发送端[33m<[31m[33m/[31m[33mspan[31m[33m>[31m[33m<[31m[33mstrong[31m[33m>[31m接触事件 [33m/[31m 动力学语义[33m<[31m[33m/[31m[33mstrong[31m[33m>[31m[33m<[31m[33msmall[31m[33m>[31m位置 · 意图 · 力学状态[33m<[31m[33m/[31m[33msmall[31m[33m>[31m[33m<[31m[33m/[31m[33mdiv[31m[33m>[31m[33m<[31m[33mi[31m className[33m=[31m[32m"social-domain-arrow social-link-violet"[31m[33m>[31m⇄[33m<[31m[33m/[31m[33mi[31m[33m>[31m[33m<[31m[33mdiv[31m className[33m=[31m[32m"social-node social-render"[31m[33m>[31m[33m<[31m[33mspan[31m[33m>[31m通信与映射[33m<[31m[33m/[31m[33mspan[31m[33m>[31m[33m<[31m[33mstrong[31m[33m>[31m触觉输出 [33m/[31m 再现[33m<[31m[33m/[31m[33mstrong[31m[33m>[31m[33m<[31m[33msmall[31m[33m>[31m力 · 振动 · 压力 · 形变 · 温度[33m<[31m[33m/[31m[33msmall[31m[33m>[31m[33m<[31m[33m/[31m[33mdiv[31m[33m>[31m[33m<[31m[33mi[31m className[33m=[31m[32m"social-domain-arrow social-link-violet"[31m[33m>[31m⇄[33m<[31m[33m/[31m[33mi[31m[33m>[31m[33m<[31m[33mdiv[31m className[33m=[31m[32m"social-node social-receiver"[31m[33m>[31m[33m<[31m[33mspan[31m[33m>[31m接收端[33m<[31m[33m/[31m[33mspan[31m[33m>[31m[33m<[31m[33mstrong[31m[33m>[31m远程力觉 [33m/[31m 社交机器人[33m<[31m[33m/[31m[33mstrong[31m[33m>[31m[33m<[31m[33msmall[31m[33m>[31m可辨认 · 受限 · 可稳定[33m<[31m[33m/[31m[33msmall[31m[33m>[31m[33m<[31m[33m/[31m[33mdiv[31m[33m>[31m[33m<[31m[33m/[31m[33mdiv[31m[33m>[31m[33m<[31m[33m/[31m[33mdiv[31m[33m>[31m
[31m[1m>[22m[31m[90m 986 |[31m           )}
 [90m     |[31m           [31m[1m^[22m[31m
 [90m 987 |[31m           {layer [33m===[31m [32m'ethics'[31m [33m&&[31m [33m<[31m[33m>[31m[33m<[31m[33mdiv[31m className[33m=[31m[32m"social-guardrail social-ethics-card"[31m[33m>[31m[33m<[31m[33mspan[31m[33m>[31m不可越过的底线[33m<[31m[33m/[31m[33mspan[31m[33m>[31m[33m<[31m[33mstrong[31m[33m>[31m持续同意 · 实时撤回 · 保守降级[33m<[31m[33m/[31m[33mstrong[31m[33m>[31m[33m<[31m[33msmall[31m[33m>[31m任何社会语义推理，都不能延迟碰撞、夹伤和过载的安全响应。[33m<[31m[33m/[31m[33msmall[31m[33m>[31m[33m<[31m[33m/[31m[33mdiv[31m[33m>[31m[33m<[31m[33mdiv[31m className[33m=[31m[32m"social-eval-strip social-ethics-card"[31m[33m>[31m[33m<[31m[33mdiv[31m[33m>[31m[33m<[31m[33mspan[31m[33m>[31m评价闭环[33m<[31m[33m/[31m[33mspan[31m[33m>[31m[33m<[31m[33mstrong[31m[33m>[31m从“能不能识别”走向“是否安全、舒适、合规、可迁移”[33m<[31m[33m/[31m[33mstrong[31m[33m>[31m[33m<[31m[33m/[31m[33mdiv[31m[33m>[31m[33m<[31m[33mb[31m[33m>[31m物理安全[33m<[31m[33m/[31m[33mb[31m[33m>[31m[33m<[31m[33mb[31m[33m>[31m意图与阶段[33m<[31m[33m/[31m[33mb[31m[33m>[31m[33m<[31m[33mb[31m[33m>[31m舒适 [33m/[31m 信任[33m<[31m[33m/[31m[33mb[31m[33m>[31m[33m<[31m[33mb[31m[33m>[31m跨人群与长期[33m<[31m[33m/[31m[33mb[31m[33m>[31m[33m<[31m[35m/div></[31m[33m>[31m}
 [90m 988 |[31m       [33m<[31m[33m/[31m[33msection[31m[33m>[31m
 [90m 989 |[31m     [33m<[31m[33m/[31m[33mdiv[31m[33m>[31m[0m[39m
  Plugin: [35mvite:react-babel[39m
  File: [36mD:/其他/研究生事务/综合考试/综合考试论文or博士论文模板/tactile-presentation-prototype/src/App.tsx[39m:986:10
[33m  997|    return (
  998|      <aside className={`evidence-drawer ${open ? 'open' : ''}`} aria-hidden={!open} aria-label="证据与来源">
  999|        <div className="drawer-head">
     |         ^
  1000|          <div><span>EVIDENCE / SOURCE</span><h2>证据与来源</h2></div>
  1001|          <button className="icon-button" onClick={onClose} aria-label="关闭证据面板"><Icon name="close" /></button>[39m
      at constructor (D:\其他\研究生事务\综合考试\综合考试论文or博士论文模板\tactile-presentation-prototype\node_modules\@babel\parser\lib\index.js:369:19)
      at TypeScriptParserMixin.raise (D:\其他\研究生事务\综合考试\综合考试论文or博士论文模板\tactile-presentation-prototype\node_modules\@babel\parser\lib\index.js:6622:19)
      at TypeScriptParserMixin.unexpected (D:\其他\研究生事务\综合考试\综合考试论文or博士论文模板\tactile-presentation-prototype\node_modules\@babel\parser\lib\index.js:6642:16)
      at TypeScriptParserMixin.expect (D:\其他\研究生事务\综合考试\综合考试论文or博士论文模板\tactile-presentation-prototype\node_modules\@babel\parser\lib\index.js:6922:12)
      at TypeScriptParserMixin.jsxParseExpressionContainer (D:\其他\研究生事务\综合考试\综合考试论文or博士论文模板\tactile-presentation-prototype\node_modules\@babel\parser\lib\index.js:4655:10)
      at TypeScriptParserMixin.jsxParseElementAt (D:\其他\研究生事务\综合考试\综合考试论文or博士论文模板\tactile-presentation-prototype\node_modules\@babel\parser\lib\index.js:4729:36)
      at TypeScriptParserMixin.jsxParseElementAt (D:\其他\研究生事务\综合考试\综合考试论文or博士论文模板\tactile-presentation-prototype\node_modules\@babel\parser\lib\index.js:4716:32)
      at TypeScriptParserMixin.jsxParseElementAt (D:\其他\研究生事务\综合考试\综合考试论文or博士论文模板\tactile-presentation-prototype\node_modules\@babel\parser\lib\index.js:4716:32)
      at TypeScriptParserMixin.jsxParseElementAt (D:\其他\研究生事务\综合考试\综合考试论文or博士论文模板\tactile-presentation-prototype\node_modules\@babel\parser\lib\index.js:4716:32)
      at TypeScriptParserMixin.jsxParseElement (D:\其他\研究生事务\综合考试\综合考试论文or博士论文模板\tactile-presentation-prototype\node_modules\@babel\parser\lib\index.js:4767:17)
      at TypeScriptParserMixin.parseExprAtom (D:\其他\研究生事务\综合考试\综合考试论文or博士论文模板\tactile-presentation-prototype\node_modules\@babel\parser\lib\index.js:4777:19)
      at TypeScriptParserMixin.parseExprSubscripts (D:\其他\研究生事务\综合考试\综合考试论文or博士论文模板\tactile-presentation-prototype\node_modules\@babel\parser\lib\index.js:11107:23)
      at TypeScriptParserMixin.parseUpdate (D:\其他\研究生事务\综合考试\综合考试论文or博士论文模板\tactile-presentation-prototype\node_modules\@babel\parser\lib\index.js:11092:21)
      at TypeScriptParserMixin.parseMaybeUnary (D:\其他\研究生事务\综合考试\综合考试论文or博士论文模板\tactile-presentation-prototype\node_modules\@babel\parser\lib\index.js:11072:23)
      at TypeScriptParserMixin.parseMaybeUnary (D:\其他\研究生事务\综合考试\综合考试论文or博士论文模板\tactile-presentation-prototype\node_modules\@babel\parser\lib\index.js:9860:18)
      at TypeScriptParserMixin.parseMaybeUnaryOrPrivate (D:\其他\研究生事务\综合考试\综合考试论文or博士论文模板\tactile-presentation-prototype\node_modules\@babel\parser\lib\index.js:10925:61)
      at TypeScriptParserMixin.parseExprOps (D:\其他\研究生事务\综合考试\综合考试论文or博士论文模板\tactile-presentation-prototype\node_modules\@babel\parser\lib\index.js:10930:23)
      at TypeScriptParserMixin.parseMaybeConditional (D:\其他\研究生事务\综合考试\综合考试论文or博士论文模板\tactile-presentation-prototype\node_modules\@babel\parser\lib\index.js:10907:23)
      at TypeScriptParserMixin.parseMaybeAssign (D:\其他\研究生事务\综合考试\综合考试论文or博士论文模板\tactile-presentation-prototype\node_modules\@babel\parser\lib\index.js:10857:21)
      at D:\其他\研究生事务\综合考试\综合考试论文or博士论文模板\tactile-presentation-prototype\node_modules\@babel\parser\lib\index.js:9798:39
      at TypeScriptParserMixin.tryParse (D:\其他\研究生事务\综合考试\综合考试论文or博士论文模板\tactile-presentation-prototype\node_modules\@babel\parser\lib\index.js:6930:20)
      at TypeScriptParserMixin.parseMaybeAssign (D:\其他\研究生事务\综合考试\综合考试论文or博士论文模板\tactile-presentation-prototype\node_modules\@babel\parser\lib\index.js:9798:18)
      at TypeScriptParserMixin.parseExpressionBase (D:\其他\研究生事务\综合考试\综合考试论文or博士论文模板\tactile-presentation-prototype\node_modules\@babel\parser\lib\index.js:10810:23)
      at D:\其他\研究生事务\综合考试\综合考试论文or博士论文模板\tactile-presentation-prototype\node_modules\@babel\parser\lib\index.js:10806:39
      at TypeScriptParserMixin.allowInAnd (D:\其他\研究生事务\综合考试\综合考试论文or博士论文模板\tactile-presentation-prototype\node_modules\@babel\parser\lib\index.js:12455:16)
      at TypeScriptParserMixin.parseExpression (D:\其他\研究生事务\综合考试\综合考试论文or博士论文模板\tactile-presentation-prototype\node_modules\@babel\parser\lib\index.js:10806:17)
      at TypeScriptParserMixin.parseReturnStatement (D:\其他\研究生事务\综合考试\综合考试论文or博士论文模板\tactile-presentation-prototype\node_modules\@babel\parser\lib\index.js:13176:28)
      at TypeScriptParserMixin.parseStatementContent (D:\其他\研究生事务\综合考试\综合考试论文or博士论文模板\tactile-presentation-prototype\node_modules\@babel\parser\lib\index.js:12832:21)
      at TypeScriptParserMixin.parseStatementContent (D:\其他\研究生事务\综合考试\综合考试论文or博士论文模板\tactile-presentation-prototype\node_modules\@babel\parser\lib\index.js:9531:18)
      at TypeScriptParserMixin.parseStatementLike (D:\其他\研究生事务\综合考试\综合考试论文or博士论文模板\tactile-presentation-prototype\node_modules\@babel\parser\lib\index.js:12801:17)
      at TypeScriptParserMixin.parseStatementListItem (D:\其他\研究生事务\综合考试\综合考试论文or博士论文模板\tactile-presentation-prototype\node_modules\@babel\parser\lib\index.js:12781:17)
      at TypeScriptParserMixin.parseBlockOrModuleBlockBody (D:\其他\研究生事务\综合考试\综合考试论文or博士论文模板\tactile-presentation-prototype\node_modules\@babel\parser\lib\index.js:13350:61)
      at TypeScriptParserMixin.parseBlockBody (D:\其他\研究生事务\综合考试\综合考试论文or博士论文模板\tactile-presentation-prototype\node_modules\@babel\parser\lib\index.js:13343:10)
      at TypeScriptParserMixin.parseBlock (D:\其他\研究生事务\综合考试\综合考试论文or博士论文模板\tactile-presentation-prototype\node_modules\@babel\parser\lib\index.js:13331:10)
      at TypeScriptParserMixin.parseFunctionBody (D:\其他\研究生事务\综合考试\综合考试论文or博士论文模板\tactile-presentation-prototype\node_modules\@babel\parser\lib\index.js:12134:24)
      at TypeScriptParserMixin.parseFunctionBodyAndFinish (D:\其他\研究生事务\综合考试\综合考试论文or博士论文模板\tactile-presentation-prototype\node_modules\@babel\parser\lib\index.js:12120:10)
      at TypeScriptParserMixin.parseFunctionBodyAndFinish (D:\其他\研究生事务\综合考试\综合考试论文or博士论文模板\tactile-presentation-prototype\node_modules\@babel\parser\lib\index.js:9195:18)
      at D:\其他\研究生事务\综合考试\综合考试论文or博士论文模板\tactile-presentation-prototype\node_modules\@babel\parser\lib\index.js:13479:12
      at TypeScriptParserMixin.withSmartMixTopicForbiddingContext (D:\其他\研究生事务\综合考试\综合考试论文or博士论文模板\tactile-presentation-prototype\node_modules\@babel\parser\lib\index.js:12437:14)
      at TypeScriptParserMixin.parseFunction (D:\其他\研究生事务\综合考试\综合考试论文or博士论文模板\tactile-presentation-prototype\node_modules\@babel\parser\lib\index.js:13478:10)
      at TypeScriptParserMixin.parseFunctionStatement (D:\其他\研究生事务\综合考试\综合考试论文or博士论文模板\tactile-presentation-prototype\node_modules\@babel\parser\lib\index.js:13159:17)
      at TypeScriptParserMixin.parseStatementContent (D:\其他\研究生事务\综合考试\综合考试论文or博士论文模板\tactile-presentation-prototype\node_modules\@babel\parser\lib\index.js:12825:21)
      at TypeScriptParserMixin.parseStatementContent (D:\其他\研究生事务\综合考试\综合考试论文or博士论文模板\tactile-presentation-prototype\node_modules\@babel\parser\lib\index.js:9531:18)
      at TypeScriptParserMixin.parseStatementLike (D:\其他\研究生事务\综合考试\综合考试论文or博士论文模板\tactile-presentation-prototype\node_modules\@babel\parser\lib\index.js:12801:17)
      at TypeScriptParserMixin.parseModuleItem (D:\其他\研究生事务\综合考试\综合考试论文or博士论文模板\tactile-presentation-prototype\node_modules\@babel\parser\lib\index.js:12778:17)
      at TypeScriptParserMixin.parseBlockOrModuleBlockBody (D:\其他\研究生事务\综合考试\综合考试论文or博士论文模板\tactile-presentation-prototype\node_modules\@babel\parser\lib\index.js:13350:36)
      at TypeScriptParserMixin.parseBlockBody (D:\其他\研究生事务\综合考试\综合考试论文or博士论文模板\tactile-presentation-prototype\node_modules\@babel\parser\lib\index.js:13343:10)
      at TypeScriptParserMixin.parseProgram (D:\其他\研究生事务\综合考试\综合考试论文or博士论文模板\tactile-presentation-prototype\node_modules\@babel\parser\lib\index.js:12656:10)
      at TypeScriptParserMixin.parseTopLevel (D:\其他\研究生事务\综合考试\综合考试论文or博士论文模板\tactile-presentation-prototype\node_modules\@babel\parser\lib\index.js:12646:25)
      at TypeScriptParserMixin.parse (D:\其他\研究生事务\综合考试\综合考试论文or博士论文模板\tactile-presentation-prototype\node_modules\@babel\parser\lib\index.js:14522:25)
[2m16:58:42[22m [31m[1m[vite][22m[39m [31m[2m(client)[22m[39m Pre-transform error: D:\其他\研究生事务\综合考试\综合考试论文or博士论文模板\tactile-presentation-prototype\src\App.tsx: Unexpected token, expected "}" (986:10)

[0m [90m 984 |[39m           [33m<[39m[33mdiv[39m className[33m=[39m[32m"social-domain social-cooperation-domain"[39m[33m>[39m[33m<[39m[33mdiv[39m className[33m=[39m[32m"social-domain-label"[39m[33m>[39m[33m<[39m[33mspan[39m[33m>[39m[33mDOMAIN[39m [33mA[39m [33m/[39m [33mEMBODIED[39m [33mCOOPERATION[39m[33m<[39m[33m/[39m[33mspan[39m[33m>[39m[33m<[39m[33mstrong[39m[33m>[39m协同接触：理解人的意图，共同完成动作[33m<[39m[33m/[39m[33mstrong[39m[33m>[39m[33m<[39m[33m/[39m[33mdiv[39m[33m>[39m[33m<[39m[33mdiv[39m className[33m=[39m[32m"social-domain-flow"[39m[33m>[39m[33m<[39m[33mdiv[39m className[33m=[39m[32m"social-person social-human"[39m[33m>[39m[33m<[39m[33mspan[39m[33m>[39m人[33m<[39m[33m/[39m[33mspan[39m[33m>[39m[33m<[39m[33mstrong[39m[33m>[39m接触 [33m/[39m 意图[33m<[39m[33m/[39m[33mstrong[39m[33m>[39m[33m<[39m[33msmall[39m[33m>[39m姿态 · 语言 · 压力 · 节奏[33m<[39m[33m/[39m[33msmall[39m[33m>[39m[33m<[39m[33m/[39m[33mdiv[39m[33m>[39m[33m<[39m[33mi[39m className[33m=[39m[32m"social-domain-arrow social-link-cyan"[39m[33m>[39m→[33m<[39m[33m/[39m[33mi[39m[33m>[39m[33m<[39m[33mdiv[39m className[33m=[39m[32m"social-node social-understand"[39m[33m>[39m[33m<[39m[33mspan[39m[33m>[39m[35m01[39m[33m<[39m[33m/[39m[33mspan[39m[33m>[39m[33m<[39m[33mstrong[39m[33m>[39m理解[33m<[39m[33m/[39m[33mstrong[39m[33m>[39m[33m<[39m[33msmall[39m[33m>[39m保护 · 协作 · 社会语义[33m<[39m[33m/[39m[33msmall[39m[33m>[39m[33m<[39m[33m/[39m[33mdiv[39m[33m>[39m[33m<[39m[33mi[39m className[33m=[39m[32m"social-domain-arrow social-link-cyan"[39m[33m>[39m→[33m<[39m[33m/[39m[33mi[39m[33m>[39m[33m<[39m[33mdiv[39m className[33m=[39m[32m"social-node social-plan"[39m[33m>[39m[33m<[39m[33mspan[39m[33m>[39m[35m02[39m[33m<[39m[33m/[39m[33mspan[39m[33m>[39m[33m<[39m[33mstrong[39m[33m>[39m协商[33m<[39m[33m/[39m[33mstrong[39m[33m>[39m[33m<[39m[33msmall[39m[33m>[39m任务阶段 · 边界 · 不确定性[33m<[39m[33m/[39m[33msmall[39m[33m>[39m[33m<[39m[33m/[39m[33mdiv[39m[33m>[39m[33m<[39m[33mi[39m className[33m=[39m[32m"social-domain-arrow social-link-cyan"[39m[33m>[39m→[33m<[39m[33m/[39m[33mi[39m[33m>[39m[33m<[39m[33mdiv[39m className[33m=[39m[32m"social-person social-robot"[39m[33m>[39m[33m<[39m[33mspan[39m[33m>[39m具身智能体[33m<[39m[33m/[39m[33mspan[39m[33m>[39m[33m<[39m[33mstrong[39m[33m>[39m动作 [33m/[39m 回应[33m<[39m[33m/[39m[33mstrong[39m[33m>[39m[33m<[39m[33msmall[39m[33m>[39m交接 · 搀扶 · 引导 · 退出[33m<[39m[33m/[39m[33msmall[39m[33m>[39m[33m<[39m[33m/[39m[33mdiv[39m[33m>[39m[33m<[39m[33m/[39m[33mdiv[39m[33m>[39m[33m<[39m[33m/[39m[33mdiv[39m[33m>[39m
 [90m 985 |[39m           {layer [33m===[39m [32m'communication'[39m [33m&&[39m [33m<[39m[33mdiv[39m className[33m=[39m[32m"social-domain social-communication-domain"[39m[33m>[39m[33m<[39m[33mdiv[39m className[33m=[39m[32m"social-domain-label"[39m[33m>[39m[33m<[39m[33mspan[39m[33m>[39m[33mDOMAIN[39m [33mB[39m [33m/[39m [33mHAPTIC[39m [33mCOMMUNICATION[39m [33m&[39mamp[33m;[39m [33mDISPLAY[39m[33m<[39m[33m/[39m[33mspan[39m[33m>[39m[33m<[39m[33mstrong[39m[33m>[39m触觉通信：编码接触事件，在另一端安全再现[33m<[39m[33m/[39m[33mstrong[39m[33m>[39m[33m<[39m[33m/[39m[33mdiv[39m[33m>[39m[33m<[39m[33mdiv[39m className[33m=[39m[32m"social-domain-flow"[39m[33m>[39m[33m<[39m[33mdiv[39m className[33m=[39m[32m"social-node social-source"[39m[33m>[39m[33m<[39m[33mspan[39m[33m>[39m发送端[33m<[39m[33m/[39m[33mspan[39m[33m>[39m[33m<[39m[33mstrong[39m[33m>[39m接触事件 [33m/[39m 动力学语义[33m<[39m[33m/[39m[33mstrong[39m[33m>[39m[33m<[39m[33msmall[39m[33m>[39m位置 · 意图 · 力学状态[33m<[39m[33m/[39m[33msmall[39m[33m>[39m[33m<[39m[33m/[39m[33mdiv[39m[33m>[39m[33m<[39m[33mi[39m className[33m=[39m[32m"social-domain-arrow social-link-violet"[39m[33m>[39m⇄[33m<[39m[33m/[39m[33mi[39m[33m>[39m[33m<[39m[33mdiv[39m className[33m=[39m[32m"social-node social-render"[39m[33m>[39m[33m<[39m[33mspan[39m[33m>[39m通信与映射[33m<[39m[33m/[39m[33mspan[39m[33m>[39m[33m<[39m[33mstrong[39m[33m>[39m触觉输出 [33m/[39m 再现[33m<[39m[33m/[39m[33mstrong[39m[33m>[39m[33m<[39m[33msmall[39m[33m>[39m力 · 振动 · 压力 · 形变 · 温度[33m<[39m[33m/[39m[33msmall[39m[33m>[39m[33m<[39m[33m/[39m[33mdiv[39m[33m>[39m[33m<[39m[33mi[39m className[33m=[39m[32m"social-domain-arrow social-link-violet"[39m[33m>[39m⇄[33m<[39m[33m/[39m[33mi[39m[33m>[39m[33m<[39m[33mdiv[39m className[33m=[39m[32m"social-node social-receiver"[39m[33m>[39m[33m<[39m[33mspan[39m[33m>[39m接收端[33m<[39m[33m/[39m[33mspan[39m[33m>[39m[33m<[39m[33mstrong[39m[33m>[39m远程力觉 [33m/[39m 社交机器人[33m<[39m[33m/[39m[33mstrong[39m[33m>[39m[33m<[39m[33msmall[39m[33m>[39m可辨认 · 受限 · 可稳定[33m<[39m[33m/[39m[33msmall[39m[33m>[39m[33m<[39m[33m/[39m[33mdiv[39m[33m>[39m[33m<[39m[33m/[39m[33mdiv[39m[33m>[39m[33m<[39m[33m/[39m[33mdiv[39m[33m>[39m
[31m[1m>[22m[39m[90m 986 |[39m           )}
 [90m     |[39m           [31m[1m^[22m[39m
 [90m 987 |[39m           {layer [33m===[39m [32m'ethics'[39m [33m&&[39m [33m<[39m[33m>[39m[33m<[39m[33mdiv[39m className[33m=[39m[32m"social-guardrail social-ethics-card"[39m[33m>[39m[33m<[39m[33mspan[39m[33m>[39m不可越过的底线[33m<[39m[33m/[39m[33mspan[39m[33m>[39m[33m<[39m[33mstrong[39m[33m>[39m持续同意 · 实时撤回 · 保守降级[33m<[39m[33m/[39m[33mstrong[39m[33m>[39m[33m<[39m[33msmall[39m[33m>[39m任何社会语义推理，都不能延迟碰撞、夹伤和过载的安全响应。[33m<[39m[33m/[39m[33msmall[39m[33m>[39m[33m<[39m[33m/[39m[33mdiv[39m[33m>[39m[33m<[39m[33mdiv[39m className[33m=[39m[32m"social-eval-strip social-ethics-card"[39m[33m>[39m[33m<[39m[33mdiv[39m[33m>[39m[33m<[39m[33mspan[39m[33m>[39m评价闭环[33m<[39m[33m/[39m[33mspan[39m[33m>[39m[33m<[39m[33mstrong[39m[33m>[39m从“能不能识别”走向“是否安全、舒适、合规、可迁移”[33m<[39m[33m/[39m[33mstrong[39m[33m>[39m[33m<[39m[33m/[39m[33mdiv[39m[33m>[39m[33m<[39m[33mb[39m[33m>[39m物理安全[33m<[39m[33m/[39m[33mb[39m[33m>[39m[33m<[39m[33mb[39m[33m>[39m意图与阶段[33m<[39m[33m/[39m[33mb[39m[33m>[39m[33m<[39m[33mb[39m[33m>[39m舒适 [33m/[39m 信任[33m<[39m[33m/[39m[33mb[39m[33m>[39m[33m<[39m[33mb[39m[33m>[39m跨人群与长期[33m<[39m[33m/[39m[33mb[39m[33m>[39m[33m<[39m[35m/div></[39m[33m>[39m}
 [90m 988 |[39m       [33m<[39m[33m/[39m[33msection[39m[33m>[39m
 [90m 989 |[39m     [33m<[39m[33m/[39m[33mdiv[39m[33m>[39m[0m
  Plugin: [35mvite:react-babel[39m
  File: [36mD:/其他/研究生事务/综合考试/综合考试论文or博士论文模板/tactile-presentation-prototype/src/App.tsx[39m:986:10
[33m  997|    return (
  998|      <aside className={`evidence-drawer ${open ? 'open' : ''}`} aria-hidden={!open} aria-label="证据与来源">
  999|        <div className="drawer-head">
     |         ^
  1000|          <div><span>EVIDENCE / SOURCE</span><h2>证据与来源</h2></div>
  1001|          <button className="icon-button" onClick={onClose} aria-label="关闭证据面板"><Icon name="close" /></button>[39m
[2m16:58:42[22m [31m[1m[vite][22m[39m [31mInternal server error: D:\其他\研究生事务\综合考试\综合考试论文or博士论文模板\tactile-presentation-prototype\src\App.tsx: Unexpected token, expected "}" (986:10)

[0m [90m 984 |[31m           [33m<[31m[33mdiv[31m className[33m=[31m[32m"social-domain social-cooperation-domain"[31m[33m>[31m[33m<[31m[33mdiv[31m className[33m=[31m[32m"social-domain-label"[31m[33m>[31m[33m<[31m[33mspan[31m[33m>[31m[33mDOMAIN[31m [33mA[31m [33m/[31m [33mEMBODIED[31m [33mCOOPERATION[31m[33m<[31m[33m/[31m[33mspan[31m[33m>[31m[33m<[31m[33mstrong[31m[33m>[31m协同接触：理解人的意图，共同完成动作[33m<[31m[33m/[31m[33mstrong[31m[33m>[31m[33m<[31m[33m/[31m[33mdiv[31m[33m>[31m[33m<[31m[33mdiv[31m className[33m=[31m[32m"social-domain-flow"[31m[33m>[31m[33m<[31m[33mdiv[31m className[33m=[31m[32m"social-person social-human"[31m[33m>[31m[33m<[31m[33mspan[31m[33m>[31m人[33m<[31m[33m/[31m[33mspan[31m[33m>[31m[33m<[31m[33mstrong[31m[33m>[31m接触 [33m/[31m 意图[33m<[31m[33m/[31m[33mstrong[31m[33m>[31m[33m<[31m[33msmall[31m[33m>[31m姿态 · 语言 · 压力 · 节奏[33m<[31m[33m/[31m[33msmall[31m[33m>[31m[33m<[31m[33m/[31m[33mdiv[31m[33m>[31m[33m<[31m[33mi[31m className[33m=[31m[32m"social-domain-arrow social-link-cyan"[31m[33m>[31m→[33m<[31m[33m/[31m[33mi[31m[33m>[31m[33m<[31m[33mdiv[31m className[33m=[31m[32m"social-node social-understand"[31m[33m>[31m[33m<[31m[33mspan[31m[33m>[31m[35m01[31m[33m<[31m[33m/[31m[33mspan[31m[33m>[31m[33m<[31m[33mstrong[31m[33m>[31m理解[33m<[31m[33m/[31m[33mstrong[31m[33m>[31m[33m<[31m[33msmall[31m[33m>[31m保护 · 协作 · 社会语义[33m<[31m[33m/[31m[33msmall[31m[33m>[31m[33m<[31m[33m/[31m[33mdiv[31m[33m>[31m[33m<[31m[33mi[31m className[33m=[31m[32m"social-domain-arrow social-link-cyan"[31m[33m>[31m→[33m<[31m[33m/[31m[33mi[31m[33m>[31m[33m<[31m[33mdiv[31m className[33m=[31m[32m"social-node social-plan"[31m[33m>[31m[33m<[31m[33mspan[31m[33m>[31m[35m02[31m[33m<[31m[33m/[31m[33mspan[31m[33m>[31m[33m<[31m[33mstrong[31m[33m>[31m协商[33m<[31m[33m/[31m[33mstrong[31m[33m>[31m[33m<[31m[33msmall[31m[33m>[31m任务阶段 · 边界 · 不确定性[33m<[31m[33m/[31m[33msmall[31m[33m>[31m[33m<[31m[33m/[31m[33mdiv[31m[33m>[31m[33m<[31m[33mi[31m className[33m=[31m[32m"social-domain-arrow social-link-cyan"[31m[33m>[31m→[33m<[31m[33m/[31m[33mi[31m[33m>[31m[33m<[31m[33mdiv[31m className[33m=[31m[32m"social-person social-robot"[31m[33m>[31m[33m<[31m[33mspan[31m[33m>[31m具身智能体[33m<[31m[33m/[31m[33mspan[31m[33m>[31m[33m<[31m[33mstrong[31m[33m>[31m动作 [33m/[31m 回应[33m<[31m[33m/[31m[33mstrong[31m[33m>[31m[33m<[31m[33msmall[31m[33m>[31m交接 · 搀扶 · 引导 · 退出[33m<[31m[33m/[31m[33msmall[31m[33m>[31m[33m<[31m[33m/[31m[33mdiv[31m[33m>[31m[33m<[31m[33m/[31m[33mdiv[31m[33m>[31m[33m<[31m[33m/[31m[33mdiv[31m[33m>[31m
 [90m 985 |[31m           {layer [33m===[31m [32m'communication'[31m [33m&&[31m [33m<[31m[33mdiv[31m className[33m=[31m[32m"social-domain social-communication-domain"[31m[33m>[31m[33m<[31m[33mdiv[31m className[33m=[31m[32m"social-domain-label"[31m[33m>[31m[33m<[31m[33mspan[31m[33m>[31m[33mDOMAIN[31m [33mB[31m [33m/[31m [33mHAPTIC[31m [33mCOMMUNICATION[31m [33m&[31mamp[33m;[31m [33mDISPLAY[31m[33m<[31m[33m/[31m[33mspan[31m[33m>[31m[33m<[31m[33mstrong[31m[33m>[31m触觉通信：编码接触事件，在另一端安全再现[33m<[31m[33m/[31m[33mstrong[31m[33m>[31m[33m<[31m[33m/[31m[33mdiv[31m[33m>[31m[33m<[31m[33mdiv[31m className[33m=[31m[32m"social-domain-flow"[31m[33m>[31m[33m<[31m[33mdiv[31m className[33m=[31m[32m"social-node social-source"[31m[33m>[31m[33m<[31m[33mspan[31m[33m>[31m发送端[33m<[31m[33m/[31m[33mspan[31m[33m>[31m[33m<[31m[33mstrong[31m[33m>[31m接触事件 [33m/[31m 动力学语义[33m<[31m[33m/[31m[33mstrong[31m[33m>[31m[33m<[31m[33msmall[31m[33m>[31m位置 · 意图 · 力学状态[33m<[31m[33m/[31m[33msmall[31m[33m>[31m[33m<[31m[33m/[31m[33mdiv[31m[33m>[31m[33m<[31m[33mi[31m className[33m=[31m[32m"social-domain-arrow social-link-violet"[31m[33m>[31m⇄[33m<[31m[33m/[31m[33mi[31m[33m>[31m[33m<[31m[33mdiv[31m className[33m=[31m[32m"social-node social-render"[31m[33m>[31m[33m<[31m[33mspan[31m[33m>[31m通信与映射[33m<[31m[33m/[31m[33mspan[31m[33m>[31m[33m<[31m[33mstrong[31m[33m>[31m触觉输出 [33m/[31m 再现[33m<[31m[33m/[31m[33mstrong[31m[33m>[31m[33m<[31m[33msmall[31m[33m>[31m力 · 振动 · 压力 · 形变 · 温度[33m<[31m[33m/[31m[33msmall[31m[33m>[31m[33m<[31m[33m/[31m[33mdiv[31m[33m>[31m[33m<[31m[33mi[31m className[33m=[31m[32m"social-domain-arrow social-link-violet"[31m[33m>[31m⇄[33m<[31m[33m/[31m[33mi[31m[33m>[31m[33m<[31m[33mdiv[31m className[33m=[31m[32m"social-node social-receiver"[31m[33m>[31m[33m<[31m[33mspan[31m[33m>[31m接收端[33m<[31m[33m/[31m[33mspan[31m[33m>[31m[33m<[31m[33mstrong[31m[33m>[31m远程力觉 [33m/[31m 社交机器人[33m<[31m[33m/[31m[33mstrong[31m[33m>[31m[33m<[31m[33msmall[31m[33m>[31m可辨认 · 受限 · 可稳定[33m<[31m[33m/[31m[33msmall[31m[33m>[31m[33m<[31m[33m/[31m[33mdiv[31m[33m>[31m[33m<[31m[33m/[31m[33mdiv[31m[33m>[31m[33m<[31m[33m/[31m[33mdiv[31m[33m>[31m
[31m[1m>[22m[31m[90m 986 |[31m           )}
 [90m     |[31m           [31m[1m^[22m[31m
 [90m 987 |[31m           {layer [33m===[31m [32m'ethics'[31m [33m&&[31m [33m<[31m[33m>[31m[33m<[31m[33mdiv[31m className[33m=[31m[32m"social-guardrail social-ethics-card"[31m[33m>[31m[33m<[31m[33mspan[31m[33m>[31m不可越过的底线[33m<[31m[33m/[31m[33mspan[31m[33m>[31m[33m<[31m[33mstrong[31m[33m>[31m持续同意 · 实时撤回 · 保守降级[33m<[31m[33m/[31m[33mstrong[31m[33m>[31m[33m<[31m[33msmall[31m[33m>[31m任何社会语义推理，都不能延迟碰撞、夹伤和过载的安全响应。[33m<[31m[33m/[31m[33msmall[31m[33m>[31m[33m<[31m[33m/[31m[33mdiv[31m[33m>[31m[33m<[31m[33mdiv[31m className[33m=[31m[32m"social-eval-strip social-ethics-card"[31m[33m>[31m[33m<[31m[33mdiv[31m[33m>[31m[33m<[31m[33mspan[31m[33m>[31m评价闭环[33m<[31m[33m/[31m[33mspan[31m[33m>[31m[33m<[31m[33mstrong[31m[33m>[31m从“能不能识别”走向“是否安全、舒适、合规、可迁移”[33m<[31m[33m/[31m[33mstrong[31m[33m>[31m[33m<[31m[33m/[31m[33mdiv[31m[33m>[31m[33m<[31m[33mb[31m[33m>[31m物理安全[33m<[31m[33m/[31m[33mb[31m[33m>[31m[33m<[31m[33mb[31m[33m>[31m意图与阶段[33m<[31m[33m/[31m[33mb[31m[33m>[31m[33m<[31m[33mb[31m[33m>[31m舒适 [33m/[31m 信任[33m<[31m[33m/[31m[33mb[31m[33m>[31m[33m<[31m[33mb[31m[33m>[31m跨人群与长期[33m<[31m[33m/[31m[33mb[31m[33m>[31m[33m<[31m[35m/div></[31m[33m>[31m}
 [90m 988 |[31m       [33m<[31m[33m/[31m[33msection[31m[33m>[31m
 [90m 989 |[31m     [33m<[31m[33m/[31m[33mdiv[31m[33m>[31m[0m[39m
  Plugin: [35mvite:react-babel[39m
  File: [36mD:/其他/研究生事务/综合考试/综合考试论文or博士论文模板/tactile-presentation-prototype/src/App.tsx[39m:986:10
[33m  997|    return (
  998|      <aside className={`evidence-drawer ${open ? 'open' : ''}`} aria-hidden={!open} aria-label="证据与来源">
  999|        <div className="drawer-head">
     |         ^
  1000|          <div><span>EVIDENCE / SOURCE</span><h2>证据与来源</h2></div>
  1001|          <button className="icon-button" onClick={onClose} aria-label="关闭证据面板"><Icon name="close" /></button>[39m
      at constructor (D:\其他\研究生事务\综合考试\综合考试论文or博士论文模板\tactile-presentation-prototype\node_modules\@babel\parser\lib\index.js:369:19)
      at TypeScriptParserMixin.raise (D:\其他\研究生事务\综合考试\综合考试论文or博士论文模板\tactile-presentation-prototype\node_modules\@babel\parser\lib\index.js:6622:19)
      at TypeScriptParserMixin.unexpected (D:\其他\研究生事务\综合考试\综合考试论文or博士论文模板\tactile-presentation-prototype\node_modules\@babel\parser\lib\index.js:6642:16)
      at TypeScriptParserMixin.expect (D:\其他\研究生事务\综合考试\综合考试论文or博士论文模板\tactile-presentation-prototype\node_modules\@babel\parser\lib\index.js:6922:12)
      at TypeScriptParserMixin.jsxParseExpressionContainer (D:\其他\研究生事务\综合考试\综合考试论文or博士论文模板\tactile-presentation-prototype\node_modules\@babel\parser\lib\index.js:4655:10)
      at TypeScriptParserMixin.jsxParseElementAt (D:\其他\研究生事务\综合考试\综合考试论文or博士论文模板\tactile-presentation-prototype\node_modules\@babel\parser\lib\index.js:4729:36)
      at TypeScriptParserMixin.jsxParseElementAt (D:\其他\研究生事务\综合考试\综合考试论文or博士论文模板\tactile-presentation-prototype\node_modules\@babel\parser\lib\index.js:4716:32)
      at TypeScriptParserMixin.jsxParseElementAt (D:\其他\研究生事务\综合考试\综合考试论文or博士论文模板\tactile-presentation-prototype\node_modules\@babel\parser\lib\index.js:4716:32)
      at TypeScriptParserMixin.jsxParseElementAt (D:\其他\研究生事务\综合考试\综合考试论文or博士论文模板\tactile-presentation-prototype\node_modules\@babel\parser\lib\index.js:4716:32)
      at TypeScriptParserMixin.jsxParseElement (D:\其他\研究生事务\综合考试\综合考试论文or博士论文模板\tactile-presentation-prototype\node_modules\@babel\parser\lib\index.js:4767:17)
      at TypeScriptParserMixin.parseExprAtom (D:\其他\研究生事务\综合考试\综合考试论文or博士论文模板\tactile-presentation-prototype\node_modules\@babel\parser\lib\index.js:4777:19)
      at TypeScriptParserMixin.parseExprSubscripts (D:\其他\研究生事务\综合考试\综合考试论文or博士论文模板\tactile-presentation-prototype\node_modules\@babel\parser\lib\index.js:11107:23)
      at TypeScriptParserMixin.parseUpdate (D:\其他\研究生事务\综合考试\综合考试论文or博士论文模板\tactile-presentation-prototype\node_modules\@babel\parser\lib\index.js:11092:21)
      at TypeScriptParserMixin.parseMaybeUnary (D:\其他\研究生事务\综合考试\综合考试论文or博士论文模板\tactile-presentation-prototype\node_modules\@babel\parser\lib\index.js:11072:23)
      at TypeScriptParserMixin.parseMaybeUnary (D:\其他\研究生事务\综合考试\综合考试论文or博士论文模板\tactile-presentation-prototype\node_modules\@babel\parser\lib\index.js:9860:18)
      at TypeScriptParserMixin.parseMaybeUnaryOrPrivate (D:\其他\研究生事务\综合考试\综合考试论文or博士论文模板\tactile-presentation-prototype\node_modules\@babel\parser\lib\index.js:10925:61)
      at TypeScriptParserMixin.parseExprOps (D:\其他\研究生事务\综合考试\综合考试论文or博士论文模板\tactile-presentation-prototype\node_modules\@babel\parser\lib\index.js:10930:23)
      at TypeScriptParserMixin.parseMaybeConditional (D:\其他\研究生事务\综合考试\综合考试论文or博士论文模板\tactile-presentation-prototype\node_modules\@babel\parser\lib\index.js:10907:23)
      at TypeScriptParserMixin.parseMaybeAssign (D:\其他\研究生事务\综合考试\综合考试论文or博士论文模板\tactile-presentation-prototype\node_modules\@babel\parser\lib\index.js:10857:21)
      at D:\其他\研究生事务\综合考试\综合考试论文or博士论文模板\tactile-presentation-prototype\node_modules\@babel\parser\lib\index.js:9798:39
      at TypeScriptParserMixin.tryParse (D:\其他\研究生事务\综合考试\综合考试论文or博士论文模板\tactile-presentation-prototype\node_modules\@babel\parser\lib\index.js:6930:20)
      at TypeScriptParserMixin.parseMaybeAssign (D:\其他\研究生事务\综合考试\综合考试论文or博士论文模板\tactile-presentation-prototype\node_modules\@babel\parser\lib\index.js:9798:18)
      at TypeScriptParserMixin.parseExpressionBase (D:\其他\研究生事务\综合考试\综合考试论文or博士论文模板\tactile-presentation-prototype\node_modules\@babel\parser\lib\index.js:10810:23)
      at D:\其他\研究生事务\综合考试\综合考试论文or博士论文模板\tactile-presentation-prototype\node_modules\@babel\parser\lib\index.js:10806:39
      at TypeScriptParserMixin.allowInAnd (D:\其他\研究生事务\综合考试\综合考试论文or博士论文模板\tactile-presentation-prototype\node_modules\@babel\parser\lib\index.js:12455:16)
      at TypeScriptParserMixin.parseExpression (D:\其他\研究生事务\综合考试\综合考试论文or博士论文模板\tactile-presentation-prototype\node_modules\@babel\parser\lib\index.js:10806:17)
      at TypeScriptParserMixin.parseReturnStatement (D:\其他\研究生事务\综合考试\综合考试论文or博士论文模板\tactile-presentation-prototype\node_modules\@babel\parser\lib\index.js:13176:28)
      at TypeScriptParserMixin.parseStatementContent (D:\其他\研究生事务\综合考试\综合考试论文or博士论文模板\tactile-presentation-prototype\node_modules\@babel\parser\lib\index.js:12832:21)
      at TypeScriptParserMixin.parseStatementContent (D:\其他\研究生事务\综合考试\综合考试论文or博士论文模板\tactile-presentation-prototype\node_modules\@babel\parser\lib\index.js:9531:18)
      at TypeScriptParserMixin.parseStatementLike (D:\其他\研究生事务\综合考试\综合考试论文or博士论文模板\tactile-presentation-prototype\node_modules\@babel\parser\lib\index.js:12801:17)
      at TypeScriptParserMixin.parseStatementListItem (D:\其他\研究生事务\综合考试\综合考试论文or博士论文模板\tactile-presentation-prototype\node_modules\@babel\parser\lib\index.js:12781:17)
      at TypeScriptParserMixin.parseBlockOrModuleBlockBody (D:\其他\研究生事务\综合考试\综合考试论文or博士论文模板\tactile-presentation-prototype\node_modules\@babel\parser\lib\index.js:13350:61)
      at TypeScriptParserMixin.parseBlockBody (D:\其他\研究生事务\综合考试\综合考试论文or博士论文模板\tactile-presentation-prototype\node_modules\@babel\parser\lib\index.js:13343:10)
      at TypeScriptParserMixin.parseBlock (D:\其他\研究生事务\综合考试\综合考试论文or博士论文模板\tactile-presentation-prototype\node_modules\@babel\parser\lib\index.js:13331:10)
      at TypeScriptParserMixin.parseFunctionBody (D:\其他\研究生事务\综合考试\综合考试论文or博士论文模板\tactile-presentation-prototype\node_modules\@babel\parser\lib\index.js:12134:24)
      at TypeScriptParserMixin.parseFunctionBodyAndFinish (D:\其他\研究生事务\综合考试\综合考试论文or博士论文模板\tactile-presentation-prototype\node_modules\@babel\parser\lib\index.js:12120:10)
      at TypeScriptParserMixin.parseFunctionBodyAndFinish (D:\其他\研究生事务\综合考试\综合考试论文or博士论文模板\tactile-presentation-prototype\node_modules\@babel\parser\lib\index.js:9195:18)
      at D:\其他\研究生事务\综合考试\综合考试论文or博士论文模板\tactile-presentation-prototype\node_modules\@babel\parser\lib\index.js:13479:12
      at TypeScriptParserMixin.withSmartMixTopicForbiddingContext (D:\其他\研究生事务\综合考试\综合考试论文or博士论文模板\tactile-presentation-prototype\node_modules\@babel\parser\lib\index.js:12437:14)
      at TypeScriptParserMixin.parseFunction (D:\其他\研究生事务\综合考试\综合考试论文or博士论文模板\tactile-presentation-prototype\node_modules\@babel\parser\lib\index.js:13478:10)
      at TypeScriptParserMixin.parseFunctionStatement (D:\其他\研究生事务\综合考试\综合考试论文or博士论文模板\tactile-presentation-prototype\node_modules\@babel\parser\lib\index.js:13159:17)
      at TypeScriptParserMixin.parseStatementContent (D:\其他\研究生事务\综合考试\综合考试论文or博士论文模板\tactile-presentation-prototype\node_modules\@babel\parser\lib\index.js:12825:21)
      at TypeScriptParserMixin.parseStatementContent (D:\其他\研究生事务\综合考试\综合考试论文or博士论文模板\tactile-presentation-prototype\node_modules\@babel\parser\lib\index.js:9531:18)
      at TypeScriptParserMixin.parseStatementLike (D:\其他\研究生事务\综合考试\综合考试论文or博士论文模板\tactile-presentation-prototype\node_modules\@babel\parser\lib\index.js:12801:17)
      at TypeScriptParserMixin.parseModuleItem (D:\其他\研究生事务\综合考试\综合考试论文or博士论文模板\tactile-presentation-prototype\node_modules\@babel\parser\lib\index.js:12778:17)
      at TypeScriptParserMixin.parseBlockOrModuleBlockBody (D:\其他\研究生事务\综合考试\综合考试论文or博士论文模板\tactile-presentation-prototype\node_modules\@babel\parser\lib\index.js:13350:36)
      at TypeScriptParserMixin.parseBlockBody (D:\其他\研究生事务\综合考试\综合考试论文or博士论文模板\tactile-presentation-prototype\node_modules\@babel\parser\lib\index.js:13343:10)
      at TypeScriptParserMixin.parseProgram (D:\其他\研究生事务\综合考试\综合考试论文or博士论文模板\tactile-presentation-prototype\node_modules\@babel\parser\lib\index.js:12656:10)
      at TypeScriptParserMixin.parseTopLevel (D:\其他\研究生事务\综合考试\综合考试论文or博士论文模板\tactile-presentation-prototype\node_modules\@babel\parser\lib\index.js:12646:25)
      at TypeScriptParserMixin.parse (D:\其他\研究生事务\综合考试\综合考试论文or博士论文模板\tactile-presentation-prototype\node_modules\@babel\parser\lib\index.js:14522:25)
[2m16:58:46[22m [31m[1m[vite][22m[39m [31mInternal server error: D:\其他\研究生事务\综合考试\综合考试论文or博士论文模板\tactile-presentation-prototype\src\App.tsx: Unexpected token, expected "}" (986:10)

[0m [90m 984 |[31m           [33m<[31m[33mdiv[31m className[33m=[31m[32m"social-domain social-cooperation-domain"[31m[33m>[31m[33m<[31m[33mdiv[31m className[33m=[31m[32m"social-domain-label"[31m[33m>[31m[33m<[31m[33mspan[31m[33m>[31m[33mDOMAIN[31m [33mA[31m [33m/[31m [33mEMBODIED[31m [33mCOOPERATION[31m[33m<[31m[33m/[31m[33mspan[31m[33m>[31m[33m<[31m[33mstrong[31m[33m>[31m协同接触：理解人的意图，共同完成动作[33m<[31m[33m/[31m[33mstrong[31m[33m>[31m[33m<[31m[33m/[31m[33mdiv[31m[33m>[31m[33m<[31m[33mdiv[31m className[33m=[31m[32m"social-domain-flow"[31m[33m>[31m[33m<[31m[33mdiv[31m className[33m=[31m[32m"social-person social-human"[31m[33m>[31m[33m<[31m[33mspan[31m[33m>[31m人[33m<[31m[33m/[31m[33mspan[31m[33m>[31m[33m<[31m[33mstrong[31m[33m>[31m接触 [33m/[31m 意图[33m<[31m[33m/[31m[33mstrong[31m[33m>[31m[33m<[31m[33msmall[31m[33m>[31m姿态 · 语言 · 压力 · 节奏[33m<[31m[33m/[31m[33msmall[31m[33m>[31m[33m<[31m[33m/[31m[33mdiv[31m[33m>[31m[33m<[31m[33mi[31m className[33m=[31m[32m"social-domain-arrow social-link-cyan"[31m[33m>[31m→[33m<[31m[33m/[31m[33mi[31m[33m>[31m[33m<[31m[33mdiv[31m className[33m=[31m[32m"social-node social-understand"[31m[33m>[31m[33m<[31m[33mspan[31m[33m>[31m[35m01[31m[33m<[31m[33m/[31m[33mspan[31m[33m>[31m[33m<[31m[33mstrong[31m[33m>[31m理解[33m<[31m[33m/[31m[33mstrong[31m[33m>[31m[33m<[31m[33msmall[31m[33m>[31m保护 · 协作 · 社会语义[33m<[31m[33m/[31m[33msmall[31m[33m>[31m[33m<[31m[33m/[31m[33mdiv[31m[33m>[31m[33m<[31m[33mi[31m className[33m=[31m[32m"social-domain-arrow social-link-cyan"[31m[33m>[31m→[33m<[31m[33m/[31m[33mi[31m[33m>[31m[33m<[31m[33mdiv[31m className[33m=[31m[32m"social-node social-plan"[31m[33m>[31m[33m<[31m[33mspan[31m[33m>[31m[35m02[31m[33m<[31m[33m/[31m[33mspan[31m[33m>[31m[33m<[31m[33mstrong[31m[33m>[31m协商[33m<[31m[33m/[31m[33mstrong[31m[33m>[31m[33m<[31m[33msmall[31m[33m>[31m任务阶段 · 边界 · 不确定性[33m<[31m[33m/[31m[33msmall[31m[33m>[31m[33m<[31m[33m/[31m[33mdiv[31m[33m>[31m[33m<[31m[33mi[31m className[33m=[31m[32m"social-domain-arrow social-link-cyan"[31m[33m>[31m→[33m<[31m[33m/[31m[33mi[31m[33m>[31m[33m<[31m[33mdiv[31m className[33m=[31m[32m"social-person social-robot"[31m[33m>[31m[33m<[31m[33mspan[31m[33m>[31m具身智能体[33m<[31m[33m/[31m[33mspan[31m[33m>[31m[33m<[31m[33mstrong[31m[33m>[31m动作 [33m/[31m 回应[33m<[31m[33m/[31m[33mstrong[31m[33m>[31m[33m<[31m[33msmall[31m[33m>[31m交接 · 搀扶 · 引导 · 退出[33m<[31m[33m/[31m[33msmall[31m[33m>[31m[33m<[31m[33m/[31m[33mdiv[31m[33m>[31m[33m<[31m[33m/[31m[33mdiv[31m[33m>[31m[33m<[31m[33m/[31m[33mdiv[31m[33m>[31m
 [90m 985 |[31m           {layer [33m===[31m [32m'communication'[31m [33m&&[31m [33m<[31m[33mdiv[31m className[33m=[31m[32m"social-domain social-communication-domain"[31m[33m>[31m[33m<[31m[33mdiv[31m className[33m=[31m[32m"social-domain-label"[31m[33m>[31m[33m<[31m[33mspan[31m[33m>[31m[33mDOMAIN[31m [33mB[31m [33m/[31m [33mHAPTIC[31m [33mCOMMUNICATION[31m [33m&[31mamp[33m;[31m [33mDISPLAY[31m[33m<[31m[33m/[31m[33mspan[31m[33m>[31m[33m<[31m[33mstrong[31m[33m>[31m触觉通信：编码接触事件，在另一端安全再现[33m<[31m[33m/[31m[33mstrong[31m[33m>[31m[33m<[31m[33m/[31m[33mdiv[31m[33m>[31m[33m<[31m[33mdiv[31m className[33m=[31m[32m"social-domain-flow"[31m[33m>[31m[33m<[31m[33mdiv[31m className[33m=[31m[32m"social-node social-source"[31m[33m>[31m[33m<[31m[33mspan[31m[33m>[31m发送端[33m<[31m[33m/[31m[33mspan[31m[33m>[31m[33m<[31m[33mstrong[31m[33m>[31m接触事件 [33m/[31m 动力学语义[33m<[31m[33m/[31m[33mstrong[31m[33m>[31m[33m<[31m[33msmall[31m[33m>[31m位置 · 意图 · 力学状态[33m<[31m[33m/[31m[33msmall[31m[33m>[31m[33m<[31m[33m/[31m[33mdiv[31m[33m>[31m[33m<[31m[33mi[31m className[33m=[31m[32m"social-domain-arrow social-link-violet"[31m[33m>[31m⇄[33m<[31m[33m/[31m[33mi[31m[33m>[31m[33m<[31m[33mdiv[31m className[33m=[31m[32m"social-node social-render"[31m[33m>[31m[33m<[31m[33mspan[31m[33m>[31m通信与映射[33m<[31m[33m/[31m[33mspan[31m[33m>[31m[33m<[31m[33mstrong[31m[33m>[31m触觉输出 [33m/[31m 再现[33m<[31m[33m/[31m[33mstrong[31m[33m>[31m[33m<[31m[33msmall[31m[33m>[31m力 · 振动 · 压力 · 形变 · 温度[33m<[31m[33m/[31m[33msmall[31m[33m>[31m[33m<[31m[33m/[31m[33mdiv[31m[33m>[31m[33m<[31m[33mi[31m className[33m=[31m[32m"social-domain-arrow social-link-violet"[31m[33m>[31m⇄[33m<[31m[33m/[31m[33mi[31m[33m>[31m[33m<[31m[33mdiv[31m className[33m=[31m[32m"social-node social-receiver"[31m[33m>[31m[33m<[31m[33mspan[31m[33m>[31m接收端[33m<[31m[33m/[31m[33mspan[31m[33m>[31m[33m<[31m[33mstrong[31m[33m>[31m远程力觉 [33m/[31m 社交机器人[33m<[31m[33m/[31m[33mstrong[31m[33m>[31m[33m<[31m[33msmall[31m[33m>[31m可辨认 · 受限 · 可稳定[33m<[31m[33m/[31m[33msmall[31m[33m>[31m[33m<[31m[33m/[31m[33mdiv[31m[33m>[31m[33m<[31m[33m/[31m[33mdiv[31m[33m>[31m[33m<[31m[33m/[31m[33mdiv[31m[33m>[31m
[31m[1m>[22m[31m[90m 986 |[31m           )}
 [90m     |[31m           [31m[1m^[22m[31m
 [90m 987 |[31m           {layer [33m===[31m [32m'ethics'[31m [33m&&[31m [33m<[31m[33m>[31m[33m<[31m[33mdiv[31m className[33m=[31m[32m"social-guardrail social-ethics-card"[31m[33m>[31m[33m<[31m[33mspan[31m[33m>[31m不可越过的底线[33m<[31m[33m/[31m[33mspan[31m[33m>[31m[33m<[31m[33mstrong[31m[33m>[31m持续同意 · 实时撤回 · 保守降级[33m<[31m[33m/[31m[33mstrong[31m[33m>[31m[33m<[31m[33msmall[31m[33m>[31m任何社会语义推理，都不能延迟碰撞、夹伤和过载的安全响应。[33m<[31m[33m/[31m[33msmall[31m[33m>[31m[33m<[31m[33m/[31m[33mdiv[31m[33m>[31m[33m<[31m[33mdiv[31m className[33m=[31m[32m"social-eval-strip social-ethics-card"[31m[33m>[31m[33m<[31m[33mdiv[31m[33m>[31m[33m<[31m[33mspan[31m[33m>[31m评价闭环[33m<[31m[33m/[31m[33mspan[31m[33m>[31m[33m<[31m[33mstrong[31m[33m>[31m从“能不能识别”走向“是否安全、舒适、合规、可迁移”[33m<[31m[33m/[31m[33mstrong[31m[33m>[31m[33m<[31m[33m/[31m[33mdiv[31m[33m>[31m[33m<[31m[33mb[31m[33m>[31m物理安全[33m<[31m[33m/[31m[33mb[31m[33m>[31m[33m<[31m[33mb[31m[33m>[31m意图与阶段[33m<[31m[33m/[31m[33mb[31m[33m>[31m[33m<[31m[33mb[31m[33m>[31m舒适 [33m/[31m 信任[33m<[31m[33m/[31m[33mb[31m[33m>[31m[33m<[31m[33mb[31m[33m>[31m跨人群与长期[33m<[31m[33m/[31m[33mb[31m[33m>[31m[33m<[31m[35m/div></[31m[33m>[31m}
 [90m 988 |[31m       [33m<[31m[33m/[31m[33msection[31m[33m>[31m
 [90m 989 |[31m     [33m<[31m[33m/[31m[33mdiv[31m[33m>[31m[0m[39m
  Plugin: [35mvite:react-babel[39m
  File: [36mD:/其他/研究生事务/综合考试/综合考试论文or博士论文模板/tactile-presentation-prototype/src/App.tsx[39m:986:10
[33m  997|    return (
  998|      <aside className={`evidence-drawer ${open ? 'open' : ''}`} aria-hidden={!open} aria-label="证据与来源">
  999|        <div className="drawer-head">
     |         ^
  1000|          <div><span>EVIDENCE / SOURCE</span><h2>证据与来源</h2></div>
  1001|          <button className="icon-button" onClick={onClose} aria-label="关闭证据面板"><Icon name="close" /></button>[39m
      at constructor (D:\其他\研究生事务\综合考试\综合考试论文or博士论文模板\tactile-presentation-prototype\node_modules\@babel\parser\lib\index.js:369:19)
      at TypeScriptParserMixin.raise (D:\其他\研究生事务\综合考试\综合考试论文or博士论文模板\tactile-presentation-prototype\node_modules\@babel\parser\lib\index.js:6622:19)
      at TypeScriptParserMixin.unexpected (D:\其他\研究生事务\综合考试\综合考试论文or博士论文模板\tactile-presentation-prototype\node_modules\@babel\parser\lib\index.js:6642:16)
      at TypeScriptParserMixin.expect (D:\其他\研究生事务\综合考试\综合考试论文or博士论文模板\tactile-presentation-prototype\node_modules\@babel\parser\lib\index.js:6922:12)
      at TypeScriptParserMixin.jsxParseExpressionContainer (D:\其他\研究生事务\综合考试\综合考试论文or博士论文模板\tactile-presentation-prototype\node_modules\@babel\parser\lib\index.js:4655:10)
      at TypeScriptParserMixin.jsxParseElementAt (D:\其他\研究生事务\综合考试\综合考试论文or博士论文模板\tactile-presentation-prototype\node_modules\@babel\parser\lib\index.js:4729:36)
      at TypeScriptParserMixin.jsxParseElementAt (D:\其他\研究生事务\综合考试\综合考试论文or博士论文模板\tactile-presentation-prototype\node_modules\@babel\parser\lib\index.js:4716:32)
      at TypeScriptParserMixin.jsxParseElementAt (D:\其他\研究生事务\综合考试\综合考试论文or博士论文模板\tactile-presentation-prototype\node_modules\@babel\parser\lib\index.js:4716:32)
      at TypeScriptParserMixin.jsxParseElementAt (D:\其他\研究生事务\综合考试\综合考试论文or博士论文模板\tactile-presentation-prototype\node_modules\@babel\parser\lib\index.js:4716:32)
      at TypeScriptParserMixin.jsxParseElement (D:\其他\研究生事务\综合考试\综合考试论文or博士论文模板\tactile-presentation-prototype\node_modules\@babel\parser\lib\index.js:4767:17)
      at TypeScriptParserMixin.parseExprAtom (D:\其他\研究生事务\综合考试\综合考试论文or博士论文模板\tactile-presentation-prototype\node_modules\@babel\parser\lib\index.js:4777:19)
      at TypeScriptParserMixin.parseExprSubscripts (D:\其他\研究生事务\综合考试\综合考试论文or博士论文模板\tactile-presentation-prototype\node_modules\@babel\parser\lib\index.js:11107:23)
      at TypeScriptParserMixin.parseUpdate (D:\其他\研究生事务\综合考试\综合考试论文or博士论文模板\tactile-presentation-prototype\node_modules\@babel\parser\lib\index.js:11092:21)
      at TypeScriptParserMixin.parseMaybeUnary (D:\其他\研究生事务\综合考试\综合考试论文or博士论文模板\tactile-presentation-prototype\node_modules\@babel\parser\lib\index.js:11072:23)
      at TypeScriptParserMixin.parseMaybeUnary (D:\其他\研究生事务\综合考试\综合考试论文or博士论文模板\tactile-presentation-prototype\node_modules\@babel\parser\lib\index.js:9860:18)
      at TypeScriptParserMixin.parseMaybeUnaryOrPrivate (D:\其他\研究生事务\综合考试\综合考试论文or博士论文模板\tactile-presentation-prototype\node_modules\@babel\parser\lib\index.js:10925:61)
      at TypeScriptParserMixin.parseExprOps (D:\其他\研究生事务\综合考试\综合考试论文or博士论文模板\tactile-presentation-prototype\node_modules\@babel\parser\lib\index.js:10930:23)
      at TypeScriptParserMixin.parseMaybeConditional (D:\其他\研究生事务\综合考试\综合考试论文or博士论文模板\tactile-presentation-prototype\node_modules\@babel\parser\lib\index.js:10907:23)
      at TypeScriptParserMixin.parseMaybeAssign (D:\其他\研究生事务\综合考试\综合考试论文or博士论文模板\tactile-presentation-prototype\node_modules\@babel\parser\lib\index.js:10857:21)
      at D:\其他\研究生事务\综合考试\综合考试论文or博士论文模板\tactile-presentation-prototype\node_modules\@babel\parser\lib\index.js:9798:39
      at TypeScriptParserMixin.tryParse (D:\其他\研究生事务\综合考试\综合考试论文or博士论文模板\tactile-presentation-prototype\node_modules\@babel\parser\lib\index.js:6930:20)
      at TypeScriptParserMixin.parseMaybeAssign (D:\其他\研究生事务\综合考试\综合考试论文or博士论文模板\tactile-presentation-prototype\node_modules\@babel\parser\lib\index.js:9798:18)
      at TypeScriptParserMixin.parseExpressionBase (D:\其他\研究生事务\综合考试\综合考试论文or博士论文模板\tactile-presentation-prototype\node_modules\@babel\parser\lib\index.js:10810:23)
      at D:\其他\研究生事务\综合考试\综合考试论文or博士论文模板\tactile-presentation-prototype\node_modules\@babel\parser\lib\index.js:10806:39
      at TypeScriptParserMixin.allowInAnd (D:\其他\研究生事务\综合考试\综合考试论文or博士论文模板\tactile-presentation-prototype\node_modules\@babel\parser\lib\index.js:12455:16)
      at TypeScriptParserMixin.parseExpression (D:\其他\研究生事务\综合考试\综合考试论文or博士论文模板\tactile-presentation-prototype\node_modules\@babel\parser\lib\index.js:10806:17)
      at TypeScriptParserMixin.parseReturnStatement (D:\其他\研究生事务\综合考试\综合考试论文or博士论文模板\tactile-presentation-prototype\node_modules\@babel\parser\lib\index.js:13176:28)
      at TypeScriptParserMixin.parseStatementContent (D:\其他\研究生事务\综合考试\综合考试论文or博士论文模板\tactile-presentation-prototype\node_modules\@babel\parser\lib\index.js:12832:21)
      at TypeScriptParserMixin.parseStatementContent (D:\其他\研究生事务\综合考试\综合考试论文or博士论文模板\tactile-presentation-prototype\node_modules\@babel\parser\lib\index.js:9531:18)
      at TypeScriptParserMixin.parseStatementLike (D:\其他\研究生事务\综合考试\综合考试论文or博士论文模板\tactile-presentation-prototype\node_modules\@babel\parser\lib\index.js:12801:17)
      at TypeScriptParserMixin.parseStatementListItem (D:\其他\研究生事务\综合考试\综合考试论文or博士论文模板\tactile-presentation-prototype\node_modules\@babel\parser\lib\index.js:12781:17)
      at TypeScriptParserMixin.parseBlockOrModuleBlockBody (D:\其他\研究生事务\综合考试\综合考试论文or博士论文模板\tactile-presentation-prototype\node_modules\@babel\parser\lib\index.js:13350:61)
      at TypeScriptParserMixin.parseBlockBody (D:\其他\研究生事务\综合考试\综合考试论文or博士论文模板\tactile-presentation-prototype\node_modules\@babel\parser\lib\index.js:13343:10)
      at TypeScriptParserMixin.parseBlock (D:\其他\研究生事务\综合考试\综合考试论文or博士论文模板\tactile-presentation-prototype\node_modules\@babel\parser\lib\index.js:13331:10)
      at TypeScriptParserMixin.parseFunctionBody (D:\其他\研究生事务\综合考试\综合考试论文or博士论文模板\tactile-presentation-prototype\node_modules\@babel\parser\lib\index.js:12134:24)
      at TypeScriptParserMixin.parseFunctionBodyAndFinish (D:\其他\研究生事务\综合考试\综合考试论文or博士论文模板\tactile-presentation-prototype\node_modules\@babel\parser\lib\index.js:12120:10)
      at TypeScriptParserMixin.parseFunctionBodyAndFinish (D:\其他\研究生事务\综合考试\综合考试论文or博士论文模板\tactile-presentation-prototype\node_modules\@babel\parser\lib\index.js:9195:18)
      at D:\其他\研究生事务\综合考试\综合考试论文or博士论文模板\tactile-presentation-prototype\node_modules\@babel\parser\lib\index.js:13479:12
      at TypeScriptParserMixin.withSmartMixTopicForbiddingContext (D:\其他\研究生事务\综合考试\综合考试论文or博士论文模板\tactile-presentation-prototype\node_modules\@babel\parser\lib\index.js:12437:14)
      at TypeScriptParserMixin.parseFunction (D:\其他\研究生事务\综合考试\综合考试论文or博士论文模板\tactile-presentation-prototype\node_modules\@babel\parser\lib\index.js:13478:10)
      at TypeScriptParserMixin.parseFunctionStatement (D:\其他\研究生事务\综合考试\综合考试论文or博士论文模板\tactile-presentation-prototype\node_modules\@babel\parser\lib\index.js:13159:17)
      at TypeScriptParserMixin.parseStatementContent (D:\其他\研究生事务\综合考试\综合考试论文or博士论文模板\tactile-presentation-prototype\node_modules\@babel\parser\lib\index.js:12825:21)
      at TypeScriptParserMixin.parseStatementContent (D:\其他\研究生事务\综合考试\综合考试论文or博士论文模板\tactile-presentation-prototype\node_modules\@babel\parser\lib\index.js:9531:18)
      at TypeScriptParserMixin.parseStatementLike (D:\其他\研究生事务\综合考试\综合考试论文or博士论文模板\tactile-presentation-prototype\node_modules\@babel\parser\lib\index.js:12801:17)
      at TypeScriptParserMixin.parseModuleItem (D:\其他\研究生事务\综合考试\综合考试论文or博士论文模板\tactile-presentation-prototype\node_modules\@babel\parser\lib\index.js:12778:17)
      at TypeScriptParserMixin.parseBlockOrModuleBlockBody (D:\其他\研究生事务\综合考试\综合考试论文or博士论文模板\tactile-presentation-prototype\node_modules\@babel\parser\lib\index.js:13350:36)
      at TypeScriptParserMixin.parseBlockBody (D:\其他\研究生事务\综合考试\综合考试论文or博士论文模板\tactile-presentation-prototype\node_modules\@babel\parser\lib\index.js:13343:10)
      at TypeScriptParserMixin.parseProgram (D:\其他\研究生事务\综合考试\综合考试论文or博士论文模板\tactile-presentation-prototype\node_modules\@babel\parser\lib\index.js:12656:10)
      at TypeScriptParserMixin.parseTopLevel (D:\其他\研究生事务\综合考试\综合考试论文or博士论文模板\tactile-presentation-prototype\node_modules\@babel\parser\lib\index.js:12646:25)
      at TypeScriptParserMixin.parse (D:\其他\研究生事务\综合考试\综合考试论文or博士论文模板\tactile-presentation-prototype\node_modules\@babel\parser\lib\index.js:14522:25)
[2m17:00:34[22m [36m[1m[vite][22m[39m [90m[2m(client)[22m[39m [32mhmr update [39m[2m/src/App.tsx[22m
[2m17:00:34[22m [31m[1m[vite][22m[39m [31m[2m(client)[22m[39m Pre-transform error: D:\其他\研究生事务\综合考试\综合考试论文or博士论文模板\tactile-presentation-prototype\src\App.tsx: Unexpected token, expected "}" (985:10)

[0m [90m 983 |[39m         [33m<[39m[33mdiv[39m className[33m=[39m{[32m`social-loop social-view-${layer}`[39m}[33m>[39m
 [90m 984 |[39m           {layer [33m===[39m [32m'cooperation'[39m [33m&&[39m [33m<[39m[33mdiv[39m className[33m=[39m[32m"social-domain social-cooperation-domain"[39m[33m>[39m[33m<[39m[33mdiv[39m className[33m=[39m[32m"social-domain-label"[39m[33m>[39m[33m<[39m[33mspan[39m[33m>[39m[33mDOMAIN[39m [33mA[39m [33m/[39m [33mEMBODIED[39m [33mCOOPERATION[39m[33m<[39m[33m/[39m[33mspan[39m[33m>[39m[33m<[39m[33mstrong[39m[33m>[39m协同接触：理解人的意图，共同完成动作[33m<[39m[33m/[39m[33mstrong[39m[33m>[39m[33m<[39m[33m/[39m[33mdiv[39m[33m>[39m[33m<[39m[33mdiv[39m className[33m=[39m[32m"social-domain-flow"[39m[33m>[39m[33m<[39m[33mdiv[39m className[33m=[39m[32m"social-person social-human"[39m[33m>[39m[33m<[39m[33mspan[39m[33m>[39m人[33m<[39m[33m/[39m[33mspan[39m[33m>[39m[33m<[39m[33mstrong[39m[33m>[39m接触 [33m/[39m 意图[33m<[39m[33m/[39m[33mstrong[39m[33m>[39m[33m<[39m[33msmall[39m[33m>[39m姿态 · 语言 · 压力 · 节奏[33m<[39m[33m/[39m[33msmall[39m[33m>[39m[33m<[39m[33m/[39m[33mdiv[39m[33m>[39m[33m<[39m[33mi[39m className[33m=[39m[32m"social-domain-arrow social-link-cyan"[39m[33m>[39m→[33m<[39m[33m/[39m[33mi[39m[33m>[39m[33m<[39m[33mdiv[39m className[33m=[39m[32m"social-node social-understand"[39m[33m>[39m[33m<[39m[33mspan[39m[33m>[39m[35m01[39m[33m<[39m[33m/[39m[33mspan[39m[33m>[39m[33m<[39m[33mstrong[39m[33m>[39m理解[33m<[39m[33m/[39m[33mstrong[39m[33m>[39m[33m<[39m[33msmall[39m[33m>[39m保护 · 协作 · 社会语义[33m<[39m[33m/[39m[33msmall[39m[33m>[39m[33m<[39m[33m/[39m[33mdiv[39m[33m>[39m[33m<[39m[33mi[39m className[33m=[39m[32m"social-domain-arrow social-link-cyan"[39m[33m>[39m→[33m<[39m[33m/[39m[33mi[39m[33m>[39m[33m<[39m[33mdiv[39m className[33m=[39m[32m"social-node social-plan"[39m[33m>[39m[33m<[39m[33mspan[39m[33m>[39m[35m02[39m[33m<[39m[33m/[39m[33mspan[39m[33m>[39m[33m<[39m[33mstrong[39m[33m>[39m协商[33m<[39m[33m/[39m[33mstrong[39m[33m>[39m[33m<[39m[33msmall[39m[33m>[39m任务阶段 · 边界 · 不确定性[33m<[39m[33m/[39m[33msmall[39m[33m>[39m[33m<[39m[33m/[39m[33mdiv[39m[33m>[39m[33m<[39m[33mi[39m className[33m=[39m[32m"social-domain-arrow social-link-cyan"[39m[33m>[39m→[33m<[39m[33m/[39m[33mi[39m[33m>[39m[33m<[39m[33mdiv[39m className[33m=[39m[32m"social-person social-robot"[39m[33m>[39m[33m<[39m[33mspan[39m[33m>[39m具身智能体[33m<[39m[33m/[39m[33mspan[39m[33m>[39m[33m<[39m[33mstrong[39m[33m>[39m动作 [33m/[39m 回应[33m<[39m[33m/[39m[33mstrong[39m[33m>[39m[33m<[39m[33msmall[39m[33m>[39m交接 · 搀扶 · 引导 · 退出[33m<[39m[33m/[39m[33msmall[39m[33m>[39m[33m<[39m[33m/[39m[33mdiv[39m[33m>[39m[33m<[39m[33m/[39m[33mdiv[39m[33m>[39m[33m<[39m[33m/[39m[33mdiv[39m[33m>[39m
[31m[1m>[22m[39m[90m 985 |[39m           {layer [33m===[39m [32m'communication'[39m [33m&&[39m [33m<[39m[33mdiv[39m className[33m=[39m[32m"social-domain social-communication-domain"[39m[33m>[39m[33m<[39m[33mdiv[39m className[33m=[39m[32m"social-domain-label"[39m[33m>[39m[33m<[39m[33mspan[39m[33m>[39m[33mDOMAIN[39m [33mB[39m [33m/[39m [33mHAPTIC[39m [33mCOMMUNICATION[39m [33m&[39mamp[33m;[39m [33mDISPLAY[39m[33m<[39m[33m/[39m[33mspan[39m[33m>[39m[33m<[39m[33mstrong[39m[33m>[39m触觉通信：编码接触事件，在另一端安全再现[33m<[39m[33m/[39m[33mstrong[39m[33m>[39m[33m<[39m[33m/[39m[33mdiv[39m[33m>[39m[33m<[39m[33mdiv[39m className[33m=[39m[32m"social-domain-flow"[39m[33m>[39m[33m<[39m[33mdiv[39m className[33m=[39m[32m"social-node social-source"[39m[33m>[39m[33m<[39m[33mspan[39m[33m>[39m发送端[33m<[39m[33m/[39m[33mspan[39m[33m>[39m[33m<[39m[33mstrong[39m[33m>[39m接触事件 [33m/[39m 动力学语义[33m<[39m[33m/[39m[33mstrong[39m[33m>[39m[33m<[39m[33msmall[39m[33m>[39m位置 · 意图 · 力学状态[33m<[39m[33m/[39m[33msmall[39m[33m>[39m[33m<[39m[33m/[39m[33mdiv[39m[33m>[39m[33m<[39m[33mi[39m className[33m=[39m[32m"social-domain-arrow social-link-violet"[39m[33m>[39m⇄[33m<[39m[33m/[39m[33mi[39m[33m>[39m[33m<[39m[33mdiv[39m className[33m=[39m[32m"social-node social-render"[39m[33m>[39m[33m<[39m[33mspan[39m[33m>[39m通信与映射[33m<[39m[33m/[39m[33mspan[39m[33m>[39m[33m<[39m[33mstrong[39m[33m>[39m触觉输出 [33m/[39m 再现[33m<[39m[33m/[39m[33mstrong[39m[33m>[39m[33m<[39m[33msmall[39m[33m>[39m力 · 振动 · 压力 · 形变 · 温度[33m<[39m[33m/[39m[33msmall[39m[33m>[39m[33m<[39m[33m/[39m[33mdiv[39m[33m>[39m[33m<[39m[33mi[39m className[33m=[39m[32m"social-domain-arrow social-link-violet"[39m[33m>[39m⇄[33m<[39m[33m/[39m[33mi[39m[33m>[39m[33m<[39m[33mdiv[39m className[33m=[39m[32m"social-node social-receiver"[39m[33m>[39m[33m<[39m[33mspan[39m[33m>[39m接收端[33m<[39m[33m/[39m[33mspan[39m[33m>[39m[33m<[39m[33mstrong[39m[33m>[39m远程力觉 [33m/[39m 社交机器人[33m<[39m[33m/[39m[33mstrong[39m[33m>[39m[33m<[39m[33msmall[39m[33m>[39m可辨认 · 受限 · 可稳定[33m<[39m[33m/[39m[33msmall[39m[33m>[39m[33m<[39m[33m/[39m[33mdiv[39m[33m>[39m[33m<[39m[33m/[39m[33mdiv[39m[33m>[39m[33m<[39m[33m/[39m[33mdiv[39m[33m>[39m
 [90m     |[39m           [31m[1m^[22m[39m
 [90m 986 |[39m           {layer [33m===[39m [32m'ethics'[39m [33m&&[39m [33m<[39m[33m>[39m[33m<[39m[33mdiv[39m className[33m=[39m[32m"social-guardrail social-ethics-card"[39m[33m>[39m[33m<[39m[33mspan[39m[33m>[39m不可越过的底线[33m<[39m[33m/[39m[33mspan[39m[33m>[39m[33m<[39m[33mstrong[39m[33m>[39m持续同意 · 实时撤回 · 保守降级[33m<[39m[33m/[39m[33mstrong[39m[33m>[39m[33m<[39m[33msmall[39m[33m>[39m任何社会语义推理，都不能延迟碰撞、夹伤和过载的安全响应。[33m<[39m[33m/[39m[33msmall[39m[33m>[39m[33m<[39m[33m/[39m[33mdiv[39m[33m>[39m[33m<[39m[33mdiv[39m className[33m=[39m[32m"social-eval-strip social-ethics-card"[39m[33m>[39m[33m<[39m[33mdiv[39m[33m>[39m[33m<[39m[33mspan[39m[33m>[39m评价闭环[33m<[39m[33m/[39m[33mspan[39m[33m>[39m[33m<[39m[33mstrong[39m[33m>[39m从“能不能识别”走向“是否安全、舒适、合规、可迁移”[33m<[39m[33m/[39m[33mstrong[39m[33m>[39m[33m<[39m[33m/[39m[33mdiv[39m[33m>[39m[33m<[39m[33mb[39m[33m>[39m物理安全[33m<[39m[33m/[39m[33mb[39m[33m>[39m[33m<[39m[33mb[39m[33m>[39m意图与阶段[33m<[39m[33m/[39m[33mb[39m[33m>[39m[33m<[39m[33mb[39m[33m>[39m舒适 [33m/[39m 信任[33m<[39m[33m/[39m[33mb[39m[33m>[39m[33m<[39m[33mb[39m[33m>[39m跨人群与长期[33m<[39m[33m/[39m[33mb[39m[33m>[39m[33m<[39m[35m/div></[39m[33m>[39m}
 [90m 987 |[39m       [33m<[39m[33m/[39m[33msection[39m[33m>[39m
 [90m 988 |[39m     [33m<[39m[33m/[39m[33mdiv[39m[33m>[39m[0m
  Plugin: [35mvite:react-babel[39m
  File: [36mD:/其他/研究生事务/综合考试/综合考试论文or博士论文模板/tactile-presentation-prototype/src/App.tsx[39m:985:10
[33m  984|            {layer === 'cooperation' && <div className="social-domain social-cooperation-domain"><div className="social-domain-label"><span>DOMAIN A / EMBODIED COOPERATION</span><strong>协同接触：理解人的意图，共同完成动作</strong></div><div className="social-domain-flow"><div className="social-person social-human"><span>人</span><strong>接触 / 意图</strong><small>姿态 · 语言 · 压力 · 节奏</small></div><i className="social-domain-arrow social-link-cyan">→</i><div className="social-node social-understand"><span>01</span><strong>理解</strong><small>保护 · 协作 · 社会语义</small></div><i className="social-domain-arrow social-link-cyan">→</i><div className="social-node social-plan"><span>02</span><strong>协商</strong><small>任务阶段 · 边界 · 不确定性</small></div><i className="social-domain-arrow social-link-cyan">→</i><div className="social-person social-robot"><span>具身智能体</span><strong>动作 / 回应</strong><small>交接 · 搀扶 · 引导 · 退出</small></div></div></div>
  985|            {layer === 'communication' && <div className="social-domain social-communication-domain"><div className="social-domain-label"><span>DOMAIN B / HAPTIC COMMUNICATION &amp; DISPLAY</span><strong>触觉通信：编码接触事件，在另一端安全再现</strong></div><div className="social-domain-flow"><div className="social-node social-source"><span>发送端</span><strong>接触事件 / 动力学语义</strong><small>位置 · 意图 · 力学状态</small></div><i className="social-domain-arrow social-link-violet">⇄</i><div className="social-node social-render"><span>通信与映射</span><strong>触觉输出 / 再现</strong><small>力 · 振动 · 压力 · 形变 · 温度</small></div><i className="social-domain-arrow social-link-violet">⇄</i><div className="social-node social-receiver"><span>接收端</span><strong>远程力觉 / 社交机器人</strong><small>可辨认 · 受限 · 可稳定</small></div></div></div>
  986|            {layer === 'ethics' && <><div className="social-guardrail social-ethics-card"><span>不可越过的底线</span><strong>持续同意 · 实时撤回 · 保守降级</strong><small>任何社会语义推理，都不能延迟碰撞、夹伤和过载的安全响应。</small></div><div className="social-eval-strip social-ethics-card"><div><span>评价闭环</span><strong>从“能不能识别”走向“是否安全、舒适、合规、可迁移”</strong></div><b>物理安全</b><b>意图与阶段</b><b>舒适 / 信任</b><b>跨人群与长期</b></div></>}
     |                                                                                                                                                                                                                       ^
  987|        </section>
  988|      </div>[39m
[2m17:00:34[22m [31m[1m[vite][22m[39m [31mInternal server error: D:\其他\研究生事务\综合考试\综合考试论文or博士论文模板\tactile-presentation-prototype\src\App.tsx: Unexpected token, expected "}" (985:10)

[0m [90m 983 |[31m         [33m<[31m[33mdiv[31m className[33m=[31m{[32m`social-loop social-view-${layer}`[31m}[33m>[31m
 [90m 984 |[31m           {layer [33m===[31m [32m'cooperation'[31m [33m&&[31m [33m<[31m[33mdiv[31m className[33m=[31m[32m"social-domain social-cooperation-domain"[31m[33m>[31m[33m<[31m[33mdiv[31m className[33m=[31m[32m"social-domain-label"[31m[33m>[31m[33m<[31m[33mspan[31m[33m>[31m[33mDOMAIN[31m [33mA[31m [33m/[31m [33mEMBODIED[31m [33mCOOPERATION[31m[33m<[31m[33m/[31m[33mspan[31m[33m>[31m[33m<[31m[33mstrong[31m[33m>[31m协同接触：理解人的意图，共同完成动作[33m<[31m[33m/[31m[33mstrong[31m[33m>[31m[33m<[31m[33m/[31m[33mdiv[31m[33m>[31m[33m<[31m[33mdiv[31m className[33m=[31m[32m"social-domain-flow"[31m[33m>[31m[33m<[31m[33mdiv[31m className[33m=[31m[32m"social-person social-human"[31m[33m>[31m[33m<[31m[33mspan[31m[33m>[31m人[33m<[31m[33m/[31m[33mspan[31m[33m>[31m[33m<[31m[33mstrong[31m[33m>[31m接触 [33m/[31m 意图[33m<[31m[33m/[31m[33mstrong[31m[33m>[31m[33m<[31m[33msmall[31m[33m>[31m姿态 · 语言 · 压力 · 节奏[33m<[31m[33m/[31m[33msmall[31m[33m>[31m[33m<[31m[33m/[31m[33mdiv[31m[33m>[31m[33m<[31m[33mi[31m className[33m=[31m[32m"social-domain-arrow social-link-cyan"[31m[33m>[31m→[33m<[31m[33m/[31m[33mi[31m[33m>[31m[33m<[31m[33mdiv[31m className[33m=[31m[32m"social-node social-understand"[31m[33m>[31m[33m<[31m[33mspan[31m[33m>[31m[35m01[31m[33m<[31m[33m/[31m[33mspan[31m[33m>[31m[33m<[31m[33mstrong[31m[33m>[31m理解[33m<[31m[33m/[31m[33mstrong[31m[33m>[31m[33m<[31m[33msmall[31m[33m>[31m保护 · 协作 · 社会语义[33m<[31m[33m/[31m[33msmall[31m[33m>[31m[33m<[31m[33m/[31m[33mdiv[31m[33m>[31m[33m<[31m[33mi[31m className[33m=[31m[32m"social-domain-arrow social-link-cyan"[31m[33m>[31m→[33m<[31m[33m/[31m[33mi[31m[33m>[31m[33m<[31m[33mdiv[31m className[33m=[31m[32m"social-node social-plan"[31m[33m>[31m[33m<[31m[33mspan[31m[33m>[31m[35m02[31m[33m<[31m[33m/[31m[33mspan[31m[33m>[31m[33m<[31m[33mstrong[31m[33m>[31m协商[33m<[31m[33m/[31m[33mstrong[31m[33m>[31m[33m<[31m[33msmall[31m[33m>[31m任务阶段 · 边界 · 不确定性[33m<[31m[33m/[31m[33msmall[31m[33m>[31m[33m<[31m[33m/[31m[33mdiv[31m[33m>[31m[33m<[31m[33mi[31m className[33m=[31m[32m"social-domain-arrow social-link-cyan"[31m[33m>[31m→[33m<[31m[33m/[31m[33mi[31m[33m>[31m[33m<[31m[33mdiv[31m className[33m=[31m[32m"social-person social-robot"[31m[33m>[31m[33m<[31m[33mspan[31m[33m>[31m具身智能体[33m<[31m[33m/[31m[33mspan[31m[33m>[31m[33m<[31m[33mstrong[31m[33m>[31m动作 [33m/[31m 回应[33m<[31m[33m/[31m[33mstrong[31m[33m>[31m[33m<[31m[33msmall[31m[33m>[31m交接 · 搀扶 · 引导 · 退出[33m<[31m[33m/[31m[33msmall[31m[33m>[31m[33m<[31m[33m/[31m[33mdiv[31m[33m>[31m[33m<[31m[33m/[31m[33mdiv[31m[33m>[31m[33m<[31m[33m/[31m[33mdiv[31m[33m>[31m
[31m[1m>[22m[31m[90m 985 |[31m           {layer [33m===[31m [32m'communication'[31m [33m&&[31m [33m<[31m[33mdiv[31m className[33m=[31m[32m"social-domain social-communication-domain"[31m[33m>[31m[33m<[31m[33mdiv[31m className[33m=[31m[32m"social-domain-label"[31m[33m>[31m[33m<[31m[33mspan[31m[33m>[31m[33mDOMAIN[31m [33mB[31m [33m/[31m [33mHAPTIC[31m [33mCOMMUNICATION[31m [33m&[31mamp[33m;[31m [33mDISPLAY[31m[33m<[31m[33m/[31m[33mspan[31m[33m>[31m[33m<[31m[33mstrong[31m[33m>[31m触觉通信：编码接触事件，在另一端安全再现[33m<[31m[33m/[31m[33mstrong[31m[33m>[31m[33m<[31m[33m/[31m[33mdiv[31m[33m>[31m[33m<[31m[33mdiv[31m className[33m=[31m[32m"social-domain-flow"[31m[33m>[31m[33m<[31m[33mdiv[31m className[33m=[31m[32m"social-node social-source"[31m[33m>[31m[33m<[31m[33mspan[31m[33m>[31m发送端[33m<[31m[33m/[31m[33mspan[31m[33m>[31m[33m<[31m[33mstrong[31m[33m>[31m接触事件 [33m/[31m 动力学语义[33m<[31m[33m/[31m[33mstrong[31m[33m>[31m[33m<[31m[33msmall[31m[33m>[31m位置 · 意图 · 力学状态[33m<[31m[33m/[31m[33msmall[31m[33m>[31m[33m<[31m[33m/[31m[33mdiv[31m[33m>[31m[33m<[31m[33mi[31m className[33m=[31m[32m"social-domain-arrow social-link-violet"[31m[33m>[31m⇄[33m<[31m[33m/[31m[33mi[31m[33m>[31m[33m<[31m[33mdiv[31m className[33m=[31m[32m"social-node social-render"[31m[33m>[31m[33m<[31m[33mspan[31m[33m>[31m通信与映射[33m<[31m[33m/[31m[33mspan[31m[33m>[31m[33m<[31m[33mstrong[31m[33m>[31m触觉输出 [33m/[31m 再现[33m<[31m[33m/[31m[33mstrong[31m[33m>[31m[33m<[31m[33msmall[31m[33m>[31m力 · 振动 · 压力 · 形变 · 温度[33m<[31m[33m/[31m[33msmall[31m[33m>[31m[33m<[31m[33m/[31m[33mdiv[31m[33m>[31m[33m<[31m[33mi[31m className[33m=[31m[32m"social-domain-arrow social-link-violet"[31m[33m>[31m⇄[33m<[31m[33m/[31m[33mi[31m[33m>[31m[33m<[31m[33mdiv[31m className[33m=[31m[32m"social-node social-receiver"[31m[33m>[31m[33m<[31m[33mspan[31m[33m>[31m接收端[33m<[31m[33m/[31m[33mspan[31m[33m>[31m[33m<[31m[33mstrong[31m[33m>[31m远程力觉 [33m/[31m 社交机器人[33m<[31m[33m/[31m[33mstrong[31m[33m>[31m[33m<[31m[33msmall[31m[33m>[31m可辨认 · 受限 · 可稳定[33m<[31m[33m/[31m[33msmall[31m[33m>[31m[33m<[31m[33m/[31m[33mdiv[31m[33m>[31m[33m<[31m[33m/[31m[33mdiv[31m[33m>[31m[33m<[31m[33m/[31m[33mdiv[31m[33m>[31m
 [90m     |[31m           [31m[1m^[22m[31m
 [90m 986 |[31m           {layer [33m===[31m [32m'ethics'[31m [33m&&[31m [33m<[31m[33m>[31m[33m<[31m[33mdiv[31m className[33m=[31m[32m"social-guardrail social-ethics-card"[31m[33m>[31m[33m<[31m[33mspan[31m[33m>[31m不可越过的底线[33m<[31m[33m/[31m[33mspan[31m[33m>[31m[33m<[31m[33mstrong[31m[33m>[31m持续同意 · 实时撤回 · 保守降级[33m<[31m[33m/[31m[33mstrong[31m[33m>[31m[33m<[31m[33msmall[31m[33m>[31m任何社会语义推理，都不能延迟碰撞、夹伤和过载的安全响应。[33m<[31m[33m/[31m[33msmall[31m[33m>[31m[33m<[31m[33m/[31m[33mdiv[31m[33m>[31m[33m<[31m[33mdiv[31m className[33m=[31m[32m"social-eval-strip social-ethics-card"[31m[33m>[31m[33m<[31m[33mdiv[31m[33m>[31m[33m<[31m[33mspan[31m[33m>[31m评价闭环[33m<[31m[33m/[31m[33mspan[31m[33m>[31m[33m<[31m[33mstrong[31m[33m>[31m从“能不能识别”走向“是否安全、舒适、合规、可迁移”[33m<[31m[33m/[31m[33mstrong[31m[33m>[31m[33m<[31m[33m/[31m[33mdiv[31m[33m>[31m[33m<[31m[33mb[31m[33m>[31m物理安全[33m<[31m[33m/[31m[33mb[31m[33m>[31m[33m<[31m[33mb[31m[33m>[31m意图与阶段[33m<[31m[33m/[31m[33mb[31m[33m>[31m[33m<[31m[33mb[31m[33m>[31m舒适 [33m/[31m 信任[33m<[31m[33m/[31m[33mb[31m[33m>[31m[33m<[31m[33mb[31m[33m>[31m跨人群与长期[33m<[31m[33m/[31m[33mb[31m[33m>[31m[33m<[31m[35m/div></[31m[33m>[31m}
 [90m 987 |[31m       [33m<[31m[33m/[31m[33msection[31m[33m>[31m
 [90m 988 |[31m     [33m<[31m[33m/[31m[33mdiv[31m[33m>[31m[0m[39m
  Plugin: [35mvite:react-babel[39m
  File: [36mD:/其他/研究生事务/综合考试/综合考试论文or博士论文模板/tactile-presentation-prototype/src/App.tsx[39m:985:10
[33m  984|            {layer === 'cooperation' && <div className="social-domain social-cooperation-domain"><div className="social-domain-label"><span>DOMAIN A / EMBODIED COOPERATION</span><strong>协同接触：理解人的意图，共同完成动作</strong></div><div className="social-domain-flow"><div className="social-person social-human"><span>人</span><strong>接触 / 意图</strong><small>姿态 · 语言 · 压力 · 节奏</small></div><i className="social-domain-arrow social-link-cyan">→</i><div className="social-node social-understand"><span>01</span><strong>理解</strong><small>保护 · 协作 · 社会语义</small></div><i className="social-domain-arrow social-link-cyan">→</i><div className="social-node social-plan"><span>02</span><strong>协商</strong><small>任务阶段 · 边界 · 不确定性</small></div><i className="social-domain-arrow social-link-cyan">→</i><div className="social-person social-robot"><span>具身智能体</span><strong>动作 / 回应</strong><small>交接 · 搀扶 · 引导 · 退出</small></div></div></div>
  985|            {layer === 'communication' && <div className="social-domain social-communication-domain"><div className="social-domain-label"><span>DOMAIN B / HAPTIC COMMUNICATION &amp; DISPLAY</span><strong>触觉通信：编码接触事件，在另一端安全再现</strong></div><div className="social-domain-flow"><div className="social-node social-source"><span>发送端</span><strong>接触事件 / 动力学语义</strong><small>位置 · 意图 · 力学状态</small></div><i className="social-domain-arrow social-link-violet">⇄</i><div className="social-node social-render"><span>通信与映射</span><strong>触觉输出 / 再现</strong><small>力 · 振动 · 压力 · 形变 · 温度</small></div><i className="social-domain-arrow social-link-violet">⇄</i><div className="social-node social-receiver"><span>接收端</span><strong>远程力觉 / 社交机器人</strong><small>可辨认 · 受限 · 可稳定</small></div></div></div>
  986|            {layer === 'ethics' && <><div className="social-guardrail social-ethics-card"><span>不可越过的底线</span><strong>持续同意 · 实时撤回 · 保守降级</strong><small>任何社会语义推理，都不能延迟碰撞、夹伤和过载的安全响应。</small></div><div className="social-eval-strip social-ethics-card"><div><span>评价闭环</span><strong>从“能不能识别”走向“是否安全、舒适、合规、可迁移”</strong></div><b>物理安全</b><b>意图与阶段</b><b>舒适 / 信任</b><b>跨人群与长期</b></div></>}
     |                                                                                                                                                                                                                       ^
  987|        </section>
  988|      </div>[39m
      at constructor (D:\其他\研究生事务\综合考试\综合考试论文or博士论文模板\tactile-presentation-prototype\node_modules\@babel\parser\lib\index.js:369:19)
      at TypeScriptParserMixin.raise (D:\其他\研究生事务\综合考试\综合考试论文or博士论文模板\tactile-presentation-prototype\node_modules\@babel\parser\lib\index.js:6622:19)
      at TypeScriptParserMixin.unexpected (D:\其他\研究生事务\综合考试\综合考试论文or博士论文模板\tactile-presentation-prototype\node_modules\@babel\parser\lib\index.js:6642:16)
      at TypeScriptParserMixin.expect (D:\其他\研究生事务\综合考试\综合考试论文or博士论文模板\tactile-presentation-prototype\node_modules\@babel\parser\lib\index.js:6922:12)
      at TypeScriptParserMixin.jsxParseExpressionContainer (D:\其他\研究生事务\综合考试\综合考试论文or博士论文模板\tactile-presentation-prototype\node_modules\@babel\parser\lib\index.js:4655:10)
      at TypeScriptParserMixin.jsxParseElementAt (D:\其他\研究生事务\综合考试\综合考试论文or博士论文模板\tactile-presentation-prototype\node_modules\@babel\parser\lib\index.js:4729:36)
      at TypeScriptParserMixin.jsxParseElementAt (D:\其他\研究生事务\综合考试\综合考试论文or博士论文模板\tactile-presentation-prototype\node_modules\@babel\parser\lib\index.js:4716:32)
      at TypeScriptParserMixin.jsxParseElementAt (D:\其他\研究生事务\综合考试\综合考试论文or博士论文模板\tactile-presentation-prototype\node_modules\@babel\parser\lib\index.js:4716:32)
      at TypeScriptParserMixin.jsxParseElementAt (D:\其他\研究生事务\综合考试\综合考试论文or博士论文模板\tactile-presentation-prototype\node_modules\@babel\parser\lib\index.js:4716:32)
      at TypeScriptParserMixin.jsxParseElement (D:\其他\研究生事务\综合考试\综合考试论文or博士论文模板\tactile-presentation-prototype\node_modules\@babel\parser\lib\index.js:4767:17)
      at TypeScriptParserMixin.parseExprAtom (D:\其他\研究生事务\综合考试\综合考试论文or博士论文模板\tactile-presentation-prototype\node_modules\@babel\parser\lib\index.js:4777:19)
      at TypeScriptParserMixin.parseExprSubscripts (D:\其他\研究生事务\综合考试\综合考试论文or博士论文模板\tactile-presentation-prototype\node_modules\@babel\parser\lib\index.js:11107:23)
      at TypeScriptParserMixin.parseUpdate (D:\其他\研究生事务\综合考试\综合考试论文or博士论文模板\tactile-presentation-prototype\node_modules\@babel\parser\lib\index.js:11092:21)
      at TypeScriptParserMixin.parseMaybeUnary (D:\其他\研究生事务\综合考试\综合考试论文or博士论文模板\tactile-presentation-prototype\node_modules\@babel\parser\lib\index.js:11072:23)
      at TypeScriptParserMixin.parseMaybeUnary (D:\其他\研究生事务\综合考试\综合考试论文or博士论文模板\tactile-presentation-prototype\node_modules\@babel\parser\lib\index.js:9860:18)
      at TypeScriptParserMixin.parseMaybeUnaryOrPrivate (D:\其他\研究生事务\综合考试\综合考试论文or博士论文模板\tactile-presentation-prototype\node_modules\@babel\parser\lib\index.js:10925:61)
      at TypeScriptParserMixin.parseExprOps (D:\其他\研究生事务\综合考试\综合考试论文or博士论文模板\tactile-presentation-prototype\node_modules\@babel\parser\lib\index.js:10930:23)
      at TypeScriptParserMixin.parseMaybeConditional (D:\其他\研究生事务\综合考试\综合考试论文or博士论文模板\tactile-presentation-prototype\node_modules\@babel\parser\lib\index.js:10907:23)
      at TypeScriptParserMixin.parseMaybeAssign (D:\其他\研究生事务\综合考试\综合考试论文or博士论文模板\tactile-presentation-prototype\node_modules\@babel\parser\lib\index.js:10857:21)
      at D:\其他\研究生事务\综合考试\综合考试论文or博士论文模板\tactile-presentation-prototype\node_modules\@babel\parser\lib\index.js:9798:39
      at TypeScriptParserMixin.tryParse (D:\其他\研究生事务\综合考试\综合考试论文or博士论文模板\tactile-presentation-prototype\node_modules\@babel\parser\lib\index.js:6930:20)
      at TypeScriptParserMixin.parseMaybeAssign (D:\其他\研究生事务\综合考试\综合考试论文or博士论文模板\tactile-presentation-prototype\node_modules\@babel\parser\lib\index.js:9798:18)
      at TypeScriptParserMixin.parseExpressionBase (D:\其他\研究生事务\综合考试\综合考试论文or博士论文模板\tactile-presentation-prototype\node_modules\@babel\parser\lib\index.js:10810:23)
      at D:\其他\研究生事务\综合考试\综合考试论文or博士论文模板\tactile-presentation-prototype\node_modules\@babel\parser\lib\index.js:10806:39
      at TypeScriptParserMixin.allowInAnd (D:\其他\研究生事务\综合考试\综合考试论文or博士论文模板\tactile-presentation-prototype\node_modules\@babel\parser\lib\index.js:12455:16)
      at TypeScriptParserMixin.parseExpression (D:\其他\研究生事务\综合考试\综合考试论文or博士论文模板\tactile-presentation-prototype\node_modules\@babel\parser\lib\index.js:10806:17)
      at TypeScriptParserMixin.parseReturnStatement (D:\其他\研究生事务\综合考试\综合考试论文or博士论文模板\tactile-presentation-prototype\node_modules\@babel\parser\lib\index.js:13176:28)
      at TypeScriptParserMixin.parseStatementContent (D:\其他\研究生事务\综合考试\综合考试论文or博士论文模板\tactile-presentation-prototype\node_modules\@babel\parser\lib\index.js:12832:21)
      at TypeScriptParserMixin.parseStatementContent (D:\其他\研究生事务\综合考试\综合考试论文or博士论文模板\tactile-presentation-prototype\node_modules\@babel\parser\lib\index.js:9531:18)
      at TypeScriptParserMixin.parseStatementLike (D:\其他\研究生事务\综合考试\综合考试论文or博士论文模板\tactile-presentation-prototype\node_modules\@babel\parser\lib\index.js:12801:17)
      at TypeScriptParserMixin.parseStatementListItem (D:\其他\研究生事务\综合考试\综合考试论文or博士论文模板\tactile-presentation-prototype\node_modules\@babel\parser\lib\index.js:12781:17)
      at TypeScriptParserMixin.parseBlockOrModuleBlockBody (D:\其他\研究生事务\综合考试\综合考试论文or博士论文模板\tactile-presentation-prototype\node_modules\@babel\parser\lib\index.js:13350:61)
      at TypeScriptParserMixin.parseBlockBody (D:\其他\研究生事务\综合考试\综合考试论文or博士论文模板\tactile-presentation-prototype\node_modules\@babel\parser\lib\index.js:13343:10)
      at TypeScriptParserMixin.parseBlock (D:\其他\研究生事务\综合考试\综合考试论文or博士论文模板\tactile-presentation-prototype\node_modules\@babel\parser\lib\index.js:13331:10)
      at TypeScriptParserMixin.parseFunctionBody (D:\其他\研究生事务\综合考试\综合考试论文or博士论文模板\tactile-presentation-prototype\node_modules\@babel\parser\lib\index.js:12134:24)
      at TypeScriptParserMixin.parseFunctionBodyAndFinish (D:\其他\研究生事务\综合考试\综合考试论文or博士论文模板\tactile-presentation-prototype\node_modules\@babel\parser\lib\index.js:12120:10)
      at TypeScriptParserMixin.parseFunctionBodyAndFinish (D:\其他\研究生事务\综合考试\综合考试论文or博士论文模板\tactile-presentation-prototype\node_modules\@babel\parser\lib\index.js:9195:18)
      at D:\其他\研究生事务\综合考试\综合考试论文or博士论文模板\tactile-presentation-prototype\node_modules\@babel\parser\lib\index.js:13479:12
      at TypeScriptParserMixin.withSmartMixTopicForbiddingContext (D:\其他\研究生事务\综合考试\综合考试论文or博士论文模板\tactile-presentation-prototype\node_modules\@babel\parser\lib\index.js:12437:14)
      at TypeScriptParserMixin.parseFunction (D:\其他\研究生事务\综合考试\综合考试论文or博士论文模板\tactile-presentation-prototype\node_modules\@babel\parser\lib\index.js:13478:10)
      at TypeScriptParserMixin.parseFunctionStatement (D:\其他\研究生事务\综合考试\综合考试论文or博士论文模板\tactile-presentation-prototype\node_modules\@babel\parser\lib\index.js:13159:17)
      at TypeScriptParserMixin.parseStatementContent (D:\其他\研究生事务\综合考试\综合考试论文or博士论文模板\tactile-presentation-prototype\node_modules\@babel\parser\lib\index.js:12825:21)
      at TypeScriptParserMixin.parseStatementContent (D:\其他\研究生事务\综合考试\综合考试论文or博士论文模板\tactile-presentation-prototype\node_modules\@babel\parser\lib\index.js:9531:18)
      at TypeScriptParserMixin.parseStatementLike (D:\其他\研究生事务\综合考试\综合考试论文or博士论文模板\tactile-presentation-prototype\node_modules\@babel\parser\lib\index.js:12801:17)
      at TypeScriptParserMixin.parseModuleItem (D:\其他\研究生事务\综合考试\综合考试论文or博士论文模板\tactile-presentation-prototype\node_modules\@babel\parser\lib\index.js:12778:17)
      at TypeScriptParserMixin.parseBlockOrModuleBlockBody (D:\其他\研究生事务\综合考试\综合考试论文or博士论文模板\tactile-presentation-prototype\node_modules\@babel\parser\lib\index.js:13350:36)
      at TypeScriptParserMixin.parseBlockBody (D:\其他\研究生事务\综合考试\综合考试论文or博士论文模板\tactile-presentation-prototype\node_modules\@babel\parser\lib\index.js:13343:10)
      at TypeScriptParserMixin.parseProgram (D:\其他\研究生事务\综合考试\综合考试论文or博士论文模板\tactile-presentation-prototype\node_modules\@babel\parser\lib\index.js:12656:10)
      at TypeScriptParserMixin.parseTopLevel (D:\其他\研究生事务\综合考试\综合考试论文or博士论文模板\tactile-presentation-prototype\node_modules\@babel\parser\lib\index.js:12646:25)
      at TypeScriptParserMixin.parse (D:\其他\研究生事务\综合考试\综合考试论文or博士论文模板\tactile-presentation-prototype\node_modules\@babel\parser\lib\index.js:14522:25)
[2m17:00:55[22m [36m[1m[vite][22m[39m [90m[2m(client)[22m[39m [32mhmr update [39m[2m/src/App.tsx[22m
[2m17:00:55[22m [31m[1m[vite][22m[39m [31m[2m(client)[22m[39m Pre-transform error: D:\其他\研究生事务\综合考试\综合考试论文or博士论文模板\tactile-presentation-prototype\src\App.tsx: Expected corresponding JSX closing tag for <div>. (987:6)

[0m [90m 985 |[39m           {layer [33m===[39m [32m'communication'[39m [33m&&[39m [33m<[39m[33mdiv[39m className[33m=[39m[32m"social-domain social-communication-domain"[39m[33m>[39m[33m<[39m[33mdiv[39m className[33m=[39m[32m"social-domain-label"[39m[33m>[39m[33m<[39m[33mspan[39m[33m>[39m[33mDOMAIN[39m [33mB[39m [33m/[39m [33mHAPTIC[39m [33mCOMMUNICATION[39m [33m&[39mamp[33m;[39m [33mDISPLAY[39m[33m<[39m[33m/[39m[33mspan[39m[33m>[39m[33m<[39m[33mstrong[39m[33m>[39m触觉通信：编码接触事件，在另一端安全再现[33m<[39m[33m/[39m[33mstrong[39m[33m>[39m[33m<[39m[33m/[39m[33mdiv[39m[33m>[39m[33m<[39m[33mdiv[39m className[33m=[39m[32m"social-domain-flow"[39m[33m>[39m[33m<[39m[33mdiv[39m className[33m=[39m[32m"social-node social-source"[39m[33m>[39m[33m<[39m[33mspan[39m[33m>[39m发送端[33m<[39m[33m/[39m[33mspan[39m[33m>[39m[33m<[39m[33mstrong[39m[33m>[39m接触事件 [33m/[39m 动力学语义[33m<[39m[33m/[39m[33mstrong[39m[33m>[39m[33m<[39m[33msmall[39m[33m>[39m位置 · 意图 · 力学状态[33m<[39m[33m/[39m[33msmall[39m[33m>[39m[33m<[39m[33m/[39m[33mdiv[39m[33m>[39m[33m<[39m[33mi[39m className[33m=[39m[32m"social-domain-arrow social-link-violet"[39m[33m>[39m⇄[33m<[39m[33m/[39m[33mi[39m[33m>[39m[33m<[39m[33mdiv[39m className[33m=[39m[32m"social-node social-render"[39m[33m>[39m[33m<[39m[33mspan[39m[33m>[39m通信与映射[33m<[39m[33m/[39m[33mspan[39m[33m>[39m[33m<[39m[33mstrong[39m[33m>[39m触觉输出 [33m/[39m 再现[33m<[39m[33m/[39m[33mstrong[39m[33m>[39m[33m<[39m[33msmall[39m[33m>[39m力 · 振动 · 压力 · 形变 · 温度[33m<[39m[33m/[39m[33msmall[39m[33m>[39m[33m<[39m[33m/[39m[33mdiv[39m[33m>[39m[33m<[39m[33mi[39m className[33m=[39m[32m"social-domain-arrow social-link-violet"[39m[33m>[39m⇄[33m<[39m[33m/[39m[33mi[39m[33m>[39m[33m<[39m[33mdiv[39m className[33m=[39m[32m"social-node social-receiver"[39m[33m>[39m[33m<[39m[33mspan[39m[33m>[39m接收端[33m<[39m[33m/[39m[33mspan[39m[33m>[39m[33m<[39m[33mstrong[39m[33m>[39m远程力觉 [33m/[39m 社交机器人[33m<[39m[33m/[39m[33mstrong[39m[33m>[39m[33m<[39m[33msmall[39m[33m>[39m可辨认 · 受限 · 可稳定[33m<[39m[33m/[39m[33msmall[39m[33m>[39m[33m<[39m[33m/[39m[33mdiv[39m[33m>[39m[33m<[39m[33m/[39m[33mdiv[39m[33m>[39m[33m<[39m[33m/[39m[33mdiv[39m[33m>[39m}
 [90m 986 |[39m           {layer [33m===[39m [32m'ethics'[39m [33m&&[39m [33m<[39m[33m>[39m[33m<[39m[33mdiv[39m className[33m=[39m[32m"social-guardrail social-ethics-card"[39m[33m>[39m[33m<[39m[33mspan[39m[33m>[39m不可越过的底线[33m<[39m[33m/[39m[33mspan[39m[33m>[39m[33m<[39m[33mstrong[39m[33m>[39m持续同意 · 实时撤回 · 保守降级[33m<[39m[33m/[39m[33mstrong[39m[33m>[39m[33m<[39m[33msmall[39m[33m>[39m任何社会语义推理，都不能延迟碰撞、夹伤和过载的安全响应。[33m<[39m[33m/[39m[33msmall[39m[33m>[39m[33m<[39m[33m/[39m[33mdiv[39m[33m>[39m[33m<[39m[33mdiv[39m className[33m=[39m[32m"social-eval-strip social-ethics-card"[39m[33m>[39m[33m<[39m[33mdiv[39m[33m>[39m[33m<[39m[33mspan[39m[33m>[39m评价闭环[33m<[39m[33m/[39m[33mspan[39m[33m>[39m[33m<[39m[33mstrong[39m[33m>[39m从“能不能识别”走向“是否安全、舒适、合规、可迁移”[33m<[39m[33m/[39m[33mstrong[39m[33m>[39m[33m<[39m[33m/[39m[33mdiv[39m[33m>[39m[33m<[39m[33mb[39m[33m>[39m物理安全[33m<[39m[33m/[39m[33mb[39m[33m>[39m[33m<[39m[33mb[39m[33m>[39m意图与阶段[33m<[39m[33m/[39m[33mb[39m[33m>[39m[33m<[39m[33mb[39m[33m>[39m舒适 [33m/[39m 信任[33m<[39m[33m/[39m[33mb[39m[33m>[39m[33m<[39m[33mb[39m[33m>[39m跨人群与长期[33m<[39m[33m/[39m[33mb[39m[33m>[39m[33m<[39m[35m/div></[39m[33m>[39m}
[31m[1m>[22m[39m[90m 987 |[39m       [33m<[39m[33m/[39m[33msection[39m[33m>[39m
 [90m     |[39m       [31m[1m^[22m[39m
 [90m 988 |[39m     [33m<[39m[33m/[39m[33mdiv[39m[33m>[39m
 [90m 989 |[39m   [33m<[39m[33m/[39m[33mSlideFrame[39m[33m>[39m
 [90m 990 |[39m }[0m
  Plugin: [35mvite:react-babel[39m
  File: [36mD:/其他/研究生事务/综合考试/综合考试论文or博士论文模板/tactile-presentation-prototype/src/App.tsx[39m:987:6
[33m  1003|          <EvidenceBadge kind={meta.evidenceKind} label={meta.evidenceLabel} />
  1004|          <h3>{meta.title}</h3>
  1005|          <section><span>论文定位</span>{meta.locations.map(item => <p key={item}>{item}</p>)}</section>
     |                               ^
  1006|          <section><span>BibTeX keys</span><div className="source-keys">{meta.sources.map(source => <code key={source}>{source}</code>)}</div></section>
  1007|          <section className="scope-note"><span>展示边界</span><p>{meta.note}</p></section>[39m
[2m17:00:56[22m [31m[1m[vite][22m[39m [31mInternal server error: D:\其他\研究生事务\综合考试\综合考试论文or博士论文模板\tactile-presentation-prototype\src\App.tsx: Expected corresponding JSX closing tag for <div>. (987:6)

[0m [90m 985 |[31m           {layer [33m===[31m [32m'communication'[31m [33m&&[31m [33m<[31m[33mdiv[31m className[33m=[31m[32m"social-domain social-communication-domain"[31m[33m>[31m[33m<[31m[33mdiv[31m className[33m=[31m[32m"social-domain-label"[31m[33m>[31m[33m<[31m[33mspan[31m[33m>[31m[33mDOMAIN[31m [33mB[31m [33m/[31m [33mHAPTIC[31m [33mCOMMUNICATION[31m [33m&[31mamp[33m;[31m [33mDISPLAY[31m[33m<[31m[33m/[31m[33mspan[31m[33m>[31m[33m<[31m[33mstrong[31m[33m>[31m触觉通信：编码接触事件，在另一端安全再现[33m<[31m[33m/[31m[33mstrong[31m[33m>[31m[33m<[31m[33m/[31m[33mdiv[31m[33m>[31m[33m<[31m[33mdiv[31m className[33m=[31m[32m"social-domain-flow"[31m[33m>[31m[33m<[31m[33mdiv[31m className[33m=[31m[32m"social-node social-source"[31m[33m>[31m[33m<[31m[33mspan[31m[33m>[31m发送端[33m<[31m[33m/[31m[33mspan[31m[33m>[31m[33m<[31m[33mstrong[31m[33m>[31m接触事件 [33m/[31m 动力学语义[33m<[31m[33m/[31m[33mstrong[31m[33m>[31m[33m<[31m[33msmall[31m[33m>[31m位置 · 意图 · 力学状态[33m<[31m[33m/[31m[33msmall[31m[33m>[31m[33m<[31m[33m/[31m[33mdiv[31m[33m>[31m[33m<[31m[33mi[31m className[33m=[31m[32m"social-domain-arrow social-link-violet"[31m[33m>[31m⇄[33m<[31m[33m/[31m[33mi[31m[33m>[31m[33m<[31m[33mdiv[31m className[33m=[31m[32m"social-node social-render"[31m[33m>[31m[33m<[31m[33mspan[31m[33m>[31m通信与映射[33m<[31m[33m/[31m[33mspan[31m[33m>[31m[33m<[31m[33mstrong[31m[33m>[31m触觉输出 [33m/[31m 再现[33m<[31m[33m/[31m[33mstrong[31m[33m>[31m[33m<[31m[33msmall[31m[33m>[31m力 · 振动 · 压力 · 形变 · 温度[33m<[31m[33m/[31m[33msmall[31m[33m>[31m[33m<[31m[33m/[31m[33mdiv[31m[33m>[31m[33m<[31m[33mi[31m className[33m=[31m[32m"social-domain-arrow social-link-violet"[31m[33m>[31m⇄[33m<[31m[33m/[31m[33mi[31m[33m>[31m[33m<[31m[33mdiv[31m className[33m=[31m[32m"social-node social-receiver"[31m[33m>[31m[33m<[31m[33mspan[31m[33m>[31m接收端[33m<[31m[33m/[31m[33mspan[31m[33m>[31m[33m<[31m[33mstrong[31m[33m>[31m远程力觉 [33m/[31m 社交机器人[33m<[31m[33m/[31m[33mstrong[31m[33m>[31m[33m<[31m[33msmall[31m[33m>[31m可辨认 · 受限 · 可稳定[33m<[31m[33m/[31m[33msmall[31m[33m>[31m[33m<[31m[33m/[31m[33mdiv[31m[33m>[31m[33m<[31m[33m/[31m[33mdiv[31m[33m>[31m[33m<[31m[33m/[31m[33mdiv[31m[33m>[31m}
 [90m 986 |[31m           {layer [33m===[31m [32m'ethics'[31m [33m&&[31m [33m<[31m[33m>[31m[33m<[31m[33mdiv[31m className[33m=[31m[32m"social-guardrail social-ethics-card"[31m[33m>[31m[33m<[31m[33mspan[31m[33m>[31m不可越过的底线[33m<[31m[33m/[31m[33mspan[31m[33m>[31m[33m<[31m[33mstrong[31m[33m>[31m持续同意 · 实时撤回 · 保守降级[33m<[31m[33m/[31m[33mstrong[31m[33m>[31m[33m<[31m[33msmall[31m[33m>[31m任何社会语义推理，都不能延迟碰撞、夹伤和过载的安全响应。[33m<[31m[33m/[31m[33msmall[31m[33m>[31m[33m<[31m[33m/[31m[33mdiv[31m[33m>[31m[33m<[31m[33mdiv[31m className[33m=[31m[32m"social-eval-strip social-ethics-card"[31m[33m>[31m[33m<[31m[33mdiv[31m[33m>[31m[33m<[31m[33mspan[31m[33m>[31m评价闭环[33m<[31m[33m/[31m[33mspan[31m[33m>[31m[33m<[31m[33mstrong[31m[33m>[31m从“能不能识别”走向“是否安全、舒适、合规、可迁移”[33m<[31m[33m/[31m[33mstrong[31m[33m>[31m[33m<[31m[33m/[31m[33mdiv[31m[33m>[31m[33m<[31m[33mb[31m[33m>[31m物理安全[33m<[31m[33m/[31m[33mb[31m[33m>[31m[33m<[31m[33mb[31m[33m>[31m意图与阶段[33m<[31m[33m/[31m[33mb[31m[33m>[31m[33m<[31m[33mb[31m[33m>[31m舒适 [33m/[31m 信任[33m<[31m[33m/[31m[33mb[31m[33m>[31m[33m<[31m[33mb[31m[33m>[31m跨人群与长期[33m<[31m[33m/[31m[33mb[31m[33m>[31m[33m<[31m[35m/div></[31m[33m>[31m}
[31m[1m>[22m[31m[90m 987 |[31m       [33m<[31m[33m/[31m[33msection[31m[33m>[31m
 [90m     |[31m       [31m[1m^[22m[31m
 [90m 988 |[31m     [33m<[31m[33m/[31m[33mdiv[31m[33m>[31m
 [90m 989 |[31m   [33m<[31m[33m/[31m[33mSlideFrame[31m[33m>[31m
 [90m 990 |[31m }[0m[39m
  Plugin: [35mvite:react-babel[39m
  File: [36mD:/其他/研究生事务/综合考试/综合考试论文or博士论文模板/tactile-presentation-prototype/src/App.tsx[39m:987:6
[33m  1003|          <EvidenceBadge kind={meta.evidenceKind} label={meta.evidenceLabel} />
  1004|          <h3>{meta.title}</h3>
  1005|          <section><span>论文定位</span>{meta.locations.map(item => <p key={item}>{item}</p>)}</section>
     |                               ^
  1006|          <section><span>BibTeX keys</span><div className="source-keys">{meta.sources.map(source => <code key={source}>{source}</code>)}</div></section>
  1007|          <section className="scope-note"><span>展示边界</span><p>{meta.note}</p></section>[39m
      at constructor (D:\其他\研究生事务\综合考试\综合考试论文or博士论文模板\tactile-presentation-prototype\node_modules\@babel\parser\lib\index.js:369:19)
      at TypeScriptParserMixin.raise (D:\其他\研究生事务\综合考试\综合考试论文or博士论文模板\tactile-presentation-prototype\node_modules\@babel\parser\lib\index.js:6622:19)
      at TypeScriptParserMixin.jsxParseElementAt (D:\其他\研究生事务\综合考试\综合考试论文or博士论文模板\tactile-presentation-prototype\node_modules\@babel\parser\lib\index.js:4745:16)
      at TypeScriptParserMixin.jsxParseElementAt (D:\其他\研究生事务\综合考试\综合考试论文or博士论文模板\tactile-presentation-prototype\node_modules\@babel\parser\lib\index.js:4716:32)
      at TypeScriptParserMixin.jsxParseElementAt (D:\其他\研究生事务\综合考试\综合考试论文or博士论文模板\tactile-presentation-prototype\node_modules\@babel\parser\lib\index.js:4716:32)
      at TypeScriptParserMixin.jsxParseElementAt (D:\其他\研究生事务\综合考试\综合考试论文or博士论文模板\tactile-presentation-prototype\node_modules\@babel\parser\lib\index.js:4716:32)
      at TypeScriptParserMixin.jsxParseElement (D:\其他\研究生事务\综合考试\综合考试论文or博士论文模板\tactile-presentation-prototype\node_modules\@babel\parser\lib\index.js:4767:17)
      at TypeScriptParserMixin.parseExprAtom (D:\其他\研究生事务\综合考试\综合考试论文or博士论文模板\tactile-presentation-prototype\node_modules\@babel\parser\lib\index.js:4777:19)
      at TypeScriptParserMixin.parseExprSubscripts (D:\其他\研究生事务\综合考试\综合考试论文or博士论文模板\tactile-presentation-prototype\node_modules\@babel\parser\lib\index.js:11107:23)
      at TypeScriptParserMixin.parseUpdate (D:\其他\研究生事务\综合考试\综合考试论文or博士论文模板\tactile-presentation-prototype\node_modules\@babel\parser\lib\index.js:11092:21)
      at TypeScriptParserMixin.parseMaybeUnary (D:\其他\研究生事务\综合考试\综合考试论文or博士论文模板\tactile-presentation-prototype\node_modules\@babel\parser\lib\index.js:11072:23)
      at TypeScriptParserMixin.parseMaybeUnary (D:\其他\研究生事务\综合考试\综合考试论文or博士论文模板\tactile-presentation-prototype\node_modules\@babel\parser\lib\index.js:9860:18)
      at TypeScriptParserMixin.parseMaybeUnaryOrPrivate (D:\其他\研究生事务\综合考试\综合考试论文or博士论文模板\tactile-presentation-prototype\node_modules\@babel\parser\lib\index.js:10925:61)
      at TypeScriptParserMixin.parseExprOps (D:\其他\研究生事务\综合考试\综合考试论文or博士论文模板\tactile-presentation-prototype\node_modules\@babel\parser\lib\index.js:10930:23)
      at TypeScriptParserMixin.parseMaybeConditional (D:\其他\研究生事务\综合考试\综合考试论文or博士论文模板\tactile-presentation-prototype\node_modules\@babel\parser\lib\index.js:10907:23)
      at TypeScriptParserMixin.parseMaybeAssign (D:\其他\研究生事务\综合考试\综合考试论文or博士论文模板\tactile-presentation-prototype\node_modules\@babel\parser\lib\index.js:10857:21)
      at D:\其他\研究生事务\综合考试\综合考试论文or博士论文模板\tactile-presentation-prototype\node_modules\@babel\parser\lib\index.js:9798:39
      at TypeScriptParserMixin.tryParse (D:\其他\研究生事务\综合考试\综合考试论文or博士论文模板\tactile-presentation-prototype\node_modules\@babel\parser\lib\index.js:6930:20)
      at TypeScriptParserMixin.parseMaybeAssign (D:\其他\研究生事务\综合考试\综合考试论文or博士论文模板\tactile-presentation-prototype\node_modules\@babel\parser\lib\index.js:9798:18)
      at TypeScriptParserMixin.parseExpressionBase (D:\其他\研究生事务\综合考试\综合考试论文or博士论文模板\tactile-presentation-prototype\node_modules\@babel\parser\lib\index.js:10810:23)
      at D:\其他\研究生事务\综合考试\综合考试论文or博士论文模板\tactile-presentation-prototype\node_modules\@babel\parser\lib\index.js:10806:39
      at TypeScriptParserMixin.allowInAnd (D:\其他\研究生事务\综合考试\综合考试论文or博士论文模板\tactile-presentation-prototype\node_modules\@babel\parser\lib\index.js:12455:16)
      at TypeScriptParserMixin.parseExpression (D:\其他\研究生事务\综合考试\综合考试论文or博士论文模板\tactile-presentation-prototype\node_modules\@babel\parser\lib\index.js:10806:17)
      at TypeScriptParserMixin.parseReturnStatement (D:\其他\研究生事务\综合考试\综合考试论文or博士论文模板\tactile-presentation-prototype\node_modules\@babel\parser\lib\index.js:13176:28)
      at TypeScriptParserMixin.parseStatementContent (D:\其他\研究生事务\综合考试\综合考试论文or博士论文模板\tactile-presentation-prototype\node_modules\@babel\parser\lib\index.js:12832:21)
      at TypeScriptParserMixin.parseStatementContent (D:\其他\研究生事务\综合考试\综合考试论文or博士论文模板\tactile-presentation-prototype\node_modules\@babel\parser\lib\index.js:9531:18)
      at TypeScriptParserMixin.parseStatementLike (D:\其他\研究生事务\综合考试\综合考试论文or博士论文模板\tactile-presentation-prototype\node_modules\@babel\parser\lib\index.js:12801:17)
      at TypeScriptParserMixin.parseStatementListItem (D:\其他\研究生事务\综合考试\综合考试论文or博士论文模板\tactile-presentation-prototype\node_modules\@babel\parser\lib\index.js:12781:17)
      at TypeScriptParserMixin.parseBlockOrModuleBlockBody (D:\其他\研究生事务\综合考试\综合考试论文or博士论文模板\tactile-presentation-prototype\node_modules\@babel\parser\lib\index.js:13350:61)
      at TypeScriptParserMixin.parseBlockBody (D:\其他\研究生事务\综合考试\综合考试论文or博士论文模板\tactile-presentation-prototype\node_modules\@babel\parser\lib\index.js:13343:10)
      at TypeScriptParserMixin.parseBlock (D:\其他\研究生事务\综合考试\综合考试论文or博士论文模板\tactile-presentation-prototype\node_modules\@babel\parser\lib\index.js:13331:10)
      at TypeScriptParserMixin.parseFunctionBody (D:\其他\研究生事务\综合考试\综合考试论文or博士论文模板\tactile-presentation-prototype\node_modules\@babel\parser\lib\index.js:12134:24)
      at TypeScriptParserMixin.parseFunctionBodyAndFinish (D:\其他\研究生事务\综合考试\综合考试论文or博士论文模板\tactile-presentation-prototype\node_modules\@babel\parser\lib\index.js:12120:10)
      at TypeScriptParserMixin.parseFunctionBodyAndFinish (D:\其他\研究生事务\综合考试\综合考试论文or博士论文模板\tactile-presentation-prototype\node_modules\@babel\parser\lib\index.js:9195:18)
      at D:\其他\研究生事务\综合考试\综合考试论文or博士论文模板\tactile-presentation-prototype\node_modules\@babel\parser\lib\index.js:13479:12
      at TypeScriptParserMixin.withSmartMixTopicForbiddingContext (D:\其他\研究生事务\综合考试\综合考试论文or博士论文模板\tactile-presentation-prototype\node_modules\@babel\parser\lib\index.js:12437:14)
      at TypeScriptParserMixin.parseFunction (D:\其他\研究生事务\综合考试\综合考试论文or博士论文模板\tactile-presentation-prototype\node_modules\@babel\parser\lib\index.js:13478:10)
      at TypeScriptParserMixin.parseFunctionStatement (D:\其他\研究生事务\综合考试\综合考试论文or博士论文模板\tactile-presentation-prototype\node_modules\@babel\parser\lib\index.js:13159:17)
      at TypeScriptParserMixin.parseStatementContent (D:\其他\研究生事务\综合考试\综合考试论文or博士论文模板\tactile-presentation-prototype\node_modules\@babel\parser\lib\index.js:12825:21)
      at TypeScriptParserMixin.parseStatementContent (D:\其他\研究生事务\综合考试\综合考试论文or博士论文模板\tactile-presentation-prototype\node_modules\@babel\parser\lib\index.js:9531:18)
      at TypeScriptParserMixin.parseStatementLike (D:\其他\研究生事务\综合考试\综合考试论文or博士论文模板\tactile-presentation-prototype\node_modules\@babel\parser\lib\index.js:12801:17)
      at TypeScriptParserMixin.parseModuleItem (D:\其他\研究生事务\综合考试\综合考试论文or博士论文模板\tactile-presentation-prototype\node_modules\@babel\parser\lib\index.js:12778:17)
      at TypeScriptParserMixin.parseBlockOrModuleBlockBody (D:\其他\研究生事务\综合考试\综合考试论文or博士论文模板\tactile-presentation-prototype\node_modules\@babel\parser\lib\index.js:13350:36)
      at TypeScriptParserMixin.parseBlockBody (D:\其他\研究生事务\综合考试\综合考试论文or博士论文模板\tactile-presentation-prototype\node_modules\@babel\parser\lib\index.js:13343:10)
      at TypeScriptParserMixin.parseProgram (D:\其他\研究生事务\综合考试\综合考试论文or博士论文模板\tactile-presentation-prototype\node_modules\@babel\parser\lib\index.js:12656:10)
      at TypeScriptParserMixin.parseTopLevel (D:\其他\研究生事务\综合考试\综合考试论文or博士论文模板\tactile-presentation-prototype\node_modules\@babel\parser\lib\index.js:12646:25)
      at TypeScriptParserMixin.parse (D:\其他\研究生事务\综合考试\综合考试论文or博士论文模板\tactile-presentation-prototype\node_modules\@babel\parser\lib\index.js:14522:25)
      at TypeScriptParserMixin.parse (D:\其他\研究生事务\综合考试\综合考试论文or博士论文模板\tactile-presentation-prototype\node_modules\@babel\parser\lib\index.js:10149:18)
      at parse (D:\其他\研究生事务\综合考试\综合考试论文or博士论文模板\tactile-presentation-prototype\node_modules\@babel\parser\lib\index.js:14556:38)
      at parser (D:\其他\研究生事务\综合考试\综合考试论文or博士论文模板\tactile-presentation-prototype\node_modules\@babel\core\lib\parser\index.js:41:34)
[2m17:01:29[22m [36m[1m[vite][22m[39m [90m[2m(client)[22m[39m [32mhmr update [39m[2m/src/App.tsx[22m
[2m17:03:28[22m [36m[1m[vite][22m[39m [90m[2m(client)[22m[39m [32mhmr update [39m[2m/src/App.tsx[22m
[2m17:04:10[22m [36m[1m[vite][22m[39m [90m[2m(client)[22m[39m [32mhmr update [39m[2m/src/App.tsx[22m
[2m17:04:43[22m [36m[1m[vite][22m[39m [90m[2m(client)[22m[39m [32mhmr update [39m[2m/src/App.tsx[22m
[2m17:05:32[22m [36m[1m[vite][22m[39m [90m[2m(client)[22m[39m [32mhmr update [39m[2m/src/App.tsx[22m
[2m17:05:42[22m [36m[1m[vite][22m[39m [90m[2m(client)[22m[39m [32mhmr update [39m[2m/src/App.tsx[22m
[2m17:05:52[22m [36m[1m[vite][22m[39m [90m[2m(client)[22m[39m [32mhmr update [39m[2m/src/App.tsx[22m
[2m17:05:59[22m [36m[1m[vite][22m[39m [90m[2m(client)[22m[39m [32mhmr update [39m[2m/src/App.tsx[22m
[2m17:08:46[22m [36m[1m[vite][22m[39m [90m[2m(client)[22m[39m [32mhmr update [39m[2m/src/App.tsx[22m
[2m17:08:47[22m [31m[1m[vite][22m[39m [31mInternal server error: D:\其他\研究生事务\综合考试\综合考试论文or博士论文模板\tactile-presentation-prototype\src\App.tsx: Expected corresponding JSX closing tag for <div>. (991:2)

[0m [90m 989 |[31m         [33m<[31m[33m/[31m[33msection[31m[33m>[31m
 [90m 990 |[31m     [33m<[31m[33m/[31m[33mdiv[31m[33m>[31m
[31m[1m>[22m[31m[90m 991 |[31m   [33m<[31m[33m/[31m[33mSlideFrame[31m[33m>[31m
 [90m     |[31m   [31m[1m^[22m[31m
 [90m 992 |[31m }
 [90m 993 |[31m
 [90m 994 |[31m [36mconst[31m renderers [33m=[31m [[33mValueSlide[31m[33m,[31m [33mUniquenessSlide[31m[33m,[31m [33mFrontierSlide[31m[33m,[31m [33mOutlineSlide[31m[33m,[31m [33mTactileContentSlide[31m[33m,[31m [33mSensorMapSlide[31m[33m,[31m [33mPipelineSlide[31m[33m,[31m [33mFusionSlide[31m[33m,[31m [33mTaskValueSlide[31m[33m,[31m [33mChallengeSlide[31m[33m,[31m [33mFutureSlide[31m[33m,[31m [33mFutureCapabilitySlide[31m[33m,[31m [33mFutureEdgeSlide[31m[33m,[31m [33mFutureBrainSlide[31m[33m,[31m [33mFutureDynamicSlide[31m[33m,[31m [33mFutureSocialSlide[31m][0m[39m
  Plugin: [35mvite:react-babel[39m
  File: [36mD:/其他/研究生事务/综合考试/综合考试论文or博士论文模板/tactile-presentation-prototype/src/App.tsx[39m:991:2
[33m  1005|          <EvidenceBadge kind={meta.evidenceKind} label={meta.evidenceLabel} />
  1006|          <h3>{meta.title}</h3>
  1007|          <section><span>论文定位</span>{meta.locations.map(item => <p key={item}>{item}</p>)}</section>
     |                                                   ^
  1008|          <section><span>BibTeX keys</span><div className="source-keys">{meta.sources.map(source => <code key={source}>{source}</code>)}</div></section>
  1009|          <section className="scope-note"><span>展示边界</span><p>{meta.note}</p></section>[39m
      at constructor (D:\其他\研究生事务\综合考试\综合考试论文or博士论文模板\tactile-presentation-prototype\node_modules\@babel\parser\lib\index.js:369:19)
      at TypeScriptParserMixin.raise (D:\其他\研究生事务\综合考试\综合考试论文or博士论文模板\tactile-presentation-prototype\node_modules\@babel\parser\lib\index.js:6622:19)
      at TypeScriptParserMixin.jsxParseElementAt (D:\其他\研究生事务\综合考试\综合考试论文or博士论文模板\tactile-presentation-prototype\node_modules\@babel\parser\lib\index.js:4745:16)
      at TypeScriptParserMixin.jsxParseElementAt (D:\其他\研究生事务\综合考试\综合考试论文or博士论文模板\tactile-presentation-prototype\node_modules\@babel\parser\lib\index.js:4716:32)
      at TypeScriptParserMixin.jsxParseElement (D:\其他\研究生事务\综合考试\综合考试论文or博士论文模板\tactile-presentation-prototype\node_modules\@babel\parser\lib\index.js:4767:17)
      at TypeScriptParserMixin.parseExprAtom (D:\其他\研究生事务\综合考试\综合考试论文or博士论文模板\tactile-presentation-prototype\node_modules\@babel\parser\lib\index.js:4777:19)
      at TypeScriptParserMixin.parseExprSubscripts (D:\其他\研究生事务\综合考试\综合考试论文or博士论文模板\tactile-presentation-prototype\node_modules\@babel\parser\lib\index.js:11107:23)
      at TypeScriptParserMixin.parseUpdate (D:\其他\研究生事务\综合考试\综合考试论文or博士论文模板\tactile-presentation-prototype\node_modules\@babel\parser\lib\index.js:11092:21)
      at TypeScriptParserMixin.parseMaybeUnary (D:\其他\研究生事务\综合考试\综合考试论文or博士论文模板\tactile-presentation-prototype\node_modules\@babel\parser\lib\index.js:11072:23)
      at TypeScriptParserMixin.parseMaybeUnary (D:\其他\研究生事务\综合考试\综合考试论文or博士论文模板\tactile-presentation-prototype\node_modules\@babel\parser\lib\index.js:9860:18)
      at TypeScriptParserMixin.parseMaybeUnaryOrPrivate (D:\其他\研究生事务\综合考试\综合考试论文or博士论文模板\tactile-presentation-prototype\node_modules\@babel\parser\lib\index.js:10925:61)
      at TypeScriptParserMixin.parseExprOps (D:\其他\研究生事务\综合考试\综合考试论文or博士论文模板\tactile-presentation-prototype\node_modules\@babel\parser\lib\index.js:10930:23)
      at TypeScriptParserMixin.parseMaybeConditional (D:\其他\研究生事务\综合考试\综合考试论文or博士论文模板\tactile-presentation-prototype\node_modules\@babel\parser\lib\index.js:10907:23)
      at TypeScriptParserMixin.parseMaybeAssign (D:\其他\研究生事务\综合考试\综合考试论文or博士论文模板\tactile-presentation-prototype\node_modules\@babel\parser\lib\index.js:10857:21)
      at D:\其他\研究生事务\综合考试\综合考试论文or博士论文模板\tactile-presentation-prototype\node_modules\@babel\parser\lib\index.js:9798:39
      at TypeScriptParserMixin.tryParse (D:\其他\研究生事务\综合考试\综合考试论文or博士论文模板\tactile-presentation-prototype\node_modules\@babel\parser\lib\index.js:6930:20)
      at TypeScriptParserMixin.parseMaybeAssign (D:\其他\研究生事务\综合考试\综合考试论文or博士论文模板\tactile-presentation-prototype\node_modules\@babel\parser\lib\index.js:9798:18)
      at TypeScriptParserMixin.parseExpressionBase (D:\其他\研究生事务\综合考试\综合考试论文or博士论文模板\tactile-presentation-prototype\node_modules\@babel\parser\lib\index.js:10810:23)
      at D:\其他\研究生事务\综合考试\综合考试论文or博士论文模板\tactile-presentation-prototype\node_modules\@babel\parser\lib\index.js:10806:39
      at TypeScriptParserMixin.allowInAnd (D:\其他\研究生事务\综合考试\综合考试论文or博士论文模板\tactile-presentation-prototype\node_modules\@babel\parser\lib\index.js:12455:16)
      at TypeScriptParserMixin.parseExpression (D:\其他\研究生事务\综合考试\综合考试论文or博士论文模板\tactile-presentation-prototype\node_modules\@babel\parser\lib\index.js:10806:17)
      at TypeScriptParserMixin.parseReturnStatement (D:\其他\研究生事务\综合考试\综合考试论文or博士论文模板\tactile-presentation-prototype\node_modules\@babel\parser\lib\index.js:13176:28)
      at TypeScriptParserMixin.parseStatementContent (D:\其他\研究生事务\综合考试\综合考试论文or博士论文模板\tactile-presentation-prototype\node_modules\@babel\parser\lib\index.js:12832:21)
      at TypeScriptParserMixin.parseStatementContent (D:\其他\研究生事务\综合考试\综合考试论文or博士论文模板\tactile-presentation-prototype\node_modules\@babel\parser\lib\index.js:9531:18)
      at TypeScriptParserMixin.parseStatementLike (D:\其他\研究生事务\综合考试\综合考试论文or博士论文模板\tactile-presentation-prototype\node_modules\@babel\parser\lib\index.js:12801:17)
      at TypeScriptParserMixin.parseStatementListItem (D:\其他\研究生事务\综合考试\综合考试论文or博士论文模板\tactile-presentation-prototype\node_modules\@babel\parser\lib\index.js:12781:17)
      at TypeScriptParserMixin.parseBlockOrModuleBlockBody (D:\其他\研究生事务\综合考试\综合考试论文or博士论文模板\tactile-presentation-prototype\node_modules\@babel\parser\lib\index.js:13350:61)
      at TypeScriptParserMixin.parseBlockBody (D:\其他\研究生事务\综合考试\综合考试论文or博士论文模板\tactile-presentation-prototype\node_modules\@babel\parser\lib\index.js:13343:10)
      at TypeScriptParserMixin.parseBlock (D:\其他\研究生事务\综合考试\综合考试论文or博士论文模板\tactile-presentation-prototype\node_modules\@babel\parser\lib\index.js:13331:10)
      at TypeScriptParserMixin.parseFunctionBody (D:\其他\研究生事务\综合考试\综合考试论文or博士论文模板\tactile-presentation-prototype\node_modules\@babel\parser\lib\index.js:12134:24)
      at TypeScriptParserMixin.parseFunctionBodyAndFinish (D:\其他\研究生事务\综合考试\综合考试论文or博士论文模板\tactile-presentation-prototype\node_modules\@babel\parser\lib\index.js:12120:10)
      at TypeScriptParserMixin.parseFunctionBodyAndFinish (D:\其他\研究生事务\综合考试\综合考试论文or博士论文模板\tactile-presentation-prototype\node_modules\@babel\parser\lib\index.js:9195:18)
      at D:\其他\研究生事务\综合考试\综合考试论文or博士论文模板\tactile-presentation-prototype\node_modules\@babel\parser\lib\index.js:13479:12
      at TypeScriptParserMixin.withSmartMixTopicForbiddingContext (D:\其他\研究生事务\综合考试\综合考试论文or博士论文模板\tactile-presentation-prototype\node_modules\@babel\parser\lib\index.js:12437:14)
      at TypeScriptParserMixin.parseFunction (D:\其他\研究生事务\综合考试\综合考试论文or博士论文模板\tactile-presentation-prototype\node_modules\@babel\parser\lib\index.js:13478:10)
      at TypeScriptParserMixin.parseFunctionStatement (D:\其他\研究生事务\综合考试\综合考试论文or博士论文模板\tactile-presentation-prototype\node_modules\@babel\parser\lib\index.js:13159:17)
      at TypeScriptParserMixin.parseStatementContent (D:\其他\研究生事务\综合考试\综合考试论文or博士论文模板\tactile-presentation-prototype\node_modules\@babel\parser\lib\index.js:12825:21)
      at TypeScriptParserMixin.parseStatementContent (D:\其他\研究生事务\综合考试\综合考试论文or博士论文模板\tactile-presentation-prototype\node_modules\@babel\parser\lib\index.js:9531:18)
      at TypeScriptParserMixin.parseStatementLike (D:\其他\研究生事务\综合考试\综合考试论文or博士论文模板\tactile-presentation-prototype\node_modules\@babel\parser\lib\index.js:12801:17)
      at TypeScriptParserMixin.parseModuleItem (D:\其他\研究生事务\综合考试\综合考试论文or博士论文模板\tactile-presentation-prototype\node_modules\@babel\parser\lib\index.js:12778:17)
      at TypeScriptParserMixin.parseBlockOrModuleBlockBody (D:\其他\研究生事务\综合考试\综合考试论文or博士论文模板\tactile-presentation-prototype\node_modules\@babel\parser\lib\index.js:13350:36)
      at TypeScriptParserMixin.parseBlockBody (D:\其他\研究生事务\综合考试\综合考试论文or博士论文模板\tactile-presentation-prototype\node_modules\@babel\parser\lib\index.js:13343:10)
      at TypeScriptParserMixin.parseProgram (D:\其他\研究生事务\综合考试\综合考试论文or博士论文模板\tactile-presentation-prototype\node_modules\@babel\parser\lib\index.js:12656:10)
      at TypeScriptParserMixin.parseTopLevel (D:\其他\研究生事务\综合考试\综合考试论文or博士论文模板\tactile-presentation-prototype\node_modules\@babel\parser\lib\index.js:12646:25)
      at TypeScriptParserMixin.parse (D:\其他\研究生事务\综合考试\综合考试论文or博士论文模板\tactile-presentation-prototype\node_modules\@babel\parser\lib\index.js:14522:25)
      at TypeScriptParserMixin.parse (D:\其他\研究生事务\综合考试\综合考试论文or博士论文模板\tactile-presentation-prototype\node_modules\@babel\parser\lib\index.js:10149:18)
      at parse (D:\其他\研究生事务\综合考试\综合考试论文or博士论文模板\tactile-presentation-prototype\node_modules\@babel\parser\lib\index.js:14556:38)
      at parser (D:\其他\研究生事务\综合考试\综合考试论文or博士论文模板\tactile-presentation-prototype\node_modules\@babel\core\lib\parser\index.js:41:34)
      at parser.next (<anonymous>)
      at normalizeFile (D:\其他\研究生事务\综合考试\综合考试论文or博士论文模板\tactile-presentation-prototype\node_modules\@babel\core\lib\transformation\normalize-file.js:51:37)
[2m17:09:06[22m [36m[1m[vite][22m[39m [90m[2m(client)[22m[39m [32mhmr update [39m[2m/src/App.tsx[22m
[2m17:09:07[22m [31m[1m[vite][22m[39m [31mInternal server error: D:\其他\研究生事务\综合考试\综合考试论文or博士论文模板\tactile-presentation-prototype\src\App.tsx: Expected corresponding JSX closing tag for <SlideFrame>. (183:4)

[0m [90m 181 |[31m       [33m<[31m[33m/[31m[33msection[31m[33m>[31m
 [90m 182 |[31m       [33m<[31m[33m/[31m[33mdiv[31m[33m>[31m
[31m[1m>[22m[31m[90m 183 |[31m     [33m<[31m[33m/[31m[33mdiv[31m[33m>[31m
 [90m     |[31m     [31m[1m^[22m[31m
 [90m 184 |[31m     [33m<[31m[33m/[31m[33mSlideFrame[31m[33m>[31m
 [90m 185 |[31m   )
 [90m 186 |[31m }[0m[39m
  Plugin: [35mvite:react-babel[39m
  File: [36mD:/其他/研究生事务/综合考试/综合考试论文or博士论文模板/tactile-presentation-prototype/src/App.tsx[39m:183:4
[33m  189|    const [active, setActive] = useState(0)
  190|    const routes = [
  191|      { n: '01', label: '感知技术版图', en: 'SENSING LANDSCAPE', title: '先回答：触觉如何被测量？', body: '按任务需求梳理不同感知范式，看到材料、结构与编码方式之间的边界。', accent: 'cyan', next: '传感器、传感范式与性能指标' },
     |                                                               ^
  192|      { n: '02', label: '感知 → 行动', en: 'FROM CONTACT TO ACTION', title: '再回答：信号如何变成行动？', body: '沿着接触、读出、组织、理解与控制，观察触觉如何和下游技术形成系统闭环。', accent: 'coral', next: '系统链路与综合应用场景' },
  193|      { n: '03', label: '未来展望', en: 'EMBODIED FUTURE', title: '最后回答：下一代系统长什么样？', body: '把感知、处理、理解、规划、控制统一为可计算、可交互、可演化的具身触觉神经系统。', accent: 'violet', next: '分布式闭环与技术路线' },[39m
      at constructor (D:\其他\研究生事务\综合考试\综合考试论文or博士论文模板\tactile-presentation-prototype\node_modules\@babel\parser\lib\index.js:369:19)
      at TypeScriptParserMixin.raise (D:\其他\研究生事务\综合考试\综合考试论文or博士论文模板\tactile-presentation-prototype\node_modules\@babel\parser\lib\index.js:6622:19)
      at TypeScriptParserMixin.jsxParseElementAt (D:\其他\研究生事务\综合考试\综合考试论文or博士论文模板\tactile-presentation-prototype\node_modules\@babel\parser\lib\index.js:4745:16)
      at TypeScriptParserMixin.jsxParseElement (D:\其他\研究生事务\综合考试\综合考试论文or博士论文模板\tactile-presentation-prototype\node_modules\@babel\parser\lib\index.js:4767:17)
      at TypeScriptParserMixin.parseExprAtom (D:\其他\研究生事务\综合考试\综合考试论文or博士论文模板\tactile-presentation-prototype\node_modules\@babel\parser\lib\index.js:4777:19)
      at TypeScriptParserMixin.parseExprSubscripts (D:\其他\研究生事务\综合考试\综合考试论文or博士论文模板\tactile-presentation-prototype\node_modules\@babel\parser\lib\index.js:11107:23)
      at TypeScriptParserMixin.parseUpdate (D:\其他\研究生事务\综合考试\综合考试论文or博士论文模板\tactile-presentation-prototype\node_modules\@babel\parser\lib\index.js:11092:21)
      at TypeScriptParserMixin.parseMaybeUnary (D:\其他\研究生事务\综合考试\综合考试论文or博士论文模板\tactile-presentation-prototype\node_modules\@babel\parser\lib\index.js:11072:23)
      at TypeScriptParserMixin.parseMaybeUnary (D:\其他\研究生事务\综合考试\综合考试论文or博士论文模板\tactile-presentation-prototype\node_modules\@babel\parser\lib\index.js:9860:18)
      at TypeScriptParserMixin.parseMaybeUnaryOrPrivate (D:\其他\研究生事务\综合考试\综合考试论文or博士论文模板\tactile-presentation-prototype\node_modules\@babel\parser\lib\index.js:10925:61)
      at TypeScriptParserMixin.parseExprOps (D:\其他\研究生事务\综合考试\综合考试论文or博士论文模板\tactile-presentation-prototype\node_modules\@babel\parser\lib\index.js:10930:23)
      at TypeScriptParserMixin.parseMaybeConditional (D:\其他\研究生事务\综合考试\综合考试论文or博士论文模板\tactile-presentation-prototype\node_modules\@babel\parser\lib\index.js:10907:23)
      at TypeScriptParserMixin.parseMaybeAssign (D:\其他\研究生事务\综合考试\综合考试论文or博士论文模板\tactile-presentation-prototype\node_modules\@babel\parser\lib\index.js:10857:21)
      at D:\其他\研究生事务\综合考试\综合考试论文or博士论文模板\tactile-presentation-prototype\node_modules\@babel\parser\lib\index.js:9798:39
      at TypeScriptParserMixin.tryParse (D:\其他\研究生事务\综合考试\综合考试论文or博士论文模板\tactile-presentation-prototype\node_modules\@babel\parser\lib\index.js:6930:20)
      at TypeScriptParserMixin.parseMaybeAssign (D:\其他\研究生事务\综合考试\综合考试论文or博士论文模板\tactile-presentation-prototype\node_modules\@babel\parser\lib\index.js:9798:18)
      at D:\其他\研究生事务\综合考试\综合考试论文or博士论文模板\tactile-presentation-prototype\node_modules\@babel\parser\lib\index.js:10826:39
      at TypeScriptParserMixin.allowInAnd (D:\其他\研究生事务\综合考试\综合考试论文or博士论文模板\tactile-presentation-prototype\node_modules\@babel\parser\lib\index.js:12460:12)
      at TypeScriptParserMixin.parseMaybeAssignAllowIn (D:\其他\研究生事务\综合考试\综合考试论文or博士论文模板\tactile-presentation-prototype\node_modules\@babel\parser\lib\index.js:10826:17)
      at TypeScriptParserMixin.parseMaybeAssignAllowInOrVoidPattern (D:\其他\研究生事务\综合考试\综合考试论文or博士论文模板\tactile-presentation-prototype\node_modules\@babel\parser\lib\index.js:12527:17)
      at TypeScriptParserMixin.parseParenAndDistinguishExpression (D:\其他\研究生事务\综合考试\综合考试论文or博士论文模板\tactile-presentation-prototype\node_modules\@babel\parser\lib\index.js:11706:28)
      at TypeScriptParserMixin.parseExprAtom (D:\其他\研究生事务\综合考试\综合考试论文or博士论文模板\tactile-presentation-prototype\node_modules\@babel\parser\lib\index.js:11362:23)
      at TypeScriptParserMixin.parseExprAtom (D:\其他\研究生事务\综合考试\综合考试论文or博士论文模板\tactile-presentation-prototype\node_modules\@babel\parser\lib\index.js:4782:20)
      at TypeScriptParserMixin.parseExprSubscripts (D:\其他\研究生事务\综合考试\综合考试论文or博士论文模板\tactile-presentation-prototype\node_modules\@babel\parser\lib\index.js:11107:23)
      at TypeScriptParserMixin.parseUpdate (D:\其他\研究生事务\综合考试\综合考试论文or博士论文模板\tactile-presentation-prototype\node_modules\@babel\parser\lib\index.js:11092:21)
      at TypeScriptParserMixin.parseMaybeUnary (D:\其他\研究生事务\综合考试\综合考试论文or博士论文模板\tactile-presentation-prototype\node_modules\@babel\parser\lib\index.js:11072:23)
      at TypeScriptParserMixin.parseMaybeUnary (D:\其他\研究生事务\综合考试\综合考试论文or博士论文模板\tactile-presentation-prototype\node_modules\@babel\parser\lib\index.js:9860:18)
      at TypeScriptParserMixin.parseMaybeUnaryOrPrivate (D:\其他\研究生事务\综合考试\综合考试论文or博士论文模板\tactile-presentation-prototype\node_modules\@babel\parser\lib\index.js:10925:61)
      at TypeScriptParserMixin.parseExprOps (D:\其他\研究生事务\综合考试\综合考试论文or博士论文模板\tactile-presentation-prototype\node_modules\@babel\parser\lib\index.js:10930:23)
      at TypeScriptParserMixin.parseMaybeConditional (D:\其他\研究生事务\综合考试\综合考试论文or博士论文模板\tactile-presentation-prototype\node_modules\@babel\parser\lib\index.js:10907:23)
      at TypeScriptParserMixin.parseMaybeAssign (D:\其他\研究生事务\综合考试\综合考试论文or博士论文模板\tactile-presentation-prototype\node_modules\@babel\parser\lib\index.js:10857:21)
      at TypeScriptParserMixin.parseMaybeAssign (D:\其他\研究生事务\综合考试\综合考试论文or博士论文模板\tactile-presentation-prototype\node_modules\@babel\parser\lib\index.js:9809:20)
      at TypeScriptParserMixin.parseExpressionBase (D:\其他\研究生事务\综合考试\综合考试论文or博士论文模板\tactile-presentation-prototype\node_modules\@babel\parser\lib\index.js:10810:23)
      at D:\其他\研究生事务\综合考试\综合考试论文or博士论文模板\tactile-presentation-prototype\node_modules\@babel\parser\lib\index.js:10806:39
      at TypeScriptParserMixin.allowInAnd (D:\其他\研究生事务\综合考试\综合考试论文or博士论文模板\tactile-presentation-prototype\node_modules\@babel\parser\lib\index.js:12455:16)
      at TypeScriptParserMixin.parseExpression (D:\其他\研究生事务\综合考试\综合考试论文or博士论文模板\tactile-presentation-prototype\node_modules\@babel\parser\lib\index.js:10806:17)
      at TypeScriptParserMixin.parseReturnStatement (D:\其他\研究生事务\综合考试\综合考试论文or博士论文模板\tactile-presentation-prototype\node_modules\@babel\parser\lib\index.js:13176:28)
      at TypeScriptParserMixin.parseStatementContent (D:\其他\研究生事务\综合考试\综合考试论文or博士论文模板\tactile-presentation-prototype\node_modules\@babel\parser\lib\index.js:12832:21)
      at TypeScriptParserMixin.parseStatementContent (D:\其他\研究生事务\综合考试\综合考试论文or博士论文模板\tactile-presentation-prototype\node_modules\@babel\parser\lib\index.js:9531:18)
      at TypeScriptParserMixin.parseStatementLike (D:\其他\研究生事务\综合考试\综合考试论文or博士论文模板\tactile-presentation-prototype\node_modules\@babel\parser\lib\index.js:12801:17)
      at TypeScriptParserMixin.parseStatementListItem (D:\其他\研究生事务\综合考试\综合考试论文or博士论文模板\tactile-presentation-prototype\node_modules\@babel\parser\lib\index.js:12781:17)
      at TypeScriptParserMixin.parseBlockOrModuleBlockBody (D:\其他\研究生事务\综合考试\综合考试论文or博士论文模板\tactile-presentation-prototype\node_modules\@babel\parser\lib\index.js:13350:61)
      at TypeScriptParserMixin.parseBlockBody (D:\其他\研究生事务\综合考试\综合考试论文or博士论文模板\tactile-presentation-prototype\node_modules\@babel\parser\lib\index.js:13343:10)
      at TypeScriptParserMixin.parseBlock (D:\其他\研究生事务\综合考试\综合考试论文or博士论文模板\tactile-presentation-prototype\node_modules\@babel\parser\lib\index.js:13331:10)
      at TypeScriptParserMixin.parseFunctionBody (D:\其他\研究生事务\综合考试\综合考试论文or博士论文模板\tactile-presentation-prototype\node_modules\@babel\parser\lib\index.js:12134:24)
      at TypeScriptParserMixin.parseFunctionBodyAndFinish (D:\其他\研究生事务\综合考试\综合考试论文or博士论文模板\tactile-presentation-prototype\node_modules\@babel\parser\lib\index.js:12120:10)
      at TypeScriptParserMixin.parseFunctionBodyAndFinish (D:\其他\研究生事务\综合考试\综合考试论文or博士论文模板\tactile-presentation-prototype\node_modules\@babel\parser\lib\index.js:9195:18)
      at D:\其他\研究生事务\综合考试\综合考试论文or博士论文模板\tactile-presentation-prototype\node_modules\@babel\parser\lib\index.js:13479:12
      at TypeScriptParserMixin.withSmartMixTopicForbiddingContext (D:\其他\研究生事务\综合考试\综合考试论文or博士论文模板\tactile-presentation-prototype\node_modules\@babel\parser\lib\index.js:12437:14)
      at TypeScriptParserMixin.parseFunction (D:\其他\研究生事务\综合考试\综合考试论文or博士论文模板\tactile-presentation-prototype\node_modules\@babel\parser\lib\index.js:13478:10)
[2m17:09:19[22m [36m[1m[vite][22m[39m [90m[2m(client)[22m[39m [32mhmr update [39m[2m/src/styles.css[22m
[2m17:10:32[22m [31m[1m[vite][22m[39m [31m[2m(client)[22m[39m Pre-transform error: D:\其他\研究生事务\综合考试\综合考试论文or博士论文模板\tactile-presentation-prototype\src\App.tsx: Expected corresponding JSX closing tag for <SlideFrame>. (183:4)

[0m [90m 181 |[39m       [33m<[39m[33m/[39m[33msection[39m[33m>[39m
 [90m 182 |[39m       [33m<[39m[33m/[39m[33mdiv[39m[33m>[39m
[31m[1m>[22m[39m[90m 183 |[39m     [33m<[39m[33m/[39m[33mdiv[39m[33m>[39m
 [90m     |[39m     [31m[1m^[22m[39m
 [90m 184 |[39m     [33m<[39m[33m/[39m[33mSlideFrame[39m[33m>[39m
 [90m 185 |[39m   )
 [90m 186 |[39m }[0m
  Plugin: [35mvite:react-babel[39m
  File: [36mD:/其他/研究生事务/综合考试/综合考试论文or博士论文模板/tactile-presentation-prototype/src/App.tsx[39m:183:4
[33m  189|    const [active, setActive] = useState(0)
  190|    const routes = [
  191|      { n: '01', label: '感知技术版图', en: 'SENSING LANDSCAPE', title: '先回答：触觉如何被测量？', body: '按任务需求梳理不同感知范式，看到材料、结构与编码方式之间的边界。', accent: 'cyan', next: '传感器、传感范式与性能指标' },
     |                                                               ^
  192|      { n: '02', label: '感知 → 行动', en: 'FROM CONTACT TO ACTION', title: '再回答：信号如何变成行动？', body: '沿着接触、读出、组织、理解与控制，观察触觉如何和下游技术形成系统闭环。', accent: 'coral', next: '系统链路与综合应用场景' },
  193|      { n: '03', label: '未来展望', en: 'EMBODIED FUTURE', title: '最后回答：下一代系统长什么样？', body: '把感知、处理、理解、规划、控制统一为可计算、可交互、可演化的具身触觉神经系统。', accent: 'violet', next: '分布式闭环与技术路线' },[39m
[2m17:10:32[22m [31m[1m[vite][22m[39m [31mInternal server error: D:\其他\研究生事务\综合考试\综合考试论文or博士论文模板\tactile-presentation-prototype\src\App.tsx: Expected corresponding JSX closing tag for <SlideFrame>. (183:4)

[0m [90m 181 |[31m       [33m<[31m[33m/[31m[33msection[31m[33m>[31m
 [90m 182 |[31m       [33m<[31m[33m/[31m[33mdiv[31m[33m>[31m
[31m[1m>[22m[31m[90m 183 |[31m     [33m<[31m[33m/[31m[33mdiv[31m[33m>[31m
 [90m     |[31m     [31m[1m^[22m[31m
 [90m 184 |[31m     [33m<[31m[33m/[31m[33mSlideFrame[31m[33m>[31m
 [90m 185 |[31m   )
 [90m 186 |[31m }[0m[39m
  Plugin: [35mvite:react-babel[39m
  File: [36mD:/其他/研究生事务/综合考试/综合考试论文or博士论文模板/tactile-presentation-prototype/src/App.tsx[39m:183:4
[33m  189|    const [active, setActive] = useState(0)
  190|    const routes = [
  191|      { n: '01', label: '感知技术版图', en: 'SENSING LANDSCAPE', title: '先回答：触觉如何被测量？', body: '按任务需求梳理不同感知范式，看到材料、结构与编码方式之间的边界。', accent: 'cyan', next: '传感器、传感范式与性能指标' },
     |                                                               ^
  192|      { n: '02', label: '感知 → 行动', en: 'FROM CONTACT TO ACTION', title: '再回答：信号如何变成行动？', body: '沿着接触、读出、组织、理解与控制，观察触觉如何和下游技术形成系统闭环。', accent: 'coral', next: '系统链路与综合应用场景' },
  193|      { n: '03', label: '未来展望', en: 'EMBODIED FUTURE', title: '最后回答：下一代系统长什么样？', body: '把感知、处理、理解、规划、控制统一为可计算、可交互、可演化的具身触觉神经系统。', accent: 'violet', next: '分布式闭环与技术路线' },[39m
      at constructor (D:\其他\研究生事务\综合考试\综合考试论文or博士论文模板\tactile-presentation-prototype\node_modules\@babel\parser\lib\index.js:369:19)
      at TypeScriptParserMixin.raise (D:\其他\研究生事务\综合考试\综合考试论文or博士论文模板\tactile-presentation-prototype\node_modules\@babel\parser\lib\index.js:6622:19)
      at TypeScriptParserMixin.jsxParseElementAt (D:\其他\研究生事务\综合考试\综合考试论文or博士论文模板\tactile-presentation-prototype\node_modules\@babel\parser\lib\index.js:4745:16)
      at TypeScriptParserMixin.jsxParseElement (D:\其他\研究生事务\综合考试\综合考试论文or博士论文模板\tactile-presentation-prototype\node_modules\@babel\parser\lib\index.js:4767:17)
      at TypeScriptParserMixin.parseExprAtom (D:\其他\研究生事务\综合考试\综合考试论文or博士论文模板\tactile-presentation-prototype\node_modules\@babel\parser\lib\index.js:4777:19)
      at TypeScriptParserMixin.parseExprSubscripts (D:\其他\研究生事务\综合考试\综合考试论文or博士论文模板\tactile-presentation-prototype\node_modules\@babel\parser\lib\index.js:11107:23)
      at TypeScriptParserMixin.parseUpdate (D:\其他\研究生事务\综合考试\综合考试论文or博士论文模板\tactile-presentation-prototype\node_modules\@babel\parser\lib\index.js:11092:21)
      at TypeScriptParserMixin.parseMaybeUnary (D:\其他\研究生事务\综合考试\综合考试论文or博士论文模板\tactile-presentation-prototype\node_modules\@babel\parser\lib\index.js:11072:23)
      at TypeScriptParserMixin.parseMaybeUnary (D:\其他\研究生事务\综合考试\综合考试论文or博士论文模板\tactile-presentation-prototype\node_modules\@babel\parser\lib\index.js:9860:18)
      at TypeScriptParserMixin.parseMaybeUnaryOrPrivate (D:\其他\研究生事务\综合考试\综合考试论文or博士论文模板\tactile-presentation-prototype\node_modules\@babel\parser\lib\index.js:10925:61)
      at TypeScriptParserMixin.parseExprOps (D:\其他\研究生事务\综合考试\综合考试论文or博士论文模板\tactile-presentation-prototype\node_modules\@babel\parser\lib\index.js:10930:23)
      at TypeScriptParserMixin.parseMaybeConditional (D:\其他\研究生事务\综合考试\综合考试论文or博士论文模板\tactile-presentation-prototype\node_modules\@babel\parser\lib\index.js:10907:23)
      at TypeScriptParserMixin.parseMaybeAssign (D:\其他\研究生事务\综合考试\综合考试论文or博士论文模板\tactile-presentation-prototype\node_modules\@babel\parser\lib\index.js:10857:21)
      at D:\其他\研究生事务\综合考试\综合考试论文or博士论文模板\tactile-presentation-prototype\node_modules\@babel\parser\lib\index.js:9798:39
      at TypeScriptParserMixin.tryParse (D:\其他\研究生事务\综合考试\综合考试论文or博士论文模板\tactile-presentation-prototype\node_modules\@babel\parser\lib\index.js:6930:20)
      at TypeScriptParserMixin.parseMaybeAssign (D:\其他\研究生事务\综合考试\综合考试论文or博士论文模板\tactile-presentation-prototype\node_modules\@babel\parser\lib\index.js:9798:18)
      at D:\其他\研究生事务\综合考试\综合考试论文or博士论文模板\tactile-presentation-prototype\node_modules\@babel\parser\lib\index.js:10826:39
      at TypeScriptParserMixin.allowInAnd (D:\其他\研究生事务\综合考试\综合考试论文or博士论文模板\tactile-presentation-prototype\node_modules\@babel\parser\lib\index.js:12460:12)
      at TypeScriptParserMixin.parseMaybeAssignAllowIn (D:\其他\研究生事务\综合考试\综合考试论文or博士论文模板\tactile-presentation-prototype\node_modules\@babel\parser\lib\index.js:10826:17)
      at TypeScriptParserMixin.parseMaybeAssignAllowInOrVoidPattern (D:\其他\研究生事务\综合考试\综合考试论文or博士论文模板\tactile-presentation-prototype\node_modules\@babel\parser\lib\index.js:12527:17)
      at TypeScriptParserMixin.parseParenAndDistinguishExpression (D:\其他\研究生事务\综合考试\综合考试论文or博士论文模板\tactile-presentation-prototype\node_modules\@babel\parser\lib\index.js:11706:28)
      at TypeScriptParserMixin.parseExprAtom (D:\其他\研究生事务\综合考试\综合考试论文or博士论文模板\tactile-presentation-prototype\node_modules\@babel\parser\lib\index.js:11362:23)
      at TypeScriptParserMixin.parseExprAtom (D:\其他\研究生事务\综合考试\综合考试论文or博士论文模板\tactile-presentation-prototype\node_modules\@babel\parser\lib\index.js:4782:20)
      at TypeScriptParserMixin.parseExprSubscripts (D:\其他\研究生事务\综合考试\综合考试论文or博士论文模板\tactile-presentation-prototype\node_modules\@babel\parser\lib\index.js:11107:23)
      at TypeScriptParserMixin.parseUpdate (D:\其他\研究生事务\综合考试\综合考试论文or博士论文模板\tactile-presentation-prototype\node_modules\@babel\parser\lib\index.js:11092:21)
      at TypeScriptParserMixin.parseMaybeUnary (D:\其他\研究生事务\综合考试\综合考试论文or博士论文模板\tactile-presentation-prototype\node_modules\@babel\parser\lib\index.js:11072:23)
      at TypeScriptParserMixin.parseMaybeUnary (D:\其他\研究生事务\综合考试\综合考试论文or博士论文模板\tactile-presentation-prototype\node_modules\@babel\parser\lib\index.js:9860:18)
      at TypeScriptParserMixin.parseMaybeUnaryOrPrivate (D:\其他\研究生事务\综合考试\综合考试论文or博士论文模板\tactile-presentation-prototype\node_modules\@babel\parser\lib\index.js:10925:61)
      at TypeScriptParserMixin.parseExprOps (D:\其他\研究生事务\综合考试\综合考试论文or博士论文模板\tactile-presentation-prototype\node_modules\@babel\parser\lib\index.js:10930:23)
      at TypeScriptParserMixin.parseMaybeConditional (D:\其他\研究生事务\综合考试\综合考试论文or博士论文模板\tactile-presentation-prototype\node_modules\@babel\parser\lib\index.js:10907:23)
      at TypeScriptParserMixin.parseMaybeAssign (D:\其他\研究生事务\综合考试\综合考试论文or博士论文模板\tactile-presentation-prototype\node_modules\@babel\parser\lib\index.js:10857:21)
      at TypeScriptParserMixin.parseMaybeAssign (D:\其他\研究生事务\综合考试\综合考试论文or博士论文模板\tactile-presentation-prototype\node_modules\@babel\parser\lib\index.js:9809:20)
      at TypeScriptParserMixin.parseExpressionBase (D:\其他\研究生事务\综合考试\综合考试论文or博士论文模板\tactile-presentation-prototype\node_modules\@babel\parser\lib\index.js:10810:23)
      at D:\其他\研究生事务\综合考试\综合考试论文or博士论文模板\tactile-presentation-prototype\node_modules\@babel\parser\lib\index.js:10806:39
      at TypeScriptParserMixin.allowInAnd (D:\其他\研究生事务\综合考试\综合考试论文or博士论文模板\tactile-presentation-prototype\node_modules\@babel\parser\lib\index.js:12455:16)
      at TypeScriptParserMixin.parseExpression (D:\其他\研究生事务\综合考试\综合考试论文or博士论文模板\tactile-presentation-prototype\node_modules\@babel\parser\lib\index.js:10806:17)
      at TypeScriptParserMixin.parseReturnStatement (D:\其他\研究生事务\综合考试\综合考试论文or博士论文模板\tactile-presentation-prototype\node_modules\@babel\parser\lib\index.js:13176:28)
      at TypeScriptParserMixin.parseStatementContent (D:\其他\研究生事务\综合考试\综合考试论文or博士论文模板\tactile-presentation-prototype\node_modules\@babel\parser\lib\index.js:12832:21)
      at TypeScriptParserMixin.parseStatementContent (D:\其他\研究生事务\综合考试\综合考试论文or博士论文模板\tactile-presentation-prototype\node_modules\@babel\parser\lib\index.js:9531:18)
      at TypeScriptParserMixin.parseStatementLike (D:\其他\研究生事务\综合考试\综合考试论文or博士论文模板\tactile-presentation-prototype\node_modules\@babel\parser\lib\index.js:12801:17)
      at TypeScriptParserMixin.parseStatementListItem (D:\其他\研究生事务\综合考试\综合考试论文or博士论文模板\tactile-presentation-prototype\node_modules\@babel\parser\lib\index.js:12781:17)
      at TypeScriptParserMixin.parseBlockOrModuleBlockBody (D:\其他\研究生事务\综合考试\综合考试论文or博士论文模板\tactile-presentation-prototype\node_modules\@babel\parser\lib\index.js:13350:61)
      at TypeScriptParserMixin.parseBlockBody (D:\其他\研究生事务\综合考试\综合考试论文or博士论文模板\tactile-presentation-prototype\node_modules\@babel\parser\lib\index.js:13343:10)
      at TypeScriptParserMixin.parseBlock (D:\其他\研究生事务\综合考试\综合考试论文or博士论文模板\tactile-presentation-prototype\node_modules\@babel\parser\lib\index.js:13331:10)
      at TypeScriptParserMixin.parseFunctionBody (D:\其他\研究生事务\综合考试\综合考试论文or博士论文模板\tactile-presentation-prototype\node_modules\@babel\parser\lib\index.js:12134:24)
      at TypeScriptParserMixin.parseFunctionBodyAndFinish (D:\其他\研究生事务\综合考试\综合考试论文or博士论文模板\tactile-presentation-prototype\node_modules\@babel\parser\lib\index.js:12120:10)
      at TypeScriptParserMixin.parseFunctionBodyAndFinish (D:\其他\研究生事务\综合考试\综合考试论文or博士论文模板\tactile-presentation-prototype\node_modules\@babel\parser\lib\index.js:9195:18)
      at D:\其他\研究生事务\综合考试\综合考试论文or博士论文模板\tactile-presentation-prototype\node_modules\@babel\parser\lib\index.js:13479:12
      at TypeScriptParserMixin.withSmartMixTopicForbiddingContext (D:\其他\研究生事务\综合考试\综合考试论文or博士论文模板\tactile-presentation-prototype\node_modules\@babel\parser\lib\index.js:12437:14)
      at TypeScriptParserMixin.parseFunction (D:\其他\研究生事务\综合考试\综合考试论文or博士论文模板\tactile-presentation-prototype\node_modules\@babel\parser\lib\index.js:13478:10)
[2m17:10:38[22m [31m[1m[vite][22m[39m [31mInternal server error: D:\其他\研究生事务\综合考试\综合考试论文or博士论文模板\tactile-presentation-prototype\src\App.tsx: Expected corresponding JSX closing tag for <SlideFrame>. (183:4)

[0m [90m 181 |[31m       [33m<[31m[33m/[31m[33msection[31m[33m>[31m
 [90m 182 |[31m       [33m<[31m[33m/[31m[33mdiv[31m[33m>[31m
[31m[1m>[22m[31m[90m 183 |[31m     [33m<[31m[33m/[31m[33mdiv[31m[33m>[31m
 [90m     |[31m     [31m[1m^[22m[31m
 [90m 184 |[31m     [33m<[31m[33m/[31m[33mSlideFrame[31m[33m>[31m
 [90m 185 |[31m   )
 [90m 186 |[31m }[0m[39m
  Plugin: [35mvite:react-babel[39m
  File: [36mD:/其他/研究生事务/综合考试/综合考试论文or博士论文模板/tactile-presentation-prototype/src/App.tsx[39m:183:4
[33m  189|    const [active, setActive] = useState(0)
  190|    const routes = [
  191|      { n: '01', label: '感知技术版图', en: 'SENSING LANDSCAPE', title: '先回答：触觉如何被测量？', body: '按任务需求梳理不同感知范式，看到材料、结构与编码方式之间的边界。', accent: 'cyan', next: '传感器、传感范式与性能指标' },
     |                                                               ^
  192|      { n: '02', label: '感知 → 行动', en: 'FROM CONTACT TO ACTION', title: '再回答：信号如何变成行动？', body: '沿着接触、读出、组织、理解与控制，观察触觉如何和下游技术形成系统闭环。', accent: 'coral', next: '系统链路与综合应用场景' },
  193|      { n: '03', label: '未来展望', en: 'EMBODIED FUTURE', title: '最后回答：下一代系统长什么样？', body: '把感知、处理、理解、规划、控制统一为可计算、可交互、可演化的具身触觉神经系统。', accent: 'violet', next: '分布式闭环与技术路线' },[39m
      at constructor (D:\其他\研究生事务\综合考试\综合考试论文or博士论文模板\tactile-presentation-prototype\node_modules\@babel\parser\lib\index.js:369:19)
      at TypeScriptParserMixin.raise (D:\其他\研究生事务\综合考试\综合考试论文or博士论文模板\tactile-presentation-prototype\node_modules\@babel\parser\lib\index.js:6622:19)
      at TypeScriptParserMixin.jsxParseElementAt (D:\其他\研究生事务\综合考试\综合考试论文or博士论文模板\tactile-presentation-prototype\node_modules\@babel\parser\lib\index.js:4745:16)
      at TypeScriptParserMixin.jsxParseElement (D:\其他\研究生事务\综合考试\综合考试论文or博士论文模板\tactile-presentation-prototype\node_modules\@babel\parser\lib\index.js:4767:17)
      at TypeScriptParserMixin.parseExprAtom (D:\其他\研究生事务\综合考试\综合考试论文or博士论文模板\tactile-presentation-prototype\node_modules\@babel\parser\lib\index.js:4777:19)
      at TypeScriptParserMixin.parseExprSubscripts (D:\其他\研究生事务\综合考试\综合考试论文or博士论文模板\tactile-presentation-prototype\node_modules\@babel\parser\lib\index.js:11107:23)
      at TypeScriptParserMixin.parseUpdate (D:\其他\研究生事务\综合考试\综合考试论文or博士论文模板\tactile-presentation-prototype\node_modules\@babel\parser\lib\index.js:11092:21)
      at TypeScriptParserMixin.parseMaybeUnary (D:\其他\研究生事务\综合考试\综合考试论文or博士论文模板\tactile-presentation-prototype\node_modules\@babel\parser\lib\index.js:11072:23)
      at TypeScriptParserMixin.parseMaybeUnary (D:\其他\研究生事务\综合考试\综合考试论文or博士论文模板\tactile-presentation-prototype\node_modules\@babel\parser\lib\index.js:9860:18)
      at TypeScriptParserMixin.parseMaybeUnaryOrPrivate (D:\其他\研究生事务\综合考试\综合考试论文or博士论文模板\tactile-presentation-prototype\node_modules\@babel\parser\lib\index.js:10925:61)
      at TypeScriptParserMixin.parseExprOps (D:\其他\研究生事务\综合考试\综合考试论文or博士论文模板\tactile-presentation-prototype\node_modules\@babel\parser\lib\index.js:10930:23)
      at TypeScriptParserMixin.parseMaybeConditional (D:\其他\研究生事务\综合考试\综合考试论文or博士论文模板\tactile-presentation-prototype\node_modules\@babel\parser\lib\index.js:10907:23)
      at TypeScriptParserMixin.parseMaybeAssign (D:\其他\研究生事务\综合考试\综合考试论文or博士论文模板\tactile-presentation-prototype\node_modules\@babel\parser\lib\index.js:10857:21)
      at D:\其他\研究生事务\综合考试\综合考试论文or博士论文模板\tactile-presentation-prototype\node_modules\@babel\parser\lib\index.js:9798:39
      at TypeScriptParserMixin.tryParse (D:\其他\研究生事务\综合考试\综合考试论文or博士论文模板\tactile-presentation-prototype\node_modules\@babel\parser\lib\index.js:6930:20)
      at TypeScriptParserMixin.parseMaybeAssign (D:\其他\研究生事务\综合考试\综合考试论文or博士论文模板\tactile-presentation-prototype\node_modules\@babel\parser\lib\index.js:9798:18)
      at D:\其他\研究生事务\综合考试\综合考试论文or博士论文模板\tactile-presentation-prototype\node_modules\@babel\parser\lib\index.js:10826:39
      at TypeScriptParserMixin.allowInAnd (D:\其他\研究生事务\综合考试\综合考试论文or博士论文模板\tactile-presentation-prototype\node_modules\@babel\parser\lib\index.js:12460:12)
      at TypeScriptParserMixin.parseMaybeAssignAllowIn (D:\其他\研究生事务\综合考试\综合考试论文or博士论文模板\tactile-presentation-prototype\node_modules\@babel\parser\lib\index.js:10826:17)
      at TypeScriptParserMixin.parseMaybeAssignAllowInOrVoidPattern (D:\其他\研究生事务\综合考试\综合考试论文or博士论文模板\tactile-presentation-prototype\node_modules\@babel\parser\lib\index.js:12527:17)
      at TypeScriptParserMixin.parseParenAndDistinguishExpression (D:\其他\研究生事务\综合考试\综合考试论文or博士论文模板\tactile-presentation-prototype\node_modules\@babel\parser\lib\index.js:11706:28)
      at TypeScriptParserMixin.parseExprAtom (D:\其他\研究生事务\综合考试\综合考试论文or博士论文模板\tactile-presentation-prototype\node_modules\@babel\parser\lib\index.js:11362:23)
      at TypeScriptParserMixin.parseExprAtom (D:\其他\研究生事务\综合考试\综合考试论文or博士论文模板\tactile-presentation-prototype\node_modules\@babel\parser\lib\index.js:4782:20)
      at TypeScriptParserMixin.parseExprSubscripts (D:\其他\研究生事务\综合考试\综合考试论文or博士论文模板\tactile-presentation-prototype\node_modules\@babel\parser\lib\index.js:11107:23)
      at TypeScriptParserMixin.parseUpdate (D:\其他\研究生事务\综合考试\综合考试论文or博士论文模板\tactile-presentation-prototype\node_modules\@babel\parser\lib\index.js:11092:21)
      at TypeScriptParserMixin.parseMaybeUnary (D:\其他\研究生事务\综合考试\综合考试论文or博士论文模板\tactile-presentation-prototype\node_modules\@babel\parser\lib\index.js:11072:23)
      at TypeScriptParserMixin.parseMaybeUnary (D:\其他\研究生事务\综合考试\综合考试论文or博士论文模板\tactile-presentation-prototype\node_modules\@babel\parser\lib\index.js:9860:18)
      at TypeScriptParserMixin.parseMaybeUnaryOrPrivate (D:\其他\研究生事务\综合考试\综合考试论文or博士论文模板\tactile-presentation-prototype\node_modules\@babel\parser\lib\index.js:10925:61)
      at TypeScriptParserMixin.parseExprOps (D:\其他\研究生事务\综合考试\综合考试论文or博士论文模板\tactile-presentation-prototype\node_modules\@babel\parser\lib\index.js:10930:23)
      at TypeScriptParserMixin.parseMaybeConditional (D:\其他\研究生事务\综合考试\综合考试论文or博士论文模板\tactile-presentation-prototype\node_modules\@babel\parser\lib\index.js:10907:23)
      at TypeScriptParserMixin.parseMaybeAssign (D:\其他\研究生事务\综合考试\综合考试论文or博士论文模板\tactile-presentation-prototype\node_modules\@babel\parser\lib\index.js:10857:21)
      at TypeScriptParserMixin.parseMaybeAssign (D:\其他\研究生事务\综合考试\综合考试论文or博士论文模板\tactile-presentation-prototype\node_modules\@babel\parser\lib\index.js:9809:20)
      at TypeScriptParserMixin.parseExpressionBase (D:\其他\研究生事务\综合考试\综合考试论文or博士论文模板\tactile-presentation-prototype\node_modules\@babel\parser\lib\index.js:10810:23)
      at D:\其他\研究生事务\综合考试\综合考试论文or博士论文模板\tactile-presentation-prototype\node_modules\@babel\parser\lib\index.js:10806:39
      at TypeScriptParserMixin.allowInAnd (D:\其他\研究生事务\综合考试\综合考试论文or博士论文模板\tactile-presentation-prototype\node_modules\@babel\parser\lib\index.js:12455:16)
      at TypeScriptParserMixin.parseExpression (D:\其他\研究生事务\综合考试\综合考试论文or博士论文模板\tactile-presentation-prototype\node_modules\@babel\parser\lib\index.js:10806:17)
      at TypeScriptParserMixin.parseReturnStatement (D:\其他\研究生事务\综合考试\综合考试论文or博士论文模板\tactile-presentation-prototype\node_modules\@babel\parser\lib\index.js:13176:28)
      at TypeScriptParserMixin.parseStatementContent (D:\其他\研究生事务\综合考试\综合考试论文or博士论文模板\tactile-presentation-prototype\node_modules\@babel\parser\lib\index.js:12832:21)
      at TypeScriptParserMixin.parseStatementContent (D:\其他\研究生事务\综合考试\综合考试论文or博士论文模板\tactile-presentation-prototype\node_modules\@babel\parser\lib\index.js:9531:18)
      at TypeScriptParserMixin.parseStatementLike (D:\其他\研究生事务\综合考试\综合考试论文or博士论文模板\tactile-presentation-prototype\node_modules\@babel\parser\lib\index.js:12801:17)
      at TypeScriptParserMixin.parseStatementListItem (D:\其他\研究生事务\综合考试\综合考试论文or博士论文模板\tactile-presentation-prototype\node_modules\@babel\parser\lib\index.js:12781:17)
      at TypeScriptParserMixin.parseBlockOrModuleBlockBody (D:\其他\研究生事务\综合考试\综合考试论文or博士论文模板\tactile-presentation-prototype\node_modules\@babel\parser\lib\index.js:13350:61)
      at TypeScriptParserMixin.parseBlockBody (D:\其他\研究生事务\综合考试\综合考试论文or博士论文模板\tactile-presentation-prototype\node_modules\@babel\parser\lib\index.js:13343:10)
      at TypeScriptParserMixin.parseBlock (D:\其他\研究生事务\综合考试\综合考试论文or博士论文模板\tactile-presentation-prototype\node_modules\@babel\parser\lib\index.js:13331:10)
      at TypeScriptParserMixin.parseFunctionBody (D:\其他\研究生事务\综合考试\综合考试论文or博士论文模板\tactile-presentation-prototype\node_modules\@babel\parser\lib\index.js:12134:24)
      at TypeScriptParserMixin.parseFunctionBodyAndFinish (D:\其他\研究生事务\综合考试\综合考试论文or博士论文模板\tactile-presentation-prototype\node_modules\@babel\parser\lib\index.js:12120:10)
      at TypeScriptParserMixin.parseFunctionBodyAndFinish (D:\其他\研究生事务\综合考试\综合考试论文or博士论文模板\tactile-presentation-prototype\node_modules\@babel\parser\lib\index.js:9195:18)
      at D:\其他\研究生事务\综合考试\综合考试论文or博士论文模板\tactile-presentation-prototype\node_modules\@babel\parser\lib\index.js:13479:12
      at TypeScriptParserMixin.withSmartMixTopicForbiddingContext (D:\其他\研究生事务\综合考试\综合考试论文or博士论文模板\tactile-presentation-prototype\node_modules\@babel\parser\lib\index.js:12437:14)
      at TypeScriptParserMixin.parseFunction (D:\其他\研究生事务\综合考试\综合考试论文or博士论文模板\tactile-presentation-prototype\node_modules\@babel\parser\lib\index.js:13478:10)
[2m17:10:53[22m [31m[1m[vite][22m[39m [31mInternal server error: D:\其他\研究生事务\综合考试\综合考试论文or博士论文模板\tactile-presentation-prototype\src\App.tsx: Expected corresponding JSX closing tag for <SlideFrame>. (183:4)

[0m [90m 181 |[31m       [33m<[31m[33m/[31m[33msection[31m[33m>[31m
 [90m 182 |[31m       [33m<[31m[33m/[31m[33mdiv[31m[33m>[31m
[31m[1m>[22m[31m[90m 183 |[31m     [33m<[31m[33m/[31m[33mdiv[31m[33m>[31m
 [90m     |[31m     [31m[1m^[22m[31m
 [90m 184 |[31m     [33m<[31m[33m/[31m[33mSlideFrame[31m[33m>[31m
 [90m 185 |[31m   )
 [90m 186 |[31m }[0m[39m
  Plugin: [35mvite:react-babel[39m
  File: [36mD:/其他/研究生事务/综合考试/综合考试论文or博士论文模板/tactile-presentation-prototype/src/App.tsx[39m:183:4
[33m  189|    const [active, setActive] = useState(0)
  190|    const routes = [
  191|      { n: '01', label: '感知技术版图', en: 'SENSING LANDSCAPE', title: '先回答：触觉如何被测量？', body: '按任务需求梳理不同感知范式，看到材料、结构与编码方式之间的边界。', accent: 'cyan', next: '传感器、传感范式与性能指标' },
     |                                                               ^
  192|      { n: '02', label: '感知 → 行动', en: 'FROM CONTACT TO ACTION', title: '再回答：信号如何变成行动？', body: '沿着接触、读出、组织、理解与控制，观察触觉如何和下游技术形成系统闭环。', accent: 'coral', next: '系统链路与综合应用场景' },
  193|      { n: '03', label: '未来展望', en: 'EMBODIED FUTURE', title: '最后回答：下一代系统长什么样？', body: '把感知、处理、理解、规划、控制统一为可计算、可交互、可演化的具身触觉神经系统。', accent: 'violet', next: '分布式闭环与技术路线' },[39m
      at constructor (D:\其他\研究生事务\综合考试\综合考试论文or博士论文模板\tactile-presentation-prototype\node_modules\@babel\parser\lib\index.js:369:19)
      at TypeScriptParserMixin.raise (D:\其他\研究生事务\综合考试\综合考试论文or博士论文模板\tactile-presentation-prototype\node_modules\@babel\parser\lib\index.js:6622:19)
      at TypeScriptParserMixin.jsxParseElementAt (D:\其他\研究生事务\综合考试\综合考试论文or博士论文模板\tactile-presentation-prototype\node_modules\@babel\parser\lib\index.js:4745:16)
      at TypeScriptParserMixin.jsxParseElement (D:\其他\研究生事务\综合考试\综合考试论文or博士论文模板\tactile-presentation-prototype\node_modules\@babel\parser\lib\index.js:4767:17)
      at TypeScriptParserMixin.parseExprAtom (D:\其他\研究生事务\综合考试\综合考试论文or博士论文模板\tactile-presentation-prototype\node_modules\@babel\parser\lib\index.js:4777:19)
      at TypeScriptParserMixin.parseExprSubscripts (D:\其他\研究生事务\综合考试\综合考试论文or博士论文模板\tactile-presentation-prototype\node_modules\@babel\parser\lib\index.js:11107:23)
      at TypeScriptParserMixin.parseUpdate (D:\其他\研究生事务\综合考试\综合考试论文or博士论文模板\tactile-presentation-prototype\node_modules\@babel\parser\lib\index.js:11092:21)
      at TypeScriptParserMixin.parseMaybeUnary (D:\其他\研究生事务\综合考试\综合考试论文or博士论文模板\tactile-presentation-prototype\node_modules\@babel\parser\lib\index.js:11072:23)
      at TypeScriptParserMixin.parseMaybeUnary (D:\其他\研究生事务\综合考试\综合考试论文or博士论文模板\tactile-presentation-prototype\node_modules\@babel\parser\lib\index.js:9860:18)
      at TypeScriptParserMixin.parseMaybeUnaryOrPrivate (D:\其他\研究生事务\综合考试\综合考试论文or博士论文模板\tactile-presentation-prototype\node_modules\@babel\parser\lib\index.js:10925:61)
      at TypeScriptParserMixin.parseExprOps (D:\其他\研究生事务\综合考试\综合考试论文or博士论文模板\tactile-presentation-prototype\node_modules\@babel\parser\lib\index.js:10930:23)
      at TypeScriptParserMixin.parseMaybeConditional (D:\其他\研究生事务\综合考试\综合考试论文or博士论文模板\tactile-presentation-prototype\node_modules\@babel\parser\lib\index.js:10907:23)
      at TypeScriptParserMixin.parseMaybeAssign (D:\其他\研究生事务\综合考试\综合考试论文or博士论文模板\tactile-presentation-prototype\node_modules\@babel\parser\lib\index.js:10857:21)
      at D:\其他\研究生事务\综合考试\综合考试论文or博士论文模板\tactile-presentation-prototype\node_modules\@babel\parser\lib\index.js:9798:39
      at TypeScriptParserMixin.tryParse (D:\其他\研究生事务\综合考试\综合考试论文or博士论文模板\tactile-presentation-prototype\node_modules\@babel\parser\lib\index.js:6930:20)
      at TypeScriptParserMixin.parseMaybeAssign (D:\其他\研究生事务\综合考试\综合考试论文or博士论文模板\tactile-presentation-prototype\node_modules\@babel\parser\lib\index.js:9798:18)
      at D:\其他\研究生事务\综合考试\综合考试论文or博士论文模板\tactile-presentation-prototype\node_modules\@babel\parser\lib\index.js:10826:39
      at TypeScriptParserMixin.allowInAnd (D:\其他\研究生事务\综合考试\综合考试论文or博士论文模板\tactile-presentation-prototype\node_modules\@babel\parser\lib\index.js:12460:12)
      at TypeScriptParserMixin.parseMaybeAssignAllowIn (D:\其他\研究生事务\综合考试\综合考试论文or博士论文模板\tactile-presentation-prototype\node_modules\@babel\parser\lib\index.js:10826:17)
      at TypeScriptParserMixin.parseMaybeAssignAllowInOrVoidPattern (D:\其他\研究生事务\综合考试\综合考试论文or博士论文模板\tactile-presentation-prototype\node_modules\@babel\parser\lib\index.js:12527:17)
      at TypeScriptParserMixin.parseParenAndDistinguishExpression (D:\其他\研究生事务\综合考试\综合考试论文or博士论文模板\tactile-presentation-prototype\node_modules\@babel\parser\lib\index.js:11706:28)
      at TypeScriptParserMixin.parseExprAtom (D:\其他\研究生事务\综合考试\综合考试论文or博士论文模板\tactile-presentation-prototype\node_modules\@babel\parser\lib\index.js:11362:23)
      at TypeScriptParserMixin.parseExprAtom (D:\其他\研究生事务\综合考试\综合考试论文or博士论文模板\tactile-presentation-prototype\node_modules\@babel\parser\lib\index.js:4782:20)
      at TypeScriptParserMixin.parseExprSubscripts (D:\其他\研究生事务\综合考试\综合考试论文or博士论文模板\tactile-presentation-prototype\node_modules\@babel\parser\lib\index.js:11107:23)
      at TypeScriptParserMixin.parseUpdate (D:\其他\研究生事务\综合考试\综合考试论文or博士论文模板\tactile-presentation-prototype\node_modules\@babel\parser\lib\index.js:11092:21)
      at TypeScriptParserMixin.parseMaybeUnary (D:\其他\研究生事务\综合考试\综合考试论文or博士论文模板\tactile-presentation-prototype\node_modules\@babel\parser\lib\index.js:11072:23)
      at TypeScriptParserMixin.parseMaybeUnary (D:\其他\研究生事务\综合考试\综合考试论文or博士论文模板\tactile-presentation-prototype\node_modules\@babel\parser\lib\index.js:9860:18)
      at TypeScriptParserMixin.parseMaybeUnaryOrPrivate (D:\其他\研究生事务\综合考试\综合考试论文or博士论文模板\tactile-presentation-prototype\node_modules\@babel\parser\lib\index.js:10925:61)
      at TypeScriptParserMixin.parseExprOps (D:\其他\研究生事务\综合考试\综合考试论文or博士论文模板\tactile-presentation-prototype\node_modules\@babel\parser\lib\index.js:10930:23)
      at TypeScriptParserMixin.parseMaybeConditional (D:\其他\研究生事务\综合考试\综合考试论文or博士论文模板\tactile-presentation-prototype\node_modules\@babel\parser\lib\index.js:10907:23)
      at TypeScriptParserMixin.parseMaybeAssign (D:\其他\研究生事务\综合考试\综合考试论文or博士论文模板\tactile-presentation-prototype\node_modules\@babel\parser\lib\index.js:10857:21)
      at TypeScriptParserMixin.parseMaybeAssign (D:\其他\研究生事务\综合考试\综合考试论文or博士论文模板\tactile-presentation-prototype\node_modules\@babel\parser\lib\index.js:9809:20)
      at TypeScriptParserMixin.parseExpressionBase (D:\其他\研究生事务\综合考试\综合考试论文or博士论文模板\tactile-presentation-prototype\node_modules\@babel\parser\lib\index.js:10810:23)
      at D:\其他\研究生事务\综合考试\综合考试论文or博士论文模板\tactile-presentation-prototype\node_modules\@babel\parser\lib\index.js:10806:39
      at TypeScriptParserMixin.allowInAnd (D:\其他\研究生事务\综合考试\综合考试论文or博士论文模板\tactile-presentation-prototype\node_modules\@babel\parser\lib\index.js:12455:16)
      at TypeScriptParserMixin.parseExpression (D:\其他\研究生事务\综合考试\综合考试论文or博士论文模板\tactile-presentation-prototype\node_modules\@babel\parser\lib\index.js:10806:17)
      at TypeScriptParserMixin.parseReturnStatement (D:\其他\研究生事务\综合考试\综合考试论文or博士论文模板\tactile-presentation-prototype\node_modules\@babel\parser\lib\index.js:13176:28)
      at TypeScriptParserMixin.parseStatementContent (D:\其他\研究生事务\综合考试\综合考试论文or博士论文模板\tactile-presentation-prototype\node_modules\@babel\parser\lib\index.js:12832:21)
      at TypeScriptParserMixin.parseStatementContent (D:\其他\研究生事务\综合考试\综合考试论文or博士论文模板\tactile-presentation-prototype\node_modules\@babel\parser\lib\index.js:9531:18)
      at TypeScriptParserMixin.parseStatementLike (D:\其他\研究生事务\综合考试\综合考试论文or博士论文模板\tactile-presentation-prototype\node_modules\@babel\parser\lib\index.js:12801:17)
      at TypeScriptParserMixin.parseStatementListItem (D:\其他\研究生事务\综合考试\综合考试论文or博士论文模板\tactile-presentation-prototype\node_modules\@babel\parser\lib\index.js:12781:17)
      at TypeScriptParserMixin.parseBlockOrModuleBlockBody (D:\其他\研究生事务\综合考试\综合考试论文or博士论文模板\tactile-presentation-prototype\node_modules\@babel\parser\lib\index.js:13350:61)
      at TypeScriptParserMixin.parseBlockBody (D:\其他\研究生事务\综合考试\综合考试论文or博士论文模板\tactile-presentation-prototype\node_modules\@babel\parser\lib\index.js:13343:10)
      at TypeScriptParserMixin.parseBlock (D:\其他\研究生事务\综合考试\综合考试论文or博士论文模板\tactile-presentation-prototype\node_modules\@babel\parser\lib\index.js:13331:10)
      at TypeScriptParserMixin.parseFunctionBody (D:\其他\研究生事务\综合考试\综合考试论文or博士论文模板\tactile-presentation-prototype\node_modules\@babel\parser\lib\index.js:12134:24)
      at TypeScriptParserMixin.parseFunctionBodyAndFinish (D:\其他\研究生事务\综合考试\综合考试论文or博士论文模板\tactile-presentation-prototype\node_modules\@babel\parser\lib\index.js:12120:10)
      at TypeScriptParserMixin.parseFunctionBodyAndFinish (D:\其他\研究生事务\综合考试\综合考试论文or博士论文模板\tactile-presentation-prototype\node_modules\@babel\parser\lib\index.js:9195:18)
      at D:\其他\研究生事务\综合考试\综合考试论文or博士论文模板\tactile-presentation-prototype\node_modules\@babel\parser\lib\index.js:13479:12
      at TypeScriptParserMixin.withSmartMixTopicForbiddingContext (D:\其他\研究生事务\综合考试\综合考试论文or博士论文模板\tactile-presentation-prototype\node_modules\@babel\parser\lib\index.js:12437:14)
      at TypeScriptParserMixin.parseFunction (D:\其他\研究生事务\综合考试\综合考试论文or博士论文模板\tactile-presentation-prototype\node_modules\@babel\parser\lib\index.js:13478:10)
[2m17:10:57[22m [31m[1m[vite][22m[39m [31mInternal server error: D:\其他\研究生事务\综合考试\综合考试论文or博士论文模板\tactile-presentation-prototype\src\App.tsx: Expected corresponding JSX closing tag for <SlideFrame>. (183:4)

[0m [90m 181 |[31m       [33m<[31m[33m/[31m[33msection[31m[33m>[31m
 [90m 182 |[31m       [33m<[31m[33m/[31m[33mdiv[31m[33m>[31m
[31m[1m>[22m[31m[90m 183 |[31m     [33m<[31m[33m/[31m[33mdiv[31m[33m>[31m
 [90m     |[31m     [31m[1m^[22m[31m
 [90m 184 |[31m     [33m<[31m[33m/[31m[33mSlideFrame[31m[33m>[31m
 [90m 185 |[31m   )
 [90m 186 |[31m }[0m[39m
  Plugin: [35mvite:react-babel[39m
  File: [36mD:/其他/研究生事务/综合考试/综合考试论文or博士论文模板/tactile-presentation-prototype/src/App.tsx[39m:183:4
[33m  189|    const [active, setActive] = useState(0)
  190|    const routes = [
  191|      { n: '01', label: '感知技术版图', en: 'SENSING LANDSCAPE', title: '先回答：触觉如何被测量？', body: '按任务需求梳理不同感知范式，看到材料、结构与编码方式之间的边界。', accent: 'cyan', next: '传感器、传感范式与性能指标' },
     |                                                               ^
  192|      { n: '02', label: '感知 → 行动', en: 'FROM CONTACT TO ACTION', title: '再回答：信号如何变成行动？', body: '沿着接触、读出、组织、理解与控制，观察触觉如何和下游技术形成系统闭环。', accent: 'coral', next: '系统链路与综合应用场景' },
  193|      { n: '03', label: '未来展望', en: 'EMBODIED FUTURE', title: '最后回答：下一代系统长什么样？', body: '把感知、处理、理解、规划、控制统一为可计算、可交互、可演化的具身触觉神经系统。', accent: 'violet', next: '分布式闭环与技术路线' },[39m
      at constructor (D:\其他\研究生事务\综合考试\综合考试论文or博士论文模板\tactile-presentation-prototype\node_modules\@babel\parser\lib\index.js:369:19)
      at TypeScriptParserMixin.raise (D:\其他\研究生事务\综合考试\综合考试论文or博士论文模板\tactile-presentation-prototype\node_modules\@babel\parser\lib\index.js:6622:19)
      at TypeScriptParserMixin.jsxParseElementAt (D:\其他\研究生事务\综合考试\综合考试论文or博士论文模板\tactile-presentation-prototype\node_modules\@babel\parser\lib\index.js:4745:16)
      at TypeScriptParserMixin.jsxParseElement (D:\其他\研究生事务\综合考试\综合考试论文or博士论文模板\tactile-presentation-prototype\node_modules\@babel\parser\lib\index.js:4767:17)
      at TypeScriptParserMixin.parseExprAtom (D:\其他\研究生事务\综合考试\综合考试论文or博士论文模板\tactile-presentation-prototype\node_modules\@babel\parser\lib\index.js:4777:19)
      at TypeScriptParserMixin.parseExprSubscripts (D:\其他\研究生事务\综合考试\综合考试论文or博士论文模板\tactile-presentation-prototype\node_modules\@babel\parser\lib\index.js:11107:23)
      at TypeScriptParserMixin.parseUpdate (D:\其他\研究生事务\综合考试\综合考试论文or博士论文模板\tactile-presentation-prototype\node_modules\@babel\parser\lib\index.js:11092:21)
      at TypeScriptParserMixin.parseMaybeUnary (D:\其他\研究生事务\综合考试\综合考试论文or博士论文模板\tactile-presentation-prototype\node_modules\@babel\parser\lib\index.js:11072:23)
      at TypeScriptParserMixin.parseMaybeUnary (D:\其他\研究生事务\综合考试\综合考试论文or博士论文模板\tactile-presentation-prototype\node_modules\@babel\parser\lib\index.js:9860:18)
      at TypeScriptParserMixin.parseMaybeUnaryOrPrivate (D:\其他\研究生事务\综合考试\综合考试论文or博士论文模板\tactile-presentation-prototype\node_modules\@babel\parser\lib\index.js:10925:61)
      at TypeScriptParserMixin.parseExprOps (D:\其他\研究生事务\综合考试\综合考试论文or博士论文模板\tactile-presentation-prototype\node_modules\@babel\parser\lib\index.js:10930:23)
      at TypeScriptParserMixin.parseMaybeConditional (D:\其他\研究生事务\综合考试\综合考试论文or博士论文模板\tactile-presentation-prototype\node_modules\@babel\parser\lib\index.js:10907:23)
      at TypeScriptParserMixin.parseMaybeAssign (D:\其他\研究生事务\综合考试\综合考试论文or博士论文模板\tactile-presentation-prototype\node_modules\@babel\parser\lib\index.js:10857:21)
      at D:\其他\研究生事务\综合考试\综合考试论文or博士论文模板\tactile-presentation-prototype\node_modules\@babel\parser\lib\index.js:9798:39
      at TypeScriptParserMixin.tryParse (D:\其他\研究生事务\综合考试\综合考试论文or博士论文模板\tactile-presentation-prototype\node_modules\@babel\parser\lib\index.js:6930:20)
      at TypeScriptParserMixin.parseMaybeAssign (D:\其他\研究生事务\综合考试\综合考试论文or博士论文模板\tactile-presentation-prototype\node_modules\@babel\parser\lib\index.js:9798:18)
      at D:\其他\研究生事务\综合考试\综合考试论文or博士论文模板\tactile-presentation-prototype\node_modules\@babel\parser\lib\index.js:10826:39
      at TypeScriptParserMixin.allowInAnd (D:\其他\研究生事务\综合考试\综合考试论文or博士论文模板\tactile-presentation-prototype\node_modules\@babel\parser\lib\index.js:12460:12)
      at TypeScriptParserMixin.parseMaybeAssignAllowIn (D:\其他\研究生事务\综合考试\综合考试论文or博士论文模板\tactile-presentation-prototype\node_modules\@babel\parser\lib\index.js:10826:17)
      at TypeScriptParserMixin.parseMaybeAssignAllowInOrVoidPattern (D:\其他\研究生事务\综合考试\综合考试论文or博士论文模板\tactile-presentation-prototype\node_modules\@babel\parser\lib\index.js:12527:17)
      at TypeScriptParserMixin.parseParenAndDistinguishExpression (D:\其他\研究生事务\综合考试\综合考试论文or博士论文模板\tactile-presentation-prototype\node_modules\@babel\parser\lib\index.js:11706:28)
      at TypeScriptParserMixin.parseExprAtom (D:\其他\研究生事务\综合考试\综合考试论文or博士论文模板\tactile-presentation-prototype\node_modules\@babel\parser\lib\index.js:11362:23)
      at TypeScriptParserMixin.parseExprAtom (D:\其他\研究生事务\综合考试\综合考试论文or博士论文模板\tactile-presentation-prototype\node_modules\@babel\parser\lib\index.js:4782:20)
      at TypeScriptParserMixin.parseExprSubscripts (D:\其他\研究生事务\综合考试\综合考试论文or博士论文模板\tactile-presentation-prototype\node_modules\@babel\parser\lib\index.js:11107:23)
      at TypeScriptParserMixin.parseUpdate (D:\其他\研究生事务\综合考试\综合考试论文or博士论文模板\tactile-presentation-prototype\node_modules\@babel\parser\lib\index.js:11092:21)
      at TypeScriptParserMixin.parseMaybeUnary (D:\其他\研究生事务\综合考试\综合考试论文or博士论文模板\tactile-presentation-prototype\node_modules\@babel\parser\lib\index.js:11072:23)
      at TypeScriptParserMixin.parseMaybeUnary (D:\其他\研究生事务\综合考试\综合考试论文or博士论文模板\tactile-presentation-prototype\node_modules\@babel\parser\lib\index.js:9860:18)
      at TypeScriptParserMixin.parseMaybeUnaryOrPrivate (D:\其他\研究生事务\综合考试\综合考试论文or博士论文模板\tactile-presentation-prototype\node_modules\@babel\parser\lib\index.js:10925:61)
      at TypeScriptParserMixin.parseExprOps (D:\其他\研究生事务\综合考试\综合考试论文or博士论文模板\tactile-presentation-prototype\node_modules\@babel\parser\lib\index.js:10930:23)
      at TypeScriptParserMixin.parseMaybeConditional (D:\其他\研究生事务\综合考试\综合考试论文or博士论文模板\tactile-presentation-prototype\node_modules\@babel\parser\lib\index.js:10907:23)
      at TypeScriptParserMixin.parseMaybeAssign (D:\其他\研究生事务\综合考试\综合考试论文or博士论文模板\tactile-presentation-prototype\node_modules\@babel\parser\lib\index.js:10857:21)
      at TypeScriptParserMixin.parseMaybeAssign (D:\其他\研究生事务\综合考试\综合考试论文or博士论文模板\tactile-presentation-prototype\node_modules\@babel\parser\lib\index.js:9809:20)
      at TypeScriptParserMixin.parseExpressionBase (D:\其他\研究生事务\综合考试\综合考试论文or博士论文模板\tactile-presentation-prototype\node_modules\@babel\parser\lib\index.js:10810:23)
      at D:\其他\研究生事务\综合考试\综合考试论文or博士论文模板\tactile-presentation-prototype\node_modules\@babel\parser\lib\index.js:10806:39
      at TypeScriptParserMixin.allowInAnd (D:\其他\研究生事务\综合考试\综合考试论文or博士论文模板\tactile-presentation-prototype\node_modules\@babel\parser\lib\index.js:12455:16)
      at TypeScriptParserMixin.parseExpression (D:\其他\研究生事务\综合考试\综合考试论文or博士论文模板\tactile-presentation-prototype\node_modules\@babel\parser\lib\index.js:10806:17)
      at TypeScriptParserMixin.parseReturnStatement (D:\其他\研究生事务\综合考试\综合考试论文or博士论文模板\tactile-presentation-prototype\node_modules\@babel\parser\lib\index.js:13176:28)
      at TypeScriptParserMixin.parseStatementContent (D:\其他\研究生事务\综合考试\综合考试论文or博士论文模板\tactile-presentation-prototype\node_modules\@babel\parser\lib\index.js:12832:21)
      at TypeScriptParserMixin.parseStatementContent (D:\其他\研究生事务\综合考试\综合考试论文or博士论文模板\tactile-presentation-prototype\node_modules\@babel\parser\lib\index.js:9531:18)
      at TypeScriptParserMixin.parseStatementLike (D:\其他\研究生事务\综合考试\综合考试论文or博士论文模板\tactile-presentation-prototype\node_modules\@babel\parser\lib\index.js:12801:17)
      at TypeScriptParserMixin.parseStatementListItem (D:\其他\研究生事务\综合考试\综合考试论文or博士论文模板\tactile-presentation-prototype\node_modules\@babel\parser\lib\index.js:12781:17)
      at TypeScriptParserMixin.parseBlockOrModuleBlockBody (D:\其他\研究生事务\综合考试\综合考试论文or博士论文模板\tactile-presentation-prototype\node_modules\@babel\parser\lib\index.js:13350:61)
      at TypeScriptParserMixin.parseBlockBody (D:\其他\研究生事务\综合考试\综合考试论文or博士论文模板\tactile-presentation-prototype\node_modules\@babel\parser\lib\index.js:13343:10)
      at TypeScriptParserMixin.parseBlock (D:\其他\研究生事务\综合考试\综合考试论文or博士论文模板\tactile-presentation-prototype\node_modules\@babel\parser\lib\index.js:13331:10)
      at TypeScriptParserMixin.parseFunctionBody (D:\其他\研究生事务\综合考试\综合考试论文or博士论文模板\tactile-presentation-prototype\node_modules\@babel\parser\lib\index.js:12134:24)
      at TypeScriptParserMixin.parseFunctionBodyAndFinish (D:\其他\研究生事务\综合考试\综合考试论文or博士论文模板\tactile-presentation-prototype\node_modules\@babel\parser\lib\index.js:12120:10)
      at TypeScriptParserMixin.parseFunctionBodyAndFinish (D:\其他\研究生事务\综合考试\综合考试论文or博士论文模板\tactile-presentation-prototype\node_modules\@babel\parser\lib\index.js:9195:18)
      at D:\其他\研究生事务\综合考试\综合考试论文or博士论文模板\tactile-presentation-prototype\node_modules\@babel\parser\lib\index.js:13479:12
      at TypeScriptParserMixin.withSmartMixTopicForbiddingContext (D:\其他\研究生事务\综合考试\综合考试论文or博士论文模板\tactile-presentation-prototype\node_modules\@babel\parser\lib\index.js:12437:14)
      at TypeScriptParserMixin.parseFunction (D:\其他\研究生事务\综合考试\综合考试论文or博士论文模板\tactile-presentation-prototype\node_modules\@babel\parser\lib\index.js:13478:10)
[2m17:13:00[22m [36m[1m[vite][22m[39m [90m[2m(client)[22m[39m [32mhmr update [39m[2m/src/App.tsx[22m
[2m17:13:00[22m [31m[1m[vite][22m[39m [31mInternal server error: D:\其他\研究生事务\综合考试\综合考试论文or博士论文模板\tactile-presentation-prototype\src\App.tsx: Expected corresponding JSX closing tag for <div>. (991:2)

[0m [90m 989 |[31m         [33m<[31m[33m/[31m[33msection[31m[33m>[31m
 [90m 990 |[31m     [33m<[31m[33m/[31m[33mdiv[31m[33m>[31m
[31m[1m>[22m[31m[90m 991 |[31m   [33m<[31m[33m/[31m[33mSlideFrame[31m[33m>[31m
 [90m     |[31m   [31m[1m^[22m[31m
 [90m 992 |[31m }
 [90m 993 |[31m
 [90m 994 |[31m [36mconst[31m renderers [33m=[31m [[33mValueSlide[31m[33m,[31m [33mUniquenessSlide[31m[33m,[31m [33mFrontierSlide[31m[33m,[31m [33mOutlineSlide[31m[33m,[31m [33mTactileContentSlide[31m[33m,[31m [33mSensorMapSlide[31m[33m,[31m [33mPipelineSlide[31m[33m,[31m [33mFusionSlide[31m[33m,[31m [33mTaskValueSlide[31m[33m,[31m [33mChallengeSlide[31m[33m,[31m [33mFutureSlide[31m[33m,[31m [33mFutureCapabilitySlide[31m[33m,[31m [33mFutureEdgeSlide[31m[33m,[31m [33mFutureBrainSlide[31m[33m,[31m [33mFutureDynamicSlide[31m[33m,[31m [33mFutureSocialSlide[31m][0m[39m
  Plugin: [35mvite:react-babel[39m
  File: [36mD:/其他/研究生事务/综合考试/综合考试论文or博士论文模板/tactile-presentation-prototype/src/App.tsx[39m:991:2
[33m  1005|          <EvidenceBadge kind={meta.evidenceKind} label={meta.evidenceLabel} />
  1006|          <h3>{meta.title}</h3>
  1007|          <section><span>论文定位</span>{meta.locations.map(item => <p key={item}>{item}</p>)}</section>
     |                                                ^
  1008|          <section><span>BibTeX keys</span><div className="source-keys">{meta.sources.map(source => <code key={source}>{source}</code>)}</div></section>
  1009|          <section className="scope-note"><span>展示边界</span><p>{meta.note}</p></section>[39m
      at constructor (D:\其他\研究生事务\综合考试\综合考试论文or博士论文模板\tactile-presentation-prototype\node_modules\@babel\parser\lib\index.js:369:19)
      at TypeScriptParserMixin.raise (D:\其他\研究生事务\综合考试\综合考试论文or博士论文模板\tactile-presentation-prototype\node_modules\@babel\parser\lib\index.js:6622:19)
      at TypeScriptParserMixin.jsxParseElementAt (D:\其他\研究生事务\综合考试\综合考试论文or博士论文模板\tactile-presentation-prototype\node_modules\@babel\parser\lib\index.js:4745:16)
      at TypeScriptParserMixin.jsxParseElementAt (D:\其他\研究生事务\综合考试\综合考试论文or博士论文模板\tactile-presentation-prototype\node_modules\@babel\parser\lib\index.js:4716:32)
      at TypeScriptParserMixin.jsxParseElement (D:\其他\研究生事务\综合考试\综合考试论文or博士论文模板\tactile-presentation-prototype\node_modules\@babel\parser\lib\index.js:4767:17)
      at TypeScriptParserMixin.parseExprAtom (D:\其他\研究生事务\综合考试\综合考试论文or博士论文模板\tactile-presentation-prototype\node_modules\@babel\parser\lib\index.js:4777:19)
      at TypeScriptParserMixin.parseExprSubscripts (D:\其他\研究生事务\综合考试\综合考试论文or博士论文模板\tactile-presentation-prototype\node_modules\@babel\parser\lib\index.js:11107:23)
      at TypeScriptParserMixin.parseUpdate (D:\其他\研究生事务\综合考试\综合考试论文or博士论文模板\tactile-presentation-prototype\node_modules\@babel\parser\lib\index.js:11092:21)
      at TypeScriptParserMixin.parseMaybeUnary (D:\其他\研究生事务\综合考试\综合考试论文or博士论文模板\tactile-presentation-prototype\node_modules\@babel\parser\lib\index.js:11072:23)
      at TypeScriptParserMixin.parseMaybeUnary (D:\其他\研究生事务\综合考试\综合考试论文or博士论文模板\tactile-presentation-prototype\node_modules\@babel\parser\lib\index.js:9860:18)
      at TypeScriptParserMixin.parseMaybeUnaryOrPrivate (D:\其他\研究生事务\综合考试\综合考试论文or博士论文模板\tactile-presentation-prototype\node_modules\@babel\parser\lib\index.js:10925:61)
      at TypeScriptParserMixin.parseExprOps (D:\其他\研究生事务\综合考试\综合考试论文or博士论文模板\tactile-presentation-prototype\node_modules\@babel\parser\lib\index.js:10930:23)
      at TypeScriptParserMixin.parseMaybeConditional (D:\其他\研究生事务\综合考试\综合考试论文or博士论文模板\tactile-presentation-prototype\node_modules\@babel\parser\lib\index.js:10907:23)
      at TypeScriptParserMixin.parseMaybeAssign (D:\其他\研究生事务\综合考试\综合考试论文or博士论文模板\tactile-presentation-prototype\node_modules\@babel\parser\lib\index.js:10857:21)
      at D:\其他\研究生事务\综合考试\综合考试论文or博士论文模板\tactile-presentation-prototype\node_modules\@babel\parser\lib\index.js:9798:39
      at TypeScriptParserMixin.tryParse (D:\其他\研究生事务\综合考试\综合考试论文or博士论文模板\tactile-presentation-prototype\node_modules\@babel\parser\lib\index.js:6930:20)
      at TypeScriptParserMixin.parseMaybeAssign (D:\其他\研究生事务\综合考试\综合考试论文or博士论文模板\tactile-presentation-prototype\node_modules\@babel\parser\lib\index.js:9798:18)
      at TypeScriptParserMixin.parseExpressionBase (D:\其他\研究生事务\综合考试\综合考试论文or博士论文模板\tactile-presentation-prototype\node_modules\@babel\parser\lib\index.js:10810:23)
      at D:\其他\研究生事务\综合考试\综合考试论文or博士论文模板\tactile-presentation-prototype\node_modules\@babel\parser\lib\index.js:10806:39
      at TypeScriptParserMixin.allowInAnd (D:\其他\研究生事务\综合考试\综合考试论文or博士论文模板\tactile-presentation-prototype\node_modules\@babel\parser\lib\index.js:12455:16)
      at TypeScriptParserMixin.parseExpression (D:\其他\研究生事务\综合考试\综合考试论文or博士论文模板\tactile-presentation-prototype\node_modules\@babel\parser\lib\index.js:10806:17)
      at TypeScriptParserMixin.parseReturnStatement (D:\其他\研究生事务\综合考试\综合考试论文or博士论文模板\tactile-presentation-prototype\node_modules\@babel\parser\lib\index.js:13176:28)
      at TypeScriptParserMixin.parseStatementContent (D:\其他\研究生事务\综合考试\综合考试论文or博士论文模板\tactile-presentation-prototype\node_modules\@babel\parser\lib\index.js:12832:21)
      at TypeScriptParserMixin.parseStatementContent (D:\其他\研究生事务\综合考试\综合考试论文or博士论文模板\tactile-presentation-prototype\node_modules\@babel\parser\lib\index.js:9531:18)
      at TypeScriptParserMixin.parseStatementLike (D:\其他\研究生事务\综合考试\综合考试论文or博士论文模板\tactile-presentation-prototype\node_modules\@babel\parser\lib\index.js:12801:17)
      at TypeScriptParserMixin.parseStatementListItem (D:\其他\研究生事务\综合考试\综合考试论文or博士论文模板\tactile-presentation-prototype\node_modules\@babel\parser\lib\index.js:12781:17)
      at TypeScriptParserMixin.parseBlockOrModuleBlockBody (D:\其他\研究生事务\综合考试\综合考试论文or博士论文模板\tactile-presentation-prototype\node_modules\@babel\parser\lib\index.js:13350:61)
      at TypeScriptParserMixin.parseBlockBody (D:\其他\研究生事务\综合考试\综合考试论文or博士论文模板\tactile-presentation-prototype\node_modules\@babel\parser\lib\index.js:13343:10)
      at TypeScriptParserMixin.parseBlock (D:\其他\研究生事务\综合考试\综合考试论文or博士论文模板\tactile-presentation-prototype\node_modules\@babel\parser\lib\index.js:13331:10)
      at TypeScriptParserMixin.parseFunctionBody (D:\其他\研究生事务\综合考试\综合考试论文or博士论文模板\tactile-presentation-prototype\node_modules\@babel\parser\lib\index.js:12134:24)
      at TypeScriptParserMixin.parseFunctionBodyAndFinish (D:\其他\研究生事务\综合考试\综合考试论文or博士论文模板\tactile-presentation-prototype\node_modules\@babel\parser\lib\index.js:12120:10)
      at TypeScriptParserMixin.parseFunctionBodyAndFinish (D:\其他\研究生事务\综合考试\综合考试论文or博士论文模板\tactile-presentation-prototype\node_modules\@babel\parser\lib\index.js:9195:18)
      at D:\其他\研究生事务\综合考试\综合考试论文or博士论文模板\tactile-presentation-prototype\node_modules\@babel\parser\lib\index.js:13479:12
      at TypeScriptParserMixin.withSmartMixTopicForbiddingContext (D:\其他\研究生事务\综合考试\综合考试论文or博士论文模板\tactile-presentation-prototype\node_modules\@babel\parser\lib\index.js:12437:14)
      at TypeScriptParserMixin.parseFunction (D:\其他\研究生事务\综合考试\综合考试论文or博士论文模板\tactile-presentation-prototype\node_modules\@babel\parser\lib\index.js:13478:10)
      at TypeScriptParserMixin.parseFunctionStatement (D:\其他\研究生事务\综合考试\综合考试论文or博士论文模板\tactile-presentation-prototype\node_modules\@babel\parser\lib\index.js:13159:17)
      at TypeScriptParserMixin.parseStatementContent (D:\其他\研究生事务\综合考试\综合考试论文or博士论文模板\tactile-presentation-prototype\node_modules\@babel\parser\lib\index.js:12825:21)
      at TypeScriptParserMixin.parseStatementContent (D:\其他\研究生事务\综合考试\综合考试论文or博士论文模板\tactile-presentation-prototype\node_modules\@babel\parser\lib\index.js:9531:18)
      at TypeScriptParserMixin.parseStatementLike (D:\其他\研究生事务\综合考试\综合考试论文or博士论文模板\tactile-presentation-prototype\node_modules\@babel\parser\lib\index.js:12801:17)
      at TypeScriptParserMixin.parseModuleItem (D:\其他\研究生事务\综合考试\综合考试论文or博士论文模板\tactile-presentation-prototype\node_modules\@babel\parser\lib\index.js:12778:17)
      at TypeScriptParserMixin.parseBlockOrModuleBlockBody (D:\其他\研究生事务\综合考试\综合考试论文or博士论文模板\tactile-presentation-prototype\node_modules\@babel\parser\lib\index.js:13350:36)
      at TypeScriptParserMixin.parseBlockBody (D:\其他\研究生事务\综合考试\综合考试论文or博士论文模板\tactile-presentation-prototype\node_modules\@babel\parser\lib\index.js:13343:10)
      at TypeScriptParserMixin.parseProgram (D:\其他\研究生事务\综合考试\综合考试论文or博士论文模板\tactile-presentation-prototype\node_modules\@babel\parser\lib\index.js:12656:10)
      at TypeScriptParserMixin.parseTopLevel (D:\其他\研究生事务\综合考试\综合考试论文or博士论文模板\tactile-presentation-prototype\node_modules\@babel\parser\lib\index.js:12646:25)
      at TypeScriptParserMixin.parse (D:\其他\研究生事务\综合考试\综合考试论文or博士论文模板\tactile-presentation-prototype\node_modules\@babel\parser\lib\index.js:14522:25)
      at TypeScriptParserMixin.parse (D:\其他\研究生事务\综合考试\综合考试论文or博士论文模板\tactile-presentation-prototype\node_modules\@babel\parser\lib\index.js:10149:18)
      at parse (D:\其他\研究生事务\综合考试\综合考试论文or博士论文模板\tactile-presentation-prototype\node_modules\@babel\parser\lib\index.js:14556:38)
      at parser (D:\其他\研究生事务\综合考试\综合考试论文or博士论文模板\tactile-presentation-prototype\node_modules\@babel\core\lib\parser\index.js:41:34)
      at parser.next (<anonymous>)
      at normalizeFile (D:\其他\研究生事务\综合考试\综合考试论文or博士论文模板\tactile-presentation-prototype\node_modules\@babel\core\lib\transformation\normalize-file.js:51:37)
[2m17:13:00[22m [31m[1m[vite][22m[39m [31m[2m(client)[22m[39m Pre-transform error: D:\其他\研究生事务\综合考试\综合考试论文or博士论文模板\tactile-presentation-prototype\src\App.tsx: Expected corresponding JSX closing tag for <div>. (991:2)

[0m [90m 989 |[39m         [33m<[39m[33m/[39m[33msection[39m[33m>[39m
 [90m 990 |[39m     [33m<[39m[33m/[39m[33mdiv[39m[33m>[39m
[31m[1m>[22m[39m[90m 991 |[39m   [33m<[39m[33m/[39m[33mSlideFrame[39m[33m>[39m
 [90m     |[39m   [31m[1m^[22m[39m
 [90m 992 |[39m }
 [90m 993 |[39m
 [90m 994 |[39m [36mconst[39m renderers [33m=[39m [[33mValueSlide[39m[33m,[39m [33mUniquenessSlide[39m[33m,[39m [33mFrontierSlide[39m[33m,[39m [33mOutlineSlide[39m[33m,[39m [33mTactileContentSlide[39m[33m,[39m [33mSensorMapSlide[39m[33m,[39m [33mPipelineSlide[39m[33m,[39m [33mFusionSlide[39m[33m,[39m [33mTaskValueSlide[39m[33m,[39m [33mChallengeSlide[39m[33m,[39m [33mFutureSlide[39m[33m,[39m [33mFutureCapabilitySlide[39m[33m,[39m [33mFutureEdgeSlide[39m[33m,[39m [33mFutureBrainSlide[39m[33m,[39m [33mFutureDynamicSlide[39m[33m,[39m [33mFutureSocialSlide[39m][0m
  Plugin: [35mvite:react-babel[39m
  File: [36mD:/其他/研究生事务/综合考试/综合考试论文or博士论文模板/tactile-presentation-prototype/src/App.tsx[39m:991:2
[33m  1005|          <EvidenceBadge kind={meta.evidenceKind} label={meta.evidenceLabel} />
  1006|          <h3>{meta.title}</h3>
  1007|          <section><span>论文定位</span>{meta.locations.map(item => <p key={item}>{item}</p>)}</section>
     |                                                ^
  1008|          <section><span>BibTeX keys</span><div className="source-keys">{meta.sources.map(source => <code key={source}>{source}</code>)}</div></section>
  1009|          <section className="scope-note"><span>展示边界</span><p>{meta.note}</p></section>[39m
[2m17:14:14[22m [36m[1m[vite][22m[39m [90m[2m(client)[22m[39m [32mhmr update [39m[2m/src/App.tsx[22m
[2m20:33:36[22m [36m[1m[vite][22m[39m [90m[2m(client)[22m[39m [32mhmr update [39m[2m/src/App.tsx[22m
[2m20:36:17[22m [36m[1m[vite][22m[39m [90m[2m(client)[22m[39m [32mhmr update [39m[2m/src/App.tsx[22m
[2m20:37:30[22m [36m[1m[vite][22m[39m [90m[2m(client)[22m[39m [32mhmr update [39m[2m/src/styles.css[22m
[2m21:16:10[22m [36m[1m[vite][22m[39m [90m[2m(client)[22m[39m [32mhmr update [39m[2m/src/App.tsx[22m
[2m21:17:21[22m [36m[1m[vite][22m[39m [90m[2m(client)[22m[39m [32mhmr update [39m[2m/src/App.tsx[22m
[2m21:18:39[22m [36m[1m[vite][22m[39m [90m[2m(client)[22m[39m [32mhmr update [39m[2m/src/App.tsx[22m
[2m21:18:52[22m [36m[1m[vite][22m[39m [90m[2m(client)[22m[39m [32mhmr update [39m[2m/src/App.tsx[22m
[2m21:19:03[22m [36m[1m[vite][22m[39m [90m[2m(client)[22m[39m [32mhmr update [39m[2m/src/App.tsx[22m
[2m21:19:18[22m [36m[1m[vite][22m[39m [90m[2m(client)[22m[39m [32mhmr update [39m[2m/src/App.tsx[22m
[2m21:30:38[22m [36m[1m[vite][22m[39m [90m[2m(client)[22m[39m [32mhmr update [39m[2m/src/App.tsx[22m
[2m21:32:15[22m [36m[1m[vite][22m[39m [90m[2m(client)[22m[39m [32mhmr update [39m[2m/src/App.tsx[22m
[2m21:32:24[22m [36m[1m[vite][22m[39m [90m[2m(client)[22m[39m [32mhmr update [39m[2m/src/App.tsx[22m
[2m21:40:52[22m [36m[1m[vite][22m[39m [90m[2m(client)[22m[39m [32mhmr update [39m[2m/src/App.tsx[22m
[2m23:33:40[22m [36m[1m[vite][22m[39m [90m[2m(client)[22m[39m [32mhmr update [39m[2m/src/App.tsx[22m
[2m01:03:19[22m [36m[1m[vite][22m[39m [90m[2m(client)[22m[39m [32mhmr update [39m[2m/src/App.tsx[22m
[2m01:03:45[22m [36m[1m[vite][22m[39m [90m[2m(client)[22m[39m [32mhmr update [39m[2m/src/App.tsx[22m
[2m01:04:19[22m [36m[1m[vite][22m[39m [90m[2m(client)[22m[39m [32mhmr update [39m[2m/src/styles.css[22m
[2m01:11:30[22m [36m[1m[vite][22m[39m [90m[2m(client)[22m[39m [32mhmr update [39m[2m/src/styles.css[22m
[2m01:11:41[22m [36m[1m[vite][22m[39m [90m[2m(client)[22m[39m [32mhmr update [39m[2m/src/styles.css[22m
[2m01:13:10[22m [36m[1m[vite][22m[39m [90m[2m(client)[22m[39m [32mhmr update [39m[2m/src/styles.css[22m
[2m01:13:41[22m [36m[1m[vite][22m[39m [90m[2m(client)[22m[39m [32mhmr update [39m[2m/src/App.tsx[22m
[2m01:27:50[22m [36m[1m[vite][22m[39m [90m[2m(client)[22m[39m [32mhmr update [39m[2m/src/App.tsx[22m
[2m01:27:53[22m [36m[1m[vite][22m[39m [90m[2m(client)[22m[39m [32mhmr update [39m[2m/src/App.tsx[22m
[2m01:28:09[22m [36m[1m[vite][22m[39m [90m[2m(client)[22m[39m [32mhmr update [39m[2m/src/App.tsx[22m
[2m01:28:11[22m [36m[1m[vite][22m[39m [90m[2m(client)[22m[39m [32mhmr update [39m[2m/src/App.tsx[22m
[2m01:28:24[22m [36m[1m[vite][22m[39m [90m[2m(client)[22m[39m [32mhmr update [39m[2m/src/App.tsx[22m
[2m01:29:15[22m [36m[1m[vite][22m[39m [90m[2m(client)[22m[39m [32mhmr update [39m[2m/src/styles.css[22m
[2m01:29:24[22m [36m[1m[vite][22m[39m [90m[2m(client)[22m[39m [32mhmr update [39m[2m/src/styles.css[22m
[2m01:29:53[22m [36m[1m[vite][22m[39m [90m[2m(client)[22m[39m [32mhmr update [39m[2m/src/App.tsx[22m
[2m01:31:23[22m [36m[1m[vite][22m[39m [90m[2m(client)[22m[39m [32mhmr update [39m[2m/src/App.tsx[22m
[2m01:31:34[22m [36m[1m[vite][22m[39m [90m[2m(client)[22m[39m [32mhmr update [39m[2m/src/App.tsx[22m
[2m01:33:39[22m [36m[1m[vite][22m[39m [90m[2m(client)[22m[39m [32mhmr update [39m[2m/src/styles.css[22m
[2m01:33:59[22m [36m[1m[vite][22m[39m [90m[2m(client)[22m[39m [32mhmr update [39m[2m/src/App.tsx[22m
[2m01:34:37[22m [36m[1m[vite][22m[39m [90m[2m(client)[22m[39m [32mhmr update [39m[2m/src/App.tsx[22m
[2m01:35:29[22m [36m[1m[vite][22m[39m [90m[2m(client)[22m[39m [32mhmr update [39m[2m/src/App.tsx[22m
[2m01:39:14[22m [36m[1m[vite][22m[39m [90m[2m(client)[22m[39m [32mhmr update [39m[2m/src/styles.css[22m
[2m01:39:24[22m [36m[1m[vite][22m[39m [90m[2m(client)[22m[39m [32mhmr update [39m[2m/src/styles.css[22m
[2m01:39:27[22m [36m[1m[vite][22m[39m [90m[2m(client)[22m[39m [32mhmr update [39m[2m/src/App.tsx[22m
[2m01:41:04[22m [36m[1m[vite][22m[39m [90m[2m(client)[22m[39m [32mhmr update [39m[2m/src/App.tsx[22m
[2m01:45:48[22m [36m[1m[vite][22m[39m [90m[2m(client)[22m[39m [32mhmr update [39m[2m/src/App.tsx[22m
[2m01:46:27[22m [36m[1m[vite][22m[39m [90m[2m(client)[22m[39m [32mhmr update [39m[2m/src/styles.css[22m
[2m01:46:37[22m [36m[1m[vite][22m[39m [90m[2m(client)[22m[39m [32mhmr update [39m[2m/src/styles.css[22m
[2m01:46:52[22m [36m[1m[vite][22m[39m [90m[2m(client)[22m[39m [32mhmr update [39m[2m/src/styles.css[22m
[2m09:55:01[22m [36m[1m[vite][22m[39m [90m[2m(client)[22m[39m [32mhmr update [39m[2m/src/App.tsx[22m
[2m09:56:06[22m [36m[1m[vite][22m[39m [90m[2m(client)[22m[39m [32mhmr update [39m[2m/src/styles.css[22m
[2m01:24:46[22m [36m[1m[vite][22m[39m [90m[2m(client)[22m[39m [32mhmr update [39m[2m/src/App.tsx[22m
[2m01:25:09[22m [36m[1m[vite][22m[39m [90m[2m(client)[22m[39m [32mhmr update [39m[2m/src/styles.css[22m
[2m01:28:56[22m [36m[1m[vite][22m[39m [90m[2m(client)[22m[39m [32mhmr update [39m[2m/src/styles.css[22m
[2m01:29:57[22m [36m[1m[vite][22m[39m [90m[2m(client)[22m[39m [32mhmr update [39m[2m/src/styles.css[22m
[2m01:32:44[22m [36m[1m[vite][22m[39m [90m[2m(client)[22m[39m [32mhmr update [39m[2m/src/App.tsx[22m
[2m01:33:10[22m [36m[1m[vite][22m[39m [90m[2m(client)[22m[39m [32mhmr update [39m[2m/src/styles.css[22m
[2m01:57:35[22m [36m[1m[vite][22m[39m [90m[2m(client)[22m[39m [32mhmr update [39m[2m/src/App.tsx[22m
[2m02:00:12[22m [36m[1m[vite][22m[39m [90m[2m(client)[22m[39m [32mhmr update [39m[2m/src/styles.css[22m
[2m02:02:57[22m [36m[1m[vite][22m[39m [90m[2m(client)[22m[39m [32mhmr update [39m[2m/src/styles.css[22m
[2m02:06:27[22m [36m[1m[vite][22m[39m [90m[2m(client)[22m[39m [32mhmr update [39m[2m/src/styles.css[22m
[2m02:08:30[22m [36m[1m[vite][22m[39m [90m[2m(client)[22m[39m [32mhmr update [39m[2m/src/App.tsx[22m
[2m02:08:50[22m [36m[1m[vite][22m[39m [90m[2m(client)[22m[39m [32mhmr update [39m[2m/src/styles.css[22m
[2m02:20:46[22m [36m[1m[vite][22m[39m [90m[2m(client)[22m[39m [32mhmr update [39m[2m/src/styles.css[22m
[2m02:23:17[22m [36m[1m[vite][22m[39m [90m[2m(client)[22m[39m [32mhmr update [39m[2m/src/styles.css[22m
[2m02:36:54[22m [36m[1m[vite][22m[39m [90m[2m(client)[22m[39m [32mhmr update [39m[2m/src/styles.css[22m
[2m10:29:56[22m [36m[1m[vite][22m[39m [90m[2m(client)[22m[39m [32mhmr update [39m[2m/src/styles.css[22m
[2m10:54:50[22m [36m[1m[vite][22m[39m [90m[2m(client)[22m[39m [32mhmr update [39m[2m/src/styles.css[22m
[2m11:05:06[22m [36m[1m[vite][22m[39m [90m[2m(client)[22m[39m [32mhmr update [39m[2m/src/styles.css[22m
[2m11:09:00[22m [36m[1m[vite][22m[39m [90m[2m(client)[22m[39m [32mhmr update [39m[2m/src/styles.css[22m
[2m11:43:09[22m [36m[1m[vite][22m[39m [90m[2m(client)[22m[39m [32mhmr update [39m[2m/src/App.tsx[22m
[2m11:43:10[22m [31m[1m[vite][22m[39m [31mInternal server error: D:\其他\研究生事务\综合考试\综合考试论文or博士论文模板\tactile-presentation-prototype\src\App.tsx: Expected corresponding JSX closing tag for <strong>. (954:2462)

[0m [90m 952 |[31m   }
 [90m 953 |[31m   [36mconst[31m current [33m=[31m data[layer]
[31m[1m>[22m[31m[90m 954 |[31m   [36mreturn[31m [33m<[31m[33mSlideFrame[31m metaIndex[33m=[31m{[35m13[31m}[33m>[31m[33m<[31m[33mdiv[31m className[33m=[31m[32m"future-brain-layout"[31m[33m>[31m[33m<[31m[33maside[31m className[33m=[31m[32m"future-brain-sidebar"[31m[33m>[31m[33m<[31m[33mdiv[31m className[33m=[31m[32m"future-brain-thesis"[31m[33m>[31m[33m<[31m[33mspan[31m[33m>[31m[33mTHE[31m [33mTACTILE[31m [33mBRAIN[31m[33m<[31m[33m/[31m[33mspan[31m[33m>[31m[33m<[31m[33mstrong[31m[33m>[31m让触觉成为具身“脑”可以预测的物理语言[33m<[31m[33m/[31m[33mstrong[31m[33m>[31m[33m<[31m[33m/[31m[33mdiv[31m[33m>[31m[33m<[31m[33mnav[31m className[33m=[31m[32m"future-brain-tabs"[31m aria[33m-[31mlabel[33m=[31m[32m"4.5 技术主题"[31m[33m>[31m{([33mObject[31m[33m.[31mkeys(data) [36mas[31m [33mBrainLayer[31m[])[33m.[31mmap((key[33m,[31m i) [33m=>[31m [33m<[31m[33mbutton[31m key[33m=[31m{key} aria[33m-[31mselected[33m=[31m{layer [33m===[31m key} className[33m=[31m{layer [33m===[31m key [33m?[31m [32m`active tone-${data[key].tone}`[31m [33m:[31m [32m''[31m} onClick[33m=[31m{() [33m=>[31m setLayer(key)}[33m>[31m[33m<[31m[33mb[31m[33m>[31m[35m0[31m{i [33m+[31m [35m1[31m}[33m<[31m[33m/[31m[33mb[31m[33m>[31m[33m<[31m[33mspan[31m[33m>[31m{data[key][33m.[31mlabel}[33m<[31m[33m/[31m[33mspan[31m[33m>[31m[33m<[31m[33msmall[31m[33m>[31m{data[key][33m.[31men}[33m<[31m[33m/[31m[33msmall[31m[33m>[31m[33m<[31m[33m/[31m[33mbutton[31m[33m>[31m)}[33m<[31m[33m/[31m[33mnav[31m[33m>[31m[33m<[31m[33msection[31m className[33m=[31m{[32m`future-brain-detail tone-${current.tone}`[31m}[33m>[31m[33m<[31m[33mdiv[31m className[33m=[31m[32m"future-brain-detail-head"[31m[33m>[31m[33m<[31m[33mspan[31m[33m>[31m[35m0[31m{([33mObject[31m[33m.[31mkeys(data) [36mas[31m [33mBrainLayer[31m[])[33m.[31mindexOf(layer) [33m+[31m [35m1[31m}[33m<[31m[33m/[31m[33mspan[31m[33m>[31m[33m<[31m[33mdiv[31m[33m>[31m[33m<[31m[33msmall[31m[33m>[31m{current[33m.[31men}[33m<[31m[33m/[31m[33msmall[31m[33m>[31m[33m<[31m[33mh2[31m[33m>[31m{current[33m.[31mtitle}[33m<[31m[33m/[31m[33mh2[31m[33m>[31m[33m<[31m[33m/[31m[33mdiv[31m[33m>[31m[33m<[31m[33m/[31m[33mdiv[31m[33m>[31m[33m<[31m[33mp[31m[33m>[31m{current[33m.[31mlead}[33m<[31m[33m/[31m[33mp[31m[33m>[31m[33m<[31m[33mul[31m[33m>[31m{current[33m.[31mpoints[33m.[31mmap((point[33m,[31m index) [33m=>[31m [33m<[31m[33mli[31m key[33m=[31m{[32m`${index}-${point}`[31m}[33m>[31m{point}[33m<[31m[33m/[31m[33mli[31m[33m>[31m)}[33m<[31m[33m/[31m[33mul[31m[33m>[31m[33m<[31m[35m/section><p className="future-brain-note"><i/[31m[33m>[31m[33mAnyTouch[31m · [33mUniTacHand[31m · [33mFTP[31m[33m-[31m[35m1[31m · [33mContactWorld[31m · [33mDreamTacVLA[31m[33m<[31m[33m/[31m[33mp[31m[33m>[31m[33m<[31m[33m/[31m[33maside[31m[33m>[31m[33m<[31m[33msection[31m className[33m=[31m[32m"future-brain-canvas"[31m aria[33m-[31mlabel[33m=[31m[32m"预测执行误差校正闭环"[31m[33m>[31m[33m<[31m[33mdiv[31m className[33m=[31m[32m"brain-canvas-header"[31m[33m>[31m[33m<[31m[33mspan[31m[33m>[31m[33mMODEL[31m → [33mREALITY[31m[33m<[31m[33m/[31m[33mspan[31m[33m>[31m[33m<[31m[33mstrong[31m[33m>[31m预测 — 执行 — 误差 — 修正[33m<[31m[33m/[31m[33mstrong[31m[33m>[31m[33m<[31m[33m/[31m[33mdiv[31m[33m>[31m[33m<[31m[33mdiv[31m className[33m=[31m[32m"brain-loop"[31m[33m>[31m[33m<[31m[33mdiv[31m className[33m=[31m[32m"brain-loop-node node-state"[31m[33m>[31m[33m<[31m[33mspan[31m[33m>[31m当前状态[33m<[31m[33m/[31m[33mspan[31m[33m>[31m[33m<[31m[33mstrong[31m[33m>[31m触觉表征[33m<[31m[33m/[31m[33mstrong[31m[33m>[31m[33m<[31m[33msmall[31m[33m>[31m位置 · 接触 · 力学 · 历史[33m<[31m[33m/[31m[33msmall[31m[33m>[31m[33m<[31m[33m/[31m[33mdiv[31m[33m>[31m[33m<[31m[33mdiv[31m className[33m=[31m[32m"brain-loop-node node-predict"[31m[33m>[31m[33m<[31m[33mspan[31m[33m>[31m动作条件[33m<[31m[33m/[31m[33mspan[31m[33m>[31m[33m<[31m[33mstrong[31m[33m>[31m未来触觉[33m<[31m[33m/[31m[33mstrong[31m[33m>[31m[33m<[31m[33msmall[31m[33m>[31m候选动作 [33m+[31m 不确定性[33m<[31m[33m/[31m[33msmall[31m[33m>[31m[33m<[31m[33m/[31m[33mdiv[31m[33m>[31m[33m<[31m[33mdiv[31m className[33m=[31m[32m"brain-loop-node node-real"[31m[33m>[31m[33m<[31m[33mspan[31m[33m>[31m执行[33m<[31m[33m/[31m[33mspan[31m[33m>[31m[33m<[31m[33mstrong[31m[33m>[31m真实触觉[33m<[31m[33m/[31m[33mstrong[31m[33m>[31m[33m<[31m[33msmall[31m[33m>[31m滑移 · 冲击 · 过载[33m<[31m[33m/[31m[33msmall[31m[33m>[31m[33m<[31m[33m/[31m[33mdiv[31m[33m>[31m[33m<[31m[33mdiv[31m className[33m=[31m[32m"brain-loop-node node-error"[31m[33m>[31m[33m<[31m[33mspan[31m[33m>[31m在线比较[33m<[31m[33m/[31m[33mspan[31m[33m>[31m[33m<[31m[33mstrong[31m[33m>[31m预测误差[33m<[31m[33m/[31m[33mstrong[31m[33m>[31m[33m<[31m[33msmall[31m[33m>[31m偏差 · 风险 · 置信度[33m<[31m[33m/[31m[33msmall[31m[33m>[31m[33m<[31m[33m/[31m[33mdiv[31m[33m>[31m[33m<[31m[33mdiv[31m className[33m=[31m[32m"brain-loop-node node-correct"[31m[33m>[31m[33m<[31m[33mspan[31m[33m>[31m分层响应[33m<[31m[33m/[31m[33mspan[31m[33m>[31m[33m<[31m[33mstrong[31m[33m>[31m动作修正[33m<[31m[33m/[31m[33mstrong[31m[33m>[31m[33m<[31m[33msmall[31m[33m>[31m局部修正 · 重规划 · 停机[33m<[31m[33m/[31m[33msmall[31m[33m>[31m[33m<[31m[35m/div><svg viewBox="0 0 760 330" aria-hidden="true"><path className="brain-link link-cyan" d="M235 112H525"/[31m[33m>[31m[33m<[31m[33mpath[31m className[33m=[31m[32m"brain-link link-violet"[31m d[33m=[31m[32m"M650 154V218"[31m[35m/><path className="brain-link link-coral" d="M520 264H500"/[31m[33m>[31m[33m<[31m[33mpath[31m className[33m=[31m[32m"brain-link link-coral"[31m d[33m=[31m[32m"M260 264H235"[31m[35m/><path className="brain-link link-return" d="M118 218V154"/[31m[33m>[31m[33m<[31m[33m/[31m[33msvg[31m[33m>[31m[33m<[31m[33m/[31m[33mdiv[31m[33m>[31m[33m<[31m[33mdiv[31m className[33m=[31m[32m"brain-layer-strip"[31m[33m>[31m[33m<[31m[33mdiv[31m[33m>[31m[33m<[31m[33mspan[31m[33m>[31m[33mHIGH[31m [33mLEVEL[31m[33m<[31m[33m/[31m[33mspan[31m[33m>[31m[33m<[31m[33mstrong[31m[33m>[31m目标理解 [33m/[31m 长程规划[33m<[31m[33m/[31m[33mstrong[31m[33m>[31m[33m<[31m[33m/[31m[33mdiv[31m[33m>[31m[33m<[31m[33mdiv[31m[33m>[31m[33m<[31m[33mspan[31m[33m>[31m[33mMID[31m [33mLEVEL[31m[33m<[31m[33m/[31m[33mspan[31m[33m>[31m[33m<[31m[33mstrong[31m[33m>[31m接触后果 [33m/[31m 候选动作[33m<[31m[33m/[31m[33mstrong[31m[33m>[31m[33m<[31m[33m/[31m[33mdiv[31m[33m>[31m[33m<[31m[33mdiv[31m[33m>[31m[33m<[31m[33mspan[31m[33m>[31m[33mLOW[31m [33mLEVEL[31m[33m<[31m[33m/[31m[33mspan[31m[33m>[31m[33m<[31m[33mstrong[31m[33m>[31m真实反馈 [33m/[31m 安全边界[33m<[31m[33m/[31m[33mstrong[31m[33m>[31m[33m<[31m[33m/[31m[33mdiv[31m[33m>[31m[33m<[31m[33m/[31m[33mdiv[31m[33m>[31m[33m<[31m[33mdiv[31m className[33m=[31m[32m"brain-eval-strip"[31m[33m>[31m[33m<[31m[33mspan[31m[33m>[31m[33m<[31m[33mstrong[31m[33m>[31m评价不只是 embedding 相似度[33m<[31m[33m/[31m[33mspan[31m[33m>[31m[33m<[31m[33mb[31m[33m>[31m跨本体迁移[33m<[31m[33m/[31m[33mb[31m[33m>[31m[33m<[31m[33mb[31m[33m>[31m接触物理预测[33m<[31m[33m/[31m[33mb[31m[33m>[31m[33m<[31m[33mb[31m[33m>[31m真实闭环收益[33m<[31m[33m/[31m[33mb[31m[33m>[31m[33m<[31m[33m/[31m[33mdiv[31m[33m>[31m[33m<[31m[33m/[31m[33msection[31m[33m>[31m[33m<[31m[33m/[31m[33mdiv[31m[33m>[31m[33m<[31m[33m/[31m[33mSlideFrame[31m[33m>[31m
 [90m     |[31m                                                                                                                                                                                                                                                                                                                                                                                                                                                                                                                                                                                                                                                                                                                                                                                                                                                                                                                                                                                                                                                                                                                                                                                                                                                                                                                                                                                                                                                                                                                                                                                                                                                                                                                                                                                                                                                                                                                                                                                                                                                                                                                                                                                                                                                                                                                                                                                                                                                                                                                                                               [31m[1m^[22m[31m
 [90m 955 |[31m }
 [90m 956 |[31m
 [90m 957 |[31m type [33mDynamicMode[31m [33m=[31m [32m'dynamic'[31m [33m|[31m [32m'active'[31m [33m|[31m [32m'integrated'[31m[0m[39m
  Plugin: [35mvite:react-babel[39m
  File: [36mD:/其他/研究生事务/综合考试/综合考试论文or博士论文模板/tactile-presentation-prototype/src/App.tsx[39m:954:2462
[33m  961|      dynamic: { label: '动态触觉', en: 'DYNAMIC TOUCH', tone: 'cyan', title: '保留“怎么发生”，而不只是“发生了什么”', lead: '初触、冲击、接触面扩张、剪切累积、微滑移和滚动都发生在时间序列中。', points: ['低频通路保持持续压力与形变，高频 / 事件通路捕捉冲击、纹理和滑移先兆', '用事件流、帧、振动和状态估计共同构成时空接触图', '评价变化检测提前量、事件漏检与时间对齐延迟'] },
  962|      active: { label: '主动触觉', en: 'ACTIVE TOUCH', tone: 'violet', title: '让动作本身成为感知器的一部分', lead: '系统通过按压、滑动、滚动、调整抓力等动作主动改变接触条件，从结果中获取信息。', points: ['根据不确定性选择接触位置、方向、力、速度和停止时机', '用信息增益、任务进展、能耗与损伤风险共同约束探索', '世界模型先预测动作可能产生的触觉分布，再选择风险可控动作'] },
  963|      integrated: { label: '感知—操作一体化', en: 'SENSE / ACT / UPDATE', tone: 'coral', title: '每一次操作都同时改变世界与下一次证据', lead: '动态触觉提供变化，主动触觉制造变化；两者共同把触觉变成持续更新的控制闭环。', points: ['抓力调整、插入中的微振动、滚动与擦拭同时完成操作和属性辨识', '策略目标同时包含任务进展、信息收益、接触安全与探索代价', '把感知层、控制层和任务层的收益分开评价'] },
     |                                                                                                           ^
  964|    }
  965|    const current = data[mode][39m
      at constructor (D:\其他\研究生事务\综合考试\综合考试论文or博士论文模板\tactile-presentation-prototype\node_modules\@babel\parser\lib\index.js:369:19)
      at TypeScriptParserMixin.raise (D:\其他\研究生事务\综合考试\综合考试论文or博士论文模板\tactile-presentation-prototype\node_modules\@babel\parser\lib\index.js:6622:19)
      at TypeScriptParserMixin.jsxParseElementAt (D:\其他\研究生事务\综合考试\综合考试论文or博士论文模板\tactile-presentation-prototype\node_modules\@babel\parser\lib\index.js:4745:16)
      at TypeScriptParserMixin.jsxParseElementAt (D:\其他\研究生事务\综合考试\综合考试论文or博士论文模板\tactile-presentation-prototype\node_modules\@babel\parser\lib\index.js:4716:32)
      at TypeScriptParserMixin.jsxParseElementAt (D:\其他\研究生事务\综合考试\综合考试论文or博士论文模板\tactile-presentation-prototype\node_modules\@babel\parser\lib\index.js:4716:32)
      at TypeScriptParserMixin.jsxParseElementAt (D:\其他\研究生事务\综合考试\综合考试论文or博士论文模板\tactile-presentation-prototype\node_modules\@babel\parser\lib\index.js:4716:32)
      at TypeScriptParserMixin.jsxParseElementAt (D:\其他\研究生事务\综合考试\综合考试论文or博士论文模板\tactile-presentation-prototype\node_modules\@babel\parser\lib\index.js:4716:32)
      at TypeScriptParserMixin.jsxParseElementAt (D:\其他\研究生事务\综合考试\综合考试论文or博士论文模板\tactile-presentation-prototype\node_modules\@babel\parser\lib\index.js:4716:32)
      at TypeScriptParserMixin.jsxParseElement (D:\其他\研究生事务\综合考试\综合考试论文or博士论文模板\tactile-presentation-prototype\node_modules\@babel\parser\lib\index.js:4767:17)
      at TypeScriptParserMixin.parseExprAtom (D:\其他\研究生事务\综合考试\综合考试论文or博士论文模板\tactile-presentation-prototype\node_modules\@babel\parser\lib\index.js:4777:19)
      at TypeScriptParserMixin.parseExprSubscripts (D:\其他\研究生事务\综合考试\综合考试论文or博士论文模板\tactile-presentation-prototype\node_modules\@babel\parser\lib\index.js:11107:23)
      at TypeScriptParserMixin.parseUpdate (D:\其他\研究生事务\综合考试\综合考试论文or博士论文模板\tactile-presentation-prototype\node_modules\@babel\parser\lib\index.js:11092:21)
      at TypeScriptParserMixin.parseMaybeUnary (D:\其他\研究生事务\综合考试\综合考试论文or博士论文模板\tactile-presentation-prototype\node_modules\@babel\parser\lib\index.js:11072:23)
      at TypeScriptParserMixin.parseMaybeUnary (D:\其他\研究生事务\综合考试\综合考试论文or博士论文模板\tactile-presentation-prototype\node_modules\@babel\parser\lib\index.js:9860:18)
      at TypeScriptParserMixin.parseMaybeUnaryOrPrivate (D:\其他\研究生事务\综合考试\综合考试论文or博士论文模板\tactile-presentation-prototype\node_modules\@babel\parser\lib\index.js:10925:61)
      at TypeScriptParserMixin.parseExprOps (D:\其他\研究生事务\综合考试\综合考试论文or博士论文模板\tactile-presentation-prototype\node_modules\@babel\parser\lib\index.js:10930:23)
      at TypeScriptParserMixin.parseMaybeConditional (D:\其他\研究生事务\综合考试\综合考试论文or博士论文模板\tactile-presentation-prototype\node_modules\@babel\parser\lib\index.js:10907:23)
      at TypeScriptParserMixin.parseMaybeAssign (D:\其他\研究生事务\综合考试\综合考试论文or博士论文模板\tactile-presentation-prototype\node_modules\@babel\parser\lib\index.js:10857:21)
      at D:\其他\研究生事务\综合考试\综合考试论文or博士论文模板\tactile-presentation-prototype\node_modules\@babel\parser\lib\index.js:9798:39
      at TypeScriptParserMixin.tryParse (D:\其他\研究生事务\综合考试\综合考试论文or博士论文模板\tactile-presentation-prototype\node_modules\@babel\parser\lib\index.js:6930:20)
      at TypeScriptParserMixin.parseMaybeAssign (D:\其他\研究生事务\综合考试\综合考试论文or博士论文模板\tactile-presentation-prototype\node_modules\@babel\parser\lib\index.js:9798:18)
      at TypeScriptParserMixin.parseExpressionBase (D:\其他\研究生事务\综合考试\综合考试论文or博士论文模板\tactile-presentation-prototype\node_modules\@babel\parser\lib\index.js:10810:23)
      at D:\其他\研究生事务\综合考试\综合考试论文or博士论文模板\tactile-presentation-prototype\node_modules\@babel\parser\lib\index.js:10806:39
      at TypeScriptParserMixin.allowInAnd (D:\其他\研究生事务\综合考试\综合考试论文or博士论文模板\tactile-presentation-prototype\node_modules\@babel\parser\lib\index.js:12455:16)
      at TypeScriptParserMixin.parseExpression (D:\其他\研究生事务\综合考试\综合考试论文or博士论文模板\tactile-presentation-prototype\node_modules\@babel\parser\lib\index.js:10806:17)
      at TypeScriptParserMixin.parseReturnStatement (D:\其他\研究生事务\综合考试\综合考试论文or博士论文模板\tactile-presentation-prototype\node_modules\@babel\parser\lib\index.js:13176:28)
      at TypeScriptParserMixin.parseStatementContent (D:\其他\研究生事务\综合考试\综合考试论文or博士论文模板\tactile-presentation-prototype\node_modules\@babel\parser\lib\index.js:12832:21)
      at TypeScriptParserMixin.parseStatementContent (D:\其他\研究生事务\综合考试\综合考试论文or博士论文模板\tactile-presentation-prototype\node_modules\@babel\parser\lib\index.js:9531:18)
      at TypeScriptParserMixin.parseStatementLike (D:\其他\研究生事务\综合考试\综合考试论文or博士论文模板\tactile-presentation-prototype\node_modules\@babel\parser\lib\index.js:12801:17)
      at TypeScriptParserMixin.parseStatementListItem (D:\其他\研究生事务\综合考试\综合考试论文or博士论文模板\tactile-presentation-prototype\node_modules\@babel\parser\lib\index.js:12781:17)
      at TypeScriptParserMixin.parseBlockOrModuleBlockBody (D:\其他\研究生事务\综合考试\综合考试论文or博士论文模板\tactile-presentation-prototype\node_modules\@babel\parser\lib\index.js:13350:61)
      at TypeScriptParserMixin.parseBlockBody (D:\其他\研究生事务\综合考试\综合考试论文or博士论文模板\tactile-presentation-prototype\node_modules\@babel\parser\lib\index.js:13343:10)
      at TypeScriptParserMixin.parseBlock (D:\其他\研究生事务\综合考试\综合考试论文or博士论文模板\tactile-presentation-prototype\node_modules\@babel\parser\lib\index.js:13331:10)
      at TypeScriptParserMixin.parseFunctionBody (D:\其他\研究生事务\综合考试\综合考试论文or博士论文模板\tactile-presentation-prototype\node_modules\@babel\parser\lib\index.js:12134:24)
      at TypeScriptParserMixin.parseFunctionBodyAndFinish (D:\其他\研究生事务\综合考试\综合考试论文or博士论文模板\tactile-presentation-prototype\node_modules\@babel\parser\lib\index.js:12120:10)
      at TypeScriptParserMixin.parseFunctionBodyAndFinish (D:\其他\研究生事务\综合考试\综合考试论文or博士论文模板\tactile-presentation-prototype\node_modules\@babel\parser\lib\index.js:9195:18)
      at D:\其他\研究生事务\综合考试\综合考试论文or博士论文模板\tactile-presentation-prototype\node_modules\@babel\parser\lib\index.js:13479:12
      at TypeScriptParserMixin.withSmartMixTopicForbiddingContext (D:\其他\研究生事务\综合考试\综合考试论文or博士论文模板\tactile-presentation-prototype\node_modules\@babel\parser\lib\index.js:12437:14)
      at TypeScriptParserMixin.parseFunction (D:\其他\研究生事务\综合考试\综合考试论文or博士论文模板\tactile-presentation-prototype\node_modules\@babel\parser\lib\index.js:13478:10)
      at TypeScriptParserMixin.parseFunctionStatement (D:\其他\研究生事务\综合考试\综合考试论文or博士论文模板\tactile-presentation-prototype\node_modules\@babel\parser\lib\index.js:13159:17)
      at TypeScriptParserMixin.parseStatementContent (D:\其他\研究生事务\综合考试\综合考试论文or博士论文模板\tactile-presentation-prototype\node_modules\@babel\parser\lib\index.js:12825:21)
      at TypeScriptParserMixin.parseStatementContent (D:\其他\研究生事务\综合考试\综合考试论文or博士论文模板\tactile-presentation-prototype\node_modules\@babel\parser\lib\index.js:9531:18)
      at TypeScriptParserMixin.parseStatementLike (D:\其他\研究生事务\综合考试\综合考试论文or博士论文模板\tactile-presentation-prototype\node_modules\@babel\parser\lib\index.js:12801:17)
      at TypeScriptParserMixin.parseModuleItem (D:\其他\研究生事务\综合考试\综合考试论文or博士论文模板\tactile-presentation-prototype\node_modules\@babel\parser\lib\index.js:12778:17)
      at TypeScriptParserMixin.parseBlockOrModuleBlockBody (D:\其他\研究生事务\综合考试\综合考试论文or博士论文模板\tactile-presentation-prototype\node_modules\@babel\parser\lib\index.js:13350:36)
      at TypeScriptParserMixin.parseBlockBody (D:\其他\研究生事务\综合考试\综合考试论文or博士论文模板\tactile-presentation-prototype\node_modules\@babel\parser\lib\index.js:13343:10)
      at TypeScriptParserMixin.parseProgram (D:\其他\研究生事务\综合考试\综合考试论文or博士论文模板\tactile-presentation-prototype\node_modules\@babel\parser\lib\index.js:12656:10)
      at TypeScriptParserMixin.parseTopLevel (D:\其他\研究生事务\综合考试\综合考试论文or博士论文模板\tactile-presentation-prototype\node_modules\@babel\parser\lib\index.js:12646:25)
      at TypeScriptParserMixin.parse (D:\其他\研究生事务\综合考试\综合考试论文or博士论文模板\tactile-presentation-prototype\node_modules\@babel\parser\lib\index.js:14522:25)
      at TypeScriptParserMixin.parse (D:\其他\研究生事务\综合考试\综合考试论文or博士论文模板\tactile-presentation-prototype\node_modules\@babel\parser\lib\index.js:10149:18)
[2m11:43:18[22m [36m[1m[vite][22m[39m [90m[2m(client)[22m[39m [32mhmr update [39m[2m/src/App.tsx[22m
[2m11:51:41[22m [36m[1m[vite][22m[39m [90m[2m(client)[22m[39m [32mhmr update [39m[2m/src/App.tsx[22m
[2m11:58:06[22m [36m[1m[vite][22m[39m [90m[2m(client)[22m[39m [32mhmr update [39m[2m/src/App.tsx[22m
[2m11:58:10[22m [36m[1m[vite][22m[39m [90m[2m(client)[22m[39m [32mhmr update [39m[2m/src/App.tsx[22m
[2m11:58:51[22m [36m[1m[vite][22m[39m [90m[2m(client)[22m[39m [32mhmr update [39m[2m/src/App.tsx[22m
[2m11:58:59[22m [36m[1m[vite][22m[39m [90m[2m(client)[22m[39m [32mhmr update [39m[2m/src/App.tsx[22m
[2m11:59:07[22m [36m[1m[vite][22m[39m [90m[2m(client)[22m[39m [32mhmr update [39m[2m/src/App.tsx[22m
[2m12:01:50[22m [36m[1m[vite][22m[39m [90m[2m(client)[22m[39m [32mhmr update [39m[2m/src/App.tsx[22m
[2m12:01:55[22m [36m[1m[vite][22m[39m [90m[2m(client)[22m[39m [32mhmr update [39m[2m/src/App.tsx[22m
[2m12:02:13[22m [36m[1m[vite][22m[39m [90m[2m(client)[22m[39m [32mhmr update [39m[2m/src/App.tsx[22m
[2m12:02:19[22m [36m[1m[vite][22m[39m [90m[2m(client)[22m[39m [32mhmr update [39m[2m/src/App.tsx[22m
[2m12:02:42[22m [36m[1m[vite][22m[39m [90m[2m(client)[22m[39m [32mhmr update [39m[2m/src/App.tsx[22m
[2m12:11:11[22m [36m[1m[vite][22m[39m [90m[2m(client)[22m[39m [32mhmr update [39m[2m/src/App.tsx[22m
[2m12:12:21[22m [36m[1m[vite][22m[39m [90m[2m(client)[22m[39m [32mhmr update [39m[2m/src/styles.css[22m
[2m12:21:59[22m [36m[1m[vite][22m[39m [90m[2m(client)[22m[39m [32mhmr update [39m[2m/src/App.tsx[22m
[2m12:25:24[22m [36m[1m[vite][22m[39m [90m[2m(client)[22m[39m [32mhmr update [39m[2m/src/App.tsx[22m
[2m12:27:32[22m [36m[1m[vite][22m[39m [90m[2m(client)[22m[39m [32mhmr update [39m[2m/src/App.tsx[22m
[2m12:38:07[22m [36m[1m[vite][22m[39m [90m[2m(client)[22m[39m [32mhmr update [39m[2m/src/styles.css[22m
[2m12:42:32[22m [36m[1m[vite][22m[39m [90m[2m(client)[22m[39m [32mhmr update [39m[2m/src/App.tsx[22m
[2m12:42:45[22m [36m[1m[vite][22m[39m [90m[2m(client)[22m[39m [32mhmr update [39m[2m/src/styles.css[22m
[2m12:44:52[22m [36m[1m[vite][22m[39m [90m[2m(client)[22m[39m [32mhmr update [39m[2m/src/App.tsx[22m
[2m13:09:51[22m [36m[1m[vite][22m[39m [90m[2m(client)[22m[39m [32mhmr update [39m[2m/src/App.tsx[22m
[2m13:11:13[22m [36m[1m[vite][22m[39m [90m[2m(client)[22m[39m [32mhmr update [39m[2m/src/App.tsx[22m
[2m13:12:04[22m [36m[1m[vite][22m[39m [90m[2m(client)[22m[39m [32mhmr update [39m[2m/src/App.tsx[22m
[2m13:14:02[22m [36m[1m[vite][22m[39m [90m[2m(client)[22m[39m [32mhmr update [39m[2m/src/styles.css[22m
[2m13:19:46[22m [36m[1m[vite][22m[39m [90m[2m(client)[22m[39m [32mhmr update [39m[2m/src/App.tsx[22m
[2m13:36:03[22m [36m[1m[vite][22m[39m [90m[2m(client)[22m[39m [32mhmr update [39m[2m/src/styles.css[22m
[2m13:41:17[22m [36m[1m[vite][22m[39m [90m[2m(client)[22m[39m [32mhmr update [39m[2m/src/styles.css[22m
[2m13:42:42[22m [36m[1m[vite][22m[39m [90m[2m(client)[22m[39m [32mhmr update [39m[2m/src/styles.css[22m
[2m13:58:08[22m [36m[1m[vite][22m[39m [90m[2m(client)[22m[39m [32mhmr update [39m[2m/src/App.tsx[22m
[2m14:03:48[22m [36m[1m[vite][22m[39m [90m[2m(client)[22m[39m [32mhmr update [39m[2m/src/styles.css[22m
[2m14:03:48[22m [36m[1m[vite][22m[39m [90m[2m(client)[22m[39m [32mhmr update [39m[2m/src/styles.css[22m
[2m14:12:52[22m [36m[1m[vite][22m[39m [90m[2m(client)[22m[39m [32mhmr update [39m[2m/src/App.tsx[22m
[2m16:45:50[22m [36m[1m[vite][22m[39m [90m[2m(client)[22m[39m [32mhmr update [39m[2m/src/App.tsx[22m
[2m16:45:52[22m [31m[1m[vite][22m[39m [31mInternal server error: Failed to resolve import "./bib_entries.json" from "src/App.tsx". Does the file exist?[39m
  Plugin: [35mvite:import-analysis[39m
  File: [36mD:/其他/研究生事务/综合考试/综合考试论文or博士论文模板/tactile-presentation-prototype/src/App.tsx[39m:4:23
[33m  18 |  import { useCallback, useEffect, useLayoutEffect, useMemo, useRef, useState } from "react";
  19 |  import { pipeline, sensors, slides, tasks, zoneNames } from "./content";
  20 |  import bibEntries from "./bib_entries.json";
     |                          ^
  21 |  const bibliography = bibEntries;
  22 |  function formatAuthors(value) {[39m
      at TransformPluginContext._formatLog (file:///D:/%E5%85%B6%E4%BB%96/%E7%A0%94%E7%A9%B6%E7%94%9F%E4%BA%8B%E5%8A%A1/%E7%BB%BC%E5%90%88%E8%80%83%E8%AF%95/%E7%BB%BC%E5%90%88%E8%80%83%E8%AF%95%E8%AE%BA%E6%96%87or%E5%8D%9A%E5%A3%AB%E8%AE%BA%E6%96%87%E6%A8%A1%E6%9D%BF/tactile-presentation-prototype/node_modules/vite/dist/node/chunks/dep-CfG9u7Cn.js:47802:41)
      at TransformPluginContext.error (file:///D:/%E5%85%B6%E4%BB%96/%E7%A0%94%E7%A9%B6%E7%94%9F%E4%BA%8B%E5%8A%A1/%E7%BB%BC%E5%90%88%E8%80%83%E8%AF%95/%E7%BB%BC%E5%90%88%E8%80%83%E8%AF%95%E8%AE%BA%E6%96%87or%E5%8D%9A%E5%A3%AB%E8%AE%BA%E6%96%87%E6%A8%A1%E6%9D%BF/tactile-presentation-prototype/node_modules/vite/dist/node/chunks/dep-CfG9u7Cn.js:47799:16)
      at normalizeUrl (file:///D:/%E5%85%B6%E4%BB%96/%E7%A0%94%E7%A9%B6%E7%94%9F%E4%BA%8B%E5%8A%A1/%E7%BB%BC%E5%90%88%E8%80%83%E8%AF%95/%E7%BB%BC%E5%90%88%E8%80%83%E8%AF%95%E8%AE%BA%E6%96%87or%E5%8D%9A%E5%A3%AB%E8%AE%BA%E6%96%87%E6%A8%A1%E6%9D%BF/tactile-presentation-prototype/node_modules/vite/dist/node/chunks/dep-CfG9u7Cn.js:45942:23)
      at process.processTicksAndRejections (node:internal/process/task_queues:105:5)
      at async file:///D:/%E5%85%B6%E4%BB%96/%E7%A0%94%E7%A9%B6%E7%94%9F%E4%BA%8B%E5%8A%A1/%E7%BB%BC%E5%90%88%E8%80%83%E8%AF%95/%E7%BB%BC%E5%90%88%E8%80%83%E8%AF%95%E8%AE%BA%E6%96%87or%E5%8D%9A%E5%A3%AB%E8%AE%BA%E6%96%87%E6%A8%A1%E6%9D%BF/tactile-presentation-prototype/node_modules/vite/dist/node/chunks/dep-CfG9u7Cn.js:46061:37
      at async Promise.all (index 5)
      at async TransformPluginContext.transform (file:///D:/%E5%85%B6%E4%BB%96/%E7%A0%94%E7%A9%B6%E7%94%9F%E4%BA%8B%E5%8A%A1/%E7%BB%BC%E5%90%88%E8%80%83%E8%AF%95/%E7%BB%BC%E5%90%88%E8%80%83%E8%AF%95%E8%AE%BA%E6%96%87or%E5%8D%9A%E5%A3%AB%E8%AE%BA%E6%96%87%E6%A8%A1%E6%9D%BF/tactile-presentation-prototype/node_modules/vite/dist/node/chunks/dep-CfG9u7Cn.js:45988:7)
      at async EnvironmentPluginContainer.transform (file:///D:/%E5%85%B6%E4%BB%96/%E7%A0%94%E7%A9%B6%E7%94%9F%E4%BA%8B%E5%8A%A1/%E7%BB%BC%E5%90%88%E8%80%83%E8%AF%95/%E7%BB%BC%E5%90%88%E8%80%83%E8%AF%95%E8%AE%BA%E6%96%87or%E5%8D%9A%E5%A3%AB%E8%AE%BA%E6%96%87%E6%A8%A1%E6%9D%BF/tactile-presentation-prototype/node_modules/vite/dist/node/chunks/dep-CfG9u7Cn.js:47597:18)
      at async loadAndTransform (file:///D:/%E5%85%B6%E4%BB%96/%E7%A0%94%E7%A9%B6%E7%94%9F%E4%BA%8B%E5%8A%A1/%E7%BB%BC%E5%90%88%E8%80%83%E8%AF%95/%E7%BB%BC%E5%90%88%E8%80%83%E8%AF%95%E8%AE%BA%E6%96%87or%E5%8D%9A%E5%A3%AB%E8%AE%BA%E6%96%87%E6%A8%A1%E6%9D%BF/tactile-presentation-prototype/node_modules/vite/dist/node/chunks/dep-CfG9u7Cn.js:41305:27)
      at async viteTransformMiddleware (file:///D:/%E5%85%B6%E4%BB%96/%E7%A0%94%E7%A9%B6%E7%94%9F%E4%BA%8B%E5%8A%A1/%E7%BB%BC%E5%90%88%E8%80%83%E8%AF%95/%E7%BB%BC%E5%90%88%E8%80%83%E8%AF%95%E8%AE%BA%E6%96%87or%E5%8D%9A%E5%A3%AB%E8%AE%BA%E6%96%87%E6%A8%A1%E6%9D%BF/tactile-presentation-prototype/node_modules/vite/dist/node/chunks/dep-CfG9u7Cn.js:42761:24)
[2m16:45:54[22m [31m[1m[vite][22m[39m [31mInternal server error: Failed to resolve import "./bib_entries.json" from "src/App.tsx". Does the file exist?[39m
  Plugin: [35mvite:import-analysis[39m
  File: [36mD:/其他/研究生事务/综合考试/综合考试论文or博士论文模板/tactile-presentation-prototype/src/App.tsx[39m:4:23
[33m  18 |  import { useCallback, useEffect, useLayoutEffect, useMemo, useRef, useState } from "react";
  19 |  import { pipeline, sensors, slides, tasks, zoneNames } from "./content";
  20 |  import bibEntries from "./bib_entries.json";
     |                          ^
  21 |  const bibliography = bibEntries;
  22 |  function formatAuthors(value) {[39m
      at TransformPluginContext._formatLog (file:///D:/%E5%85%B6%E4%BB%96/%E7%A0%94%E7%A9%B6%E7%94%9F%E4%BA%8B%E5%8A%A1/%E7%BB%BC%E5%90%88%E8%80%83%E8%AF%95/%E7%BB%BC%E5%90%88%E8%80%83%E8%AF%95%E8%AE%BA%E6%96%87or%E5%8D%9A%E5%A3%AB%E8%AE%BA%E6%96%87%E6%A8%A1%E6%9D%BF/tactile-presentation-prototype/node_modules/vite/dist/node/chunks/dep-CfG9u7Cn.js:47802:41)
      at TransformPluginContext.error (file:///D:/%E5%85%B6%E4%BB%96/%E7%A0%94%E7%A9%B6%E7%94%9F%E4%BA%8B%E5%8A%A1/%E7%BB%BC%E5%90%88%E8%80%83%E8%AF%95/%E7%BB%BC%E5%90%88%E8%80%83%E8%AF%95%E8%AE%BA%E6%96%87or%E5%8D%9A%E5%A3%AB%E8%AE%BA%E6%96%87%E6%A8%A1%E6%9D%BF/tactile-presentation-prototype/node_modules/vite/dist/node/chunks/dep-CfG9u7Cn.js:47799:16)
      at normalizeUrl (file:///D:/%E5%85%B6%E4%BB%96/%E7%A0%94%E7%A9%B6%E7%94%9F%E4%BA%8B%E5%8A%A1/%E7%BB%BC%E5%90%88%E8%80%83%E8%AF%95/%E7%BB%BC%E5%90%88%E8%80%83%E8%AF%95%E8%AE%BA%E6%96%87or%E5%8D%9A%E5%A3%AB%E8%AE%BA%E6%96%87%E6%A8%A1%E6%9D%BF/tactile-presentation-prototype/node_modules/vite/dist/node/chunks/dep-CfG9u7Cn.js:45942:23)
      at process.processTicksAndRejections (node:internal/process/task_queues:105:5)
      at async file:///D:/%E5%85%B6%E4%BB%96/%E7%A0%94%E7%A9%B6%E7%94%9F%E4%BA%8B%E5%8A%A1/%E7%BB%BC%E5%90%88%E8%80%83%E8%AF%95/%E7%BB%BC%E5%90%88%E8%80%83%E8%AF%95%E8%AE%BA%E6%96%87or%E5%8D%9A%E5%A3%AB%E8%AE%BA%E6%96%87%E6%A8%A1%E6%9D%BF/tactile-presentation-prototype/node_modules/vite/dist/node/chunks/dep-CfG9u7Cn.js:46061:37
      at async Promise.all (index 5)
      at async TransformPluginContext.transform (file:///D:/%E5%85%B6%E4%BB%96/%E7%A0%94%E7%A9%B6%E7%94%9F%E4%BA%8B%E5%8A%A1/%E7%BB%BC%E5%90%88%E8%80%83%E8%AF%95/%E7%BB%BC%E5%90%88%E8%80%83%E8%AF%95%E8%AE%BA%E6%96%87or%E5%8D%9A%E5%A3%AB%E8%AE%BA%E6%96%87%E6%A8%A1%E6%9D%BF/tactile-presentation-prototype/node_modules/vite/dist/node/chunks/dep-CfG9u7Cn.js:45988:7)
      at async EnvironmentPluginContainer.transform (file:///D:/%E5%85%B6%E4%BB%96/%E7%A0%94%E7%A9%B6%E7%94%9F%E4%BA%8B%E5%8A%A1/%E7%BB%BC%E5%90%88%E8%80%83%E8%AF%95/%E7%BB%BC%E5%90%88%E8%80%83%E8%AF%95%E8%AE%BA%E6%96%87or%E5%8D%9A%E5%A3%AB%E8%AE%BA%E6%96%87%E6%A8%A1%E6%9D%BF/tactile-presentation-prototype/node_modules/vite/dist/node/chunks/dep-CfG9u7Cn.js:47597:18)
      at async loadAndTransform (file:///D:/%E5%85%B6%E4%BB%96/%E7%A0%94%E7%A9%B6%E7%94%9F%E4%BA%8B%E5%8A%A1/%E7%BB%BC%E5%90%88%E8%80%83%E8%AF%95/%E7%BB%BC%E5%90%88%E8%80%83%E8%AF%95%E8%AE%BA%E6%96%87or%E5%8D%9A%E5%A3%AB%E8%AE%BA%E6%96%87%E6%A8%A1%E6%9D%BF/tactile-presentation-prototype/node_modules/vite/dist/node/chunks/dep-CfG9u7Cn.js:41305:27)
      at async viteTransformMiddleware (file:///D:/%E5%85%B6%E4%BB%96/%E7%A0%94%E7%A9%B6%E7%94%9F%E4%BA%8B%E5%8A%A1/%E7%BB%BC%E5%90%88%E8%80%83%E8%AF%95/%E7%BB%BC%E5%90%88%E8%80%83%E8%AF%95%E8%AE%BA%E6%96%87or%E5%8D%9A%E5%A3%AB%E8%AE%BA%E6%96%87%E6%A8%A1%E6%9D%BF/tactile-presentation-prototype/node_modules/vite/dist/node/chunks/dep-CfG9u7Cn.js:42761:24)
[2m16:45:55[22m [31m[1m[vite][22m[39m [31mInternal server error: Failed to resolve import "./bib_entries.json" from "src/App.tsx". Does the file exist?[39m
  Plugin: [35mvite:import-analysis[39m
  File: [36mD:/其他/研究生事务/综合考试/综合考试论文or博士论文模板/tactile-presentation-prototype/src/App.tsx[39m:4:23
[33m  18 |  import { useCallback, useEffect, useLayoutEffect, useMemo, useRef, useState } from "react";
  19 |  import { pipeline, sensors, slides, tasks, zoneNames } from "./content";
  20 |  import bibEntries from "./bib_entries.json";
     |                          ^
  21 |  const bibliography = bibEntries;
  22 |  function formatAuthors(value) {[39m
      at TransformPluginContext._formatLog (file:///D:/%E5%85%B6%E4%BB%96/%E7%A0%94%E7%A9%B6%E7%94%9F%E4%BA%8B%E5%8A%A1/%E7%BB%BC%E5%90%88%E8%80%83%E8%AF%95/%E7%BB%BC%E5%90%88%E8%80%83%E8%AF%95%E8%AE%BA%E6%96%87or%E5%8D%9A%E5%A3%AB%E8%AE%BA%E6%96%87%E6%A8%A1%E6%9D%BF/tactile-presentation-prototype/node_modules/vite/dist/node/chunks/dep-CfG9u7Cn.js:47802:41)
      at TransformPluginContext.error (file:///D:/%E5%85%B6%E4%BB%96/%E7%A0%94%E7%A9%B6%E7%94%9F%E4%BA%8B%E5%8A%A1/%E7%BB%BC%E5%90%88%E8%80%83%E8%AF%95/%E7%BB%BC%E5%90%88%E8%80%83%E8%AF%95%E8%AE%BA%E6%96%87or%E5%8D%9A%E5%A3%AB%E8%AE%BA%E6%96%87%E6%A8%A1%E6%9D%BF/tactile-presentation-prototype/node_modules/vite/dist/node/chunks/dep-CfG9u7Cn.js:47799:16)
      at normalizeUrl (file:///D:/%E5%85%B6%E4%BB%96/%E7%A0%94%E7%A9%B6%E7%94%9F%E4%BA%8B%E5%8A%A1/%E7%BB%BC%E5%90%88%E8%80%83%E8%AF%95/%E7%BB%BC%E5%90%88%E8%80%83%E8%AF%95%E8%AE%BA%E6%96%87or%E5%8D%9A%E5%A3%AB%E8%AE%BA%E6%96%87%E6%A8%A1%E6%9D%BF/tactile-presentation-prototype/node_modules/vite/dist/node/chunks/dep-CfG9u7Cn.js:45942:23)
      at process.processTicksAndRejections (node:internal/process/task_queues:105:5)
      at async file:///D:/%E5%85%B6%E4%BB%96/%E7%A0%94%E7%A9%B6%E7%94%9F%E4%BA%8B%E5%8A%A1/%E7%BB%BC%E5%90%88%E8%80%83%E8%AF%95/%E7%BB%BC%E5%90%88%E8%80%83%E8%AF%95%E8%AE%BA%E6%96%87or%E5%8D%9A%E5%A3%AB%E8%AE%BA%E6%96%87%E6%A8%A1%E6%9D%BF/tactile-presentation-prototype/node_modules/vite/dist/node/chunks/dep-CfG9u7Cn.js:46061:37
      at async Promise.all (index 5)
      at async TransformPluginContext.transform (file:///D:/%E5%85%B6%E4%BB%96/%E7%A0%94%E7%A9%B6%E7%94%9F%E4%BA%8B%E5%8A%A1/%E7%BB%BC%E5%90%88%E8%80%83%E8%AF%95/%E7%BB%BC%E5%90%88%E8%80%83%E8%AF%95%E8%AE%BA%E6%96%87or%E5%8D%9A%E5%A3%AB%E8%AE%BA%E6%96%87%E6%A8%A1%E6%9D%BF/tactile-presentation-prototype/node_modules/vite/dist/node/chunks/dep-CfG9u7Cn.js:45988:7)
      at async EnvironmentPluginContainer.transform (file:///D:/%E5%85%B6%E4%BB%96/%E7%A0%94%E7%A9%B6%E7%94%9F%E4%BA%8B%E5%8A%A1/%E7%BB%BC%E5%90%88%E8%80%83%E8%AF%95/%E7%BB%BC%E5%90%88%E8%80%83%E8%AF%95%E8%AE%BA%E6%96%87or%E5%8D%9A%E5%A3%AB%E8%AE%BA%E6%96%87%E6%A8%A1%E6%9D%BF/tactile-presentation-prototype/node_modules/vite/dist/node/chunks/dep-CfG9u7Cn.js:47597:18)
      at async loadAndTransform (file:///D:/%E5%85%B6%E4%BB%96/%E7%A0%94%E7%A9%B6%E7%94%9F%E4%BA%8B%E5%8A%A1/%E7%BB%BC%E5%90%88%E8%80%83%E8%AF%95/%E7%BB%BC%E5%90%88%E8%80%83%E8%AF%95%E8%AE%BA%E6%96%87or%E5%8D%9A%E5%A3%AB%E8%AE%BA%E6%96%87%E6%A8%A1%E6%9D%BF/tactile-presentation-prototype/node_modules/vite/dist/node/chunks/dep-CfG9u7Cn.js:41305:27)
      at async viteTransformMiddleware (file:///D:/%E5%85%B6%E4%BB%96/%E7%A0%94%E7%A9%B6%E7%94%9F%E4%BA%8B%E5%8A%A1/%E7%BB%BC%E5%90%88%E8%80%83%E8%AF%95/%E7%BB%BC%E5%90%88%E8%80%83%E8%AF%95%E8%AE%BA%E6%96%87or%E5%8D%9A%E5%A3%AB%E8%AE%BA%E6%96%87%E6%A8%A1%E6%9D%BF/tactile-presentation-prototype/node_modules/vite/dist/node/chunks/dep-CfG9u7Cn.js:42761:24)
[2m16:46:58[22m [36m[1m[vite][22m[39m [90m[2m(client)[22m[39m [32mhmr update [39m[2m/src/styles.css[22m
[2m16:48:38[22m [36m[1m[vite][22m[39m [90m[2m(client)[22m[39m [32mpage reload [39m[2msrc/bib_entries.json[22m
[2m11:57:41[22m [36m[1m[vite][22m[39m [90m[2m(client)[22m[39m [32mhmr update [39m[2m/src/App.tsx[22m
